ISO-10303-21;
HEADER;
FILE_DESCRIPTION (( 'STEP AP214' ),
    '1' );
FILE_NAME ('Same_Sky_SLW-1575662-5A-S-D.step',
    '2025-01-07T19:05:10',
    ( '' ),
    ( '' ),
    'SwSTEP 2.0',
    'SolidWorks 2024',
    '' );
FILE_SCHEMA (( 'AUTOMOTIVE_DESIGN' ));
ENDSEC;

DATA;
#1 = VECTOR ( 'NONE', #463, 39.37007874015748143 ) ;
#2 = CARTESIAN_POINT ( 'NONE',  ( 1.193856412581917326, 0.1223821989528663390, 0.06692913385826770867 ) ) ;
#3 = ORIENTED_EDGE ( 'NONE', *, *, #4825, .F. ) ;
#4 = LINE ( 'NONE', #1227, #5038 ) ;
#5 = DIRECTION ( 'NONE',  ( 1.000000000000000000, 3.973475752755394907E-14, 0.000000000000000000 ) ) ;
#6 = VERTEX_POINT ( 'NONE', #739 ) ;
#7 = EDGE_CURVE ( 'NONE', #3419, #1668, #315, .T. ) ;
#8 = AXIS2_PLACEMENT_3D ( 'NONE', #1260, #4151, #3269 ) ;
#9 = CARTESIAN_POINT ( 'NONE',  ( 1.699761924392952706, -0.01541307663766153767, -0.1259842519685039353 ) ) ;
#10 = VECTOR ( 'NONE', #3477, 39.37007874015748143 ) ;
#11 = EDGE_CURVE ( 'NONE', #182, #443, #3156, .T. ) ;
#12 = LINE ( 'NONE', #378, #3997 ) ;
#13 = AXIS2_PLACEMENT_3D ( 'NONE', #3069, #4727, #3044 ) ;
#14 = DIRECTION ( 'NONE',  ( 3.492338154230200146E-15, -1.000000000000000000, 0.000000000000000000 ) ) ;
#15 = DIRECTION ( 'NONE',  ( 0.000000000000000000, -1.000000000000000000, 0.000000000000000000 ) ) ;
#16 = FACE_OUTER_BOUND ( 'NONE', #385, .T. ) ;
#17 = VERTEX_POINT ( 'NONE', #3201 ) ;
#18 = DIRECTION ( 'NONE',  ( 0.000000000000000000, 0.000000000000000000, -1.000000000000000000 ) ) ;
#19 = VERTEX_POINT ( 'NONE', #2374 ) ;
#20 = LINE ( 'NONE', #1319, #4424 ) ;
#21 = ORIENTED_EDGE ( 'NONE', *, *, #1281, .F. ) ;
#22 = EDGE_CURVE ( 'NONE', #399, #5045, #3180, .T. ) ;
#23 = LINE ( 'NONE', #4904, #606 ) ;
#24 = ORIENTED_EDGE ( 'NONE', *, *, #1903, .F. ) ;
#25 = ORIENTED_EDGE ( 'NONE', *, *, #4187, .F. ) ;
#26 = PLANE ( 'NONE',  #2545 ) ;
#27 = ORIENTED_EDGE ( 'NONE', *, *, #326, .F. ) ;
#28 = CARTESIAN_POINT ( 'NONE',  ( 1.510897080430677164, -0.05084614750383433662, 0.1259842519685039353 ) ) ;
#29 = ADVANCED_FACE ( 'NONE', ( #4006 ), #366, .F. ) ;
#30 = PLANE ( 'NONE',  #3169 ) ;
#31 = DIRECTION ( 'NONE',  ( 0.000000000000000000, 0.000000000000000000, -1.000000000000000000 ) ) ;
#32 = PLANE ( 'NONE',  #1684 ) ;
#33 = VERTEX_POINT ( 'NONE', #4781 ) ;
#34 = FACE_OUTER_BOUND ( 'NONE', #852, .T. ) ;
#35 = ORIENTED_EDGE ( 'NONE', *, *, #4430, .T. ) ;
#36 = LINE ( 'NONE', #3240, #2877 ) ;
#37 = CARTESIAN_POINT ( 'NONE',  ( 1.140706806282704822, 0.03970503359853590208, -0.1102362204724409434 ) ) ;
#38 = FACE_BOUND ( 'NONE', #4133, .T. ) ;
#39 = CARTESIAN_POINT ( 'NONE',  ( 1.138849836336185195, -0.01541307663768504144, 0.1102362204724409434 ) ) ;
#40 = ADVANCED_FACE ( 'NONE', ( #4433 ), #4828, .F. ) ;
#41 = CARTESIAN_POINT ( 'NONE',  ( 1.140706806282716590, -0.05478315537781906774, -0.1102362204724409434 ) ) ;
#42 = ORIENTED_EDGE ( 'NONE', *, *, #3112, .T. ) ;
#43 = CARTESIAN_POINT ( 'NONE',  ( 1.233226491322074958, 0.3113585769056220753, 0.05905511811023622659 ) ) ;
#44 = ORIENTED_EDGE ( 'NONE', *, *, #2385, .T. ) ;
#45 = LINE ( 'NONE', #4975, #924 ) ;
#46 = ORIENTED_EDGE ( 'NONE', *, *, #499, .F. ) ;
#47 = EDGE_CURVE ( 'NONE', #4068, #4098, #4806, .T. ) ;
#48 = FACE_OUTER_BOUND ( 'NONE', #1648, .T. ) ;
#49 = ORIENTED_EDGE ( 'NONE', *, *, #2985, .F. ) ;
#50 = ORIENTED_EDGE ( 'NONE', *, *, #11, .T. ) ;
#51 =( LENGTH_UNIT ( ) NAMED_UNIT ( * ) SI_UNIT ( $, .METRE. ) );
#52 = ORIENTED_EDGE ( 'NONE', *, *, #2359, .F. ) ;
#53 = VECTOR ( 'NONE', #5131, 39.37007874015748143 ) ;
#54 = LINE ( 'NONE', #4515, #3988 ) ;
#55 = FACE_OUTER_BOUND ( 'NONE', #1766, .T. ) ;
#56 = LINE ( 'NONE', #1685, #3695 ) ;
#57 = DIRECTION ( 'NONE',  ( 0.000000000000000000, 1.000000000000000000, 0.000000000000000000 ) ) ;
#58 = ORIENTED_EDGE ( 'NONE', *, *, #2162, .F. ) ;
#59 = VECTOR ( 'NONE', #3650, 39.37007874015748143 ) ;
#60 = ADVANCED_FACE ( 'NONE', ( #1167 ), #339, .T. ) ;
#61 = VECTOR ( 'NONE', #2112, 39.37007874015748143 ) ;
#62 = CARTESIAN_POINT ( 'NONE',  ( 1.646723852084220674, -0.08627921836996831073, -0.1259842519685039353 ) ) ;
#63 = LINE ( 'NONE', #3242, #3499 ) ;
#64 = VECTOR ( 'NONE', #191, 39.37007874015748143 ) ;
#65 = EDGE_CURVE ( 'NONE', #3416, #5088, #2399, .T. ) ;
#66 = LINE ( 'NONE', #1608, #3041 ) ;
#67 = PLANE ( 'NONE',  #1715 ) ;
#68 = VECTOR ( 'NONE', #1326, 39.37007874015748143 ) ;
#69 = DIRECTION ( 'NONE',  ( 0.000000000000000000, 1.000000000000000000, 0.000000000000000000 ) ) ;
#70 = DIRECTION ( 'NONE',  ( 0.000000000000000000, 0.000000000000000000, -1.000000000000000000 ) ) ;
#71 = ORIENTED_EDGE ( 'NONE', *, *, #2949, .T. ) ;
#72 = PLANE ( 'NONE',  #579 ) ;
#73 = ORIENTED_EDGE ( 'NONE', *, *, #687, .T. ) ;
#74 = EDGE_CURVE ( 'NONE', #296, #2932, #1143, .T. ) ;
#75 = VECTOR ( 'NONE', #3686, 39.37007874015748143 ) ;
#76 = CARTESIAN_POINT ( 'NONE',  ( 1.589525703920500188, 0.1223821989528586507, -0.06692913385826770867 ) ) ;
#77 = ORIENTED_EDGE ( 'NONE', *, *, #194, .T. ) ;
#78 = ORIENTED_EDGE ( 'NONE', *, *, #1213, .F. ) ;
#79 = DIRECTION ( 'NONE',  ( 5.349805401075520370E-31, -4.336808689941989386E-17, 1.000000000000000000 ) ) ;
#80 = ORIENTED_EDGE ( 'NONE', *, *, #4402, .F. ) ;
#81 = EDGE_CURVE ( 'NONE', #1788, #996, #1061, .T. ) ;
#82 = LINE ( 'NONE', #425, #2018 ) ;
#83 = CARTESIAN_POINT ( 'NONE',  ( 1.699761924392941159, 0.1184451910788504175, 0.1102362204724409434 ) ) ;
#84 = CARTESIAN_POINT ( 'NONE',  ( 1.251059457582212708, -0.2093104702001736261, -0.04133858267716536417 ) ) ;
#85 = LINE ( 'NONE', #2995, #5258 ) ;
#86 = VERTEX_POINT ( 'NONE', #3101 ) ;
#87 = CYLINDRICAL_SURFACE ( 'NONE', #96, 0.009845000097158516927 ) ;
#88 = ADVANCED_FACE ( 'NONE', ( #4728 ), #2698, .T. ) ;
#89 = VECTOR ( 'NONE', #1263, 39.37007874015748143 ) ;
#90 = LINE ( 'NONE', #1718, #2651 ) ;
#91 = VECTOR ( 'NONE', #1609, 39.37007874015748143 ) ;
#92 = CARTESIAN_POINT ( 'NONE',  ( 1.296218617306338805, -0.01541307663766153767, 0.1102362204724409434 ) ) ;
#93 = CARTESIAN_POINT ( 'NONE',  ( 1.510897080430677164, -0.05084614750383433662, 0.1102362204724409434 ) ) ;
#94 = EDGE_CURVE ( 'NONE', #3487, #3666, #2300, .T. ) ;
#95 = DIRECTION ( 'NONE',  ( 0.000000000000000000, 1.000000000000000000, 0.000000000000000000 ) ) ;
#96 = AXIS2_PLACEMENT_3D ( 'NONE', #3349, #1743, #1312 ) ;
#97 = CARTESIAN_POINT ( 'NONE',  ( 1.268659562188216627, 0.1066341674568033471, 0.1102362204724409434 ) ) ;
#98 = ORIENTED_EDGE ( 'NONE', *, *, #2910, .T. ) ;
#99 = CARTESIAN_POINT ( 'NONE',  ( 1.069840664550421261, 0.1184451910788504175, 0.1102362204724409434 ) ) ;
#100 = VECTOR ( 'NONE', #3661, 39.37007874015748143 ) ;
#101 = CARTESIAN_POINT ( 'NONE',  ( 1.081651688172472481, -0.08627921836996831073, -0.1102362204724409434 ) ) ;
#102 = EDGE_CURVE ( 'NONE', #3013, #296, #267, .T. ) ;
#103 = VERTEX_POINT ( 'NONE', #2778 ) ;
#104 = ORIENTED_EDGE ( 'NONE', *, *, #2162, .T. ) ;
#105 = DIRECTION ( 'NONE',  ( 1.000000000000000000, -1.132880637372604036E-14, 0.000000000000000000 ) ) ;
#106 = ORIENTED_EDGE ( 'NONE', *, *, #4373, .F. ) ;
#107 = CIRCLE ( 'NONE', #1466, 0.009845000097158516927 ) ;
#108 = CARTESIAN_POINT ( 'NONE',  ( 1.351336727542547411, 0.3113585769056220753, 0.05905511811023622659 ) ) ;
#109 = CARTESIAN_POINT ( 'NONE',  ( 1.296218617306338805, -0.01541307663766153767, -0.1102362204724409434 ) ) ;
#110 = EDGE_CURVE ( 'NONE', #4590, #1268, #4405, .T. ) ;
#111 = DIRECTION ( 'NONE',  ( 0.000000000000000000, -1.000000000000000000, 0.000000000000000000 ) ) ;
#112 = CARTESIAN_POINT ( 'NONE',  ( 1.644760244983787700, -0.2093104702001736261, 0.05708661417322834220 ) ) ;
#113 = ORIENTED_EDGE ( 'NONE', *, *, #2268, .T. ) ;
#114 = FACE_OUTER_BOUND ( 'NONE', #3738, .T. ) ;
#115 = LINE ( 'NONE', #1849, #2049 ) ;
#116 = LINE ( 'NONE', #4180, #1362 ) ;
#117 = FACE_OUTER_BOUND ( 'NONE', #929, .T. ) ;
#118 = CARTESIAN_POINT ( 'NONE',  ( 1.233226491322074958, 0.03970503359852826930, -0.1102362204724409434 ) ) ;
#119 = VERTEX_POINT ( 'NONE', #1909 ) ;
#120 = DIRECTION ( 'NONE',  ( 1.000000000000000000, 0.000000000000000000, 0.000000000000000000 ) ) ;
#121 = EDGE_CURVE ( 'NONE', #5109, #821, #2737, .T. ) ;
#122 = EDGE_CURVE ( 'NONE', #3152, #126, #3595, .T. ) ;
#123 = DIRECTION ( 'NONE',  ( 0.7071067811865280328, -0.7071067811865670016, 0.000000000000000000 ) ) ;
#124 = CARTESIAN_POINT ( 'NONE',  ( 1.489132003133110338, -0.01541307663766153767, -0.1102362204724409434 ) ) ;
#125 = ORIENTED_EDGE ( 'NONE', *, *, #121, .T. ) ;
#126 = VERTEX_POINT ( 'NONE', #3540 ) ;
#127 = CARTESIAN_POINT ( 'NONE',  ( 1.296218617306338805, -0.01541307663766153767, 0.1102362204724409434 ) ) ;
#128 = ORIENTED_EDGE ( 'NONE', *, *, #3918, .T. ) ;
#129 = FACE_OUTER_BOUND ( 'NONE', #5114, .T. ) ;
#130 = ORIENTED_EDGE ( 'NONE', *, *, #7, .F. ) ;
#131 = CARTESIAN_POINT ( 'NONE',  ( 1.081651688172472481, -0.08627921836996831073, 0.1102362204724409434 ) ) ;
#132 = DIRECTION ( 'NONE',  ( 0.000000000000000000, 0.000000000000000000, -1.000000000000000000 ) ) ;
#133 = ORIENTED_EDGE ( 'NONE', *, *, #2923, .F. ) ;
#134 = AXIS2_PLACEMENT_3D ( 'NONE', #3188, #1102, #1931 ) ;
#135 = EDGE_CURVE ( 'NONE', #5249, #1804, #699, .T. ) ;
#136 = SURFACE_STYLE_FILL_AREA ( #539 ) ;
#137 = VECTOR ( 'NONE', #4627, 39.37007874015748143 ) ;
#138 = VERTEX_POINT ( 'NONE', #2283 ) ;
#139 = DIRECTION ( 'NONE',  ( 0.000000000000000000, 1.000000000000000000, -9.680376540049299926E-18 ) ) ;
#140 = EDGE_CURVE ( 'NONE', #4247, #3907, #1851, .T. ) ;
#141 = VECTOR ( 'NONE', #827, 39.37007874015748143 ) ;
#142 = LINE ( 'NONE', #2208, #772 ) ;
#143 = VECTOR ( 'NONE', #3382, 39.37007874015748143 ) ;
#144 = DIRECTION ( 'NONE',  ( 0.000000000000000000, 1.000000000000000000, 0.000000000000000000 ) ) ;
#145 = ORIENTED_EDGE ( 'NONE', *, *, #1474, .T. ) ;
#146 = PLANE ( 'NONE',  #4172 ) ;
#147 = DIRECTION ( 'NONE',  ( -1.000000000000000000, 5.551115123125780178E-14, -5.373688460901970955E-31 ) ) ;
#148 = DIRECTION ( 'NONE',  ( 0.000000000000000000, 1.000000000000000000, 0.000000000000000000 ) ) ;
#149 = VECTOR ( 'NONE', #1841, 39.37007874015748143 ) ;
#150 = DIRECTION ( 'NONE',  ( -0.000000000000000000, 1.000000000000000000, 0.000000000000000000 ) ) ;
#151 = ORIENTED_EDGE ( 'NONE', *, *, #2453, .F. ) ;
#152 = VERTEX_POINT ( 'NONE', #2683 ) ;
#153 = EDGE_CURVE ( 'NONE', #1864, #1229, #4765, .T. ) ;
#154 = LINE ( 'NONE', #1785, #4081 ) ;
#155 = ORIENTED_EDGE ( 'NONE', *, *, #3026, .F. ) ;
#156 = VECTOR ( 'NONE', #1560, 39.37007874015748143 ) ;
#157 = ORIENTED_EDGE ( 'NONE', *, *, #4535, .T. ) ;
#158 = CARTESIAN_POINT ( 'NONE',  ( 1.428219883082518571, -0.2092853712438586533, -0.04133858267716536417 ) ) ;
#159 = ORIENTED_EDGE ( 'NONE', *, *, #4764, .F. ) ;
#160 = CARTESIAN_POINT ( 'NONE',  ( 1.235194995259094597, -0.05478315537781906774, 0.1259842519685039353 ) ) ;
#161 = EDGE_CURVE ( 'NONE', #4273, #1824, #298, .T. ) ;
#162 = CARTESIAN_POINT ( 'NONE',  ( 1.233226491322078733, 0.1066341674568033471, 0.1259842519685039353 ) ) ;
#163 = VERTEX_POINT ( 'NONE', #1879 ) ;
#164 = DIRECTION ( 'NONE',  ( 0.000000000000000000, 1.000000000000000000, 0.000000000000000000 ) ) ;
#165 = CARTESIAN_POINT ( 'NONE',  ( 1.625070276783306067, -0.2092853712438586533, -0.04133858267716536417 ) ) ;
#166 = ADVANCED_FACE ( 'NONE', ( #1551 ), #4392, .T. ) ;
#167 = ORIENTED_EDGE ( 'NONE', *, *, #389, .T. ) ;
#168 = CARTESIAN_POINT ( 'NONE',  ( 1.233226491322078733, 0.1066341674568033471, -0.1102362204724409434 ) ) ;
#169 = CARTESIAN_POINT ( 'NONE',  ( 1.438064883179677178, -0.2092853712438586533, 0.1259842519685039353 ) ) ;
#170 = VECTOR ( 'NONE', #1799, 39.37007874015748143 ) ;
#171 = ADVANCED_FACE ( 'NONE', ( #1476 ), #2357, .F. ) ;
#172 = DIRECTION ( 'NONE',  ( 0.000000000000000000, 0.000000000000000000, 1.000000000000000000 ) ) ;
#173 = EDGE_LOOP ( 'NONE', ( #4028, #4724, #1687, #554 ) ) ;
#174 = LINE ( 'NONE', #1022, #1096 ) ;
#175 = AXIS2_PLACEMENT_3D ( 'NONE', #4127, #1231, #2435 ) ;
#176 = LINE ( 'NONE', #1807, #4153 ) ;
#177 = DIRECTION ( 'NONE',  ( 1.000000000000000000, 0.000000000000000000, 0.000000000000000000 ) ) ;
#178 = VECTOR ( 'NONE', #4645, 39.37007874015748143 ) ;
#179 = ORIENTED_EDGE ( 'NONE', *, *, #4573, .F. ) ;
#180 = ORIENTED_EDGE ( 'NONE', *, *, #1652, .T. ) ;
#181 = DIRECTION ( 'NONE',  ( 0.000000000000000000, 0.000000000000000000, -1.000000000000000000 ) ) ;
#182 = VERTEX_POINT ( 'NONE', #724 ) ;
#183 = VECTOR ( 'NONE', #4054, 39.37007874015748143 ) ;
#184 = CARTESIAN_POINT ( 'NONE',  ( 1.715509955889016336, -0.05478315537781906774, -0.1102362204724409434 ) ) ;
#185 = EDGE_CURVE ( 'NONE', #3687, #3959, #670, .T. ) ;
#186 = ORIENTED_EDGE ( 'NONE', *, *, #513, .F. ) ;
#187 = LINE ( 'NONE', #1817, #2998 ) ;
#188 = EDGE_LOOP ( 'NONE', ( #4930, #4244, #1058, #4674, #510 ) ) ;
#189 = LINE ( 'NONE', #2542, #2327 ) ;
#190 = VECTOR ( 'NONE', #4397, 39.37007874015748143 ) ;
#191 = DIRECTION ( 'NONE',  ( 0.000000000000000000, 0.000000000000000000, 1.000000000000000000 ) ) ;
#192 = ORIENTED_EDGE ( 'NONE', *, *, #2690, .F. ) ;
#193 = CARTESIAN_POINT ( 'NONE',  ( 1.634915276880464452, -0.2092853712438586533, -0.1259842519685039353 ) ) ;
#194 = EDGE_CURVE ( 'NONE', #847, #2829, #2711, .T. ) ;
#195 =( GEOMETRIC_REPRESENTATION_CONTEXT ( 3 ) GLOBAL_UNCERTAINTY_ASSIGNED_CONTEXT ( ( #3598 ) ) GLOBAL_UNIT_ASSIGNED_CONTEXT ( ( #3071, #2325, #2347 ) ) REPRESENTATION_CONTEXT ( 'NONE', 'WORKASPACE' ) );
#196 = SURFACE_SIDE_STYLE ('',( #136 ) ) ;
#197 = ORIENTED_EDGE ( 'NONE', *, *, #1903, .T. ) ;
#198 = DIRECTION ( 'NONE',  ( 1.000000000000000000, 0.000000000000000000, 0.000000000000000000 ) ) ;
#199 = CARTESIAN_POINT ( 'NONE',  ( 1.625070308777141870, -0.05478315537781906774, 0.04133858267716536417 ) ) ;
#200 = FACE_OUTER_BOUND ( 'NONE', #2255, .T. ) ;
#201 = ORIENTED_EDGE ( 'NONE', *, *, #2800, .F. ) ;
#202 = DIRECTION ( 'NONE',  ( 0.000000000000000000, 0.000000000000000000, 1.000000000000000000 ) ) ;
#203 = EDGE_CURVE ( 'NONE', #2611, #4226, #751, .T. ) ;
#204 = DIRECTION ( 'NONE',  ( 0.000000000000000000, -1.000000000000000000, 0.000000000000000000 ) ) ;
#205 = LINE ( 'NONE', #2746, #3785 ) ;
#206 = ORIENTED_EDGE ( 'NONE', *, *, #758, .F. ) ;
#207 = ORIENTED_EDGE ( 'NONE', *, *, #2782, .F. ) ;
#208 = DIRECTION ( 'NONE',  ( 0.000000000000000000, 1.000000000000000000, 0.000000000000000000 ) ) ;
#209 = ORIENTED_EDGE ( 'NONE', *, *, #1982, .F. ) ;
#210 = EDGE_CURVE ( 'NONE', #1330, #2422, #3084, .T. ) ;
#211 = EDGE_LOOP ( 'NONE', ( #1411, #3957, #4460, #269 ) ) ;
#212 = CARTESIAN_POINT ( 'NONE',  ( 1.699761924392952706, -0.05478315537781906774, 0.1102362204724409434 ) ) ;
#213 = CARTESIAN_POINT ( 'NONE',  ( -1.088107366759385908, 0.1184451910788580781, 0.1102362204724409434 ) ) ;
#214 = ORIENTED_EDGE ( 'NONE', *, *, #3273, .T. ) ;
#215 = LINE ( 'NONE', #4278, #819 ) ;
#216 = DIRECTION ( 'NONE',  ( 0.000000000000000000, 1.000000000000000000, 0.000000000000000000 ) ) ;
#217 = LINE ( 'NONE', #2876, #1548 ) ;
#218 = EDGE_CURVE ( 'NONE', #3099, #1349, #1575, .T. ) ;
#219 = PLANE ( 'NONE',  #3239 ) ;
#220 = VECTOR ( 'NONE', #3460, 39.37007874015748143 ) ;
#221 = CARTESIAN_POINT ( 'NONE',  ( 1.274676607989728261, -0.05084614750382669690, 0.1102362204724409434 ) ) ;
#222 = LINE ( 'NONE', #4286, #4701 ) ;
#223 = CARTESIAN_POINT ( 'NONE',  ( 1.268659562188216627, 0.1066341674568033471, 0.1259842519685039353 ) ) ;
#224 = ORIENTED_EDGE ( 'NONE', *, *, #1705, .F. ) ;
#225 = CARTESIAN_POINT ( 'NONE',  ( 1.140706806282716590, -0.01541307663766153767, -0.1259842519685039353 ) ) ;
#226 = VECTOR ( 'NONE', #14, 39.37007874015748143 ) ;
#227 = FACE_OUTER_BOUND ( 'NONE', #3411, .T. ) ;
#228 = AXIS2_PLACEMENT_3D ( 'NONE', #3341, #2139, #4909 ) ;
#229 = LINE ( 'NONE', #5082, #2319 ) ;
#230 = EDGE_LOOP ( 'NONE', ( #3983, #1755, #3673, #3253, #2264 ) ) ;
#231 = VERTEX_POINT ( 'NONE', #1983 ) ;
#232 = EDGE_CURVE ( 'NONE', #1550, #504, #3212, .T. ) ;
#233 = LINE ( 'NONE', #4723, #2459 ) ;
#234 = ORIENTED_EDGE ( 'NONE', *, *, #5129, .T. ) ;
#235 = CIRCLE ( 'NONE', #4417, 0.009845000097158516927 ) ;
#236 = VERTEX_POINT ( 'NONE', #352 ) ;
#237 = FACE_OUTER_BOUND ( 'NONE', #3362, .T. ) ;
#238 = VECTOR ( 'NONE', #3229, 39.37007874015748143 ) ;
#239 = EDGE_CURVE ( 'NONE', #1219, #2422, #2815, .T. ) ;
#240 = CARTESIAN_POINT ( 'NONE',  ( 1.699761924392952706, -0.05478315537781906774, 0.1102362204724409434 ) ) ;
#241 = VERTEX_POINT ( 'NONE', #3622 ) ;
#242 = AXIS2_PLACEMENT_3D ( 'NONE', #1344, #1779, #4659 ) ;
#243 = LINE ( 'NONE', #272, #1930 ) ;
#244 = CARTESIAN_POINT ( 'NONE',  ( 1.292281609432311296, 0.3310436162757008360, 0.1259842519685039353 ) ) ;
#245 = PLANE ( 'NONE',  #4872 ) ;
#246 = ORIENTED_EDGE ( 'NONE', *, *, #2048, .T. ) ;
#247 = FACE_OUTER_BOUND ( 'NONE', #2648, .T. ) ;
#248 = EDGE_CURVE ( 'NONE', #1268, #3944, #4234, .T. ) ;
#249 = DIRECTION ( 'NONE',  ( 0.000000000000000000, 0.000000000000000000, -1.000000000000000000 ) ) ;
#250 = PLANE ( 'NONE',  #1938 ) ;
#251 = ORIENTED_EDGE ( 'NONE', *, *, #4251, .T. ) ;
#252 = DIRECTION ( 'NONE',  ( 0.000000000000000000, 0.000000000000000000, 1.000000000000000000 ) ) ;
#253 = DIRECTION ( 'NONE',  ( 0.000000000000000000, 0.000000000000000000, 1.000000000000000000 ) ) ;
#254 = FACE_OUTER_BOUND ( 'NONE', #2731, .T. ) ;
#255 = VECTOR ( 'NONE', #2231, 39.37007874015748143 ) ;
#256 = EDGE_CURVE ( 'NONE', #2391, #2843, #5054, .T. ) ;
#257 = CARTESIAN_POINT ( 'NONE',  ( 1.646723852084220674, -0.01541307663768504144, -0.1102362204724409434 ) ) ;
#258 = ORIENTED_EDGE ( 'NONE', *, *, #5233, .F. ) ;
#259 = ORIENTED_EDGE ( 'NONE', *, *, #3667, .T. ) ;
#260 = VECTOR ( 'NONE', #4042, 39.37007874015748143 ) ;
#261 = LINE ( 'NONE', #2295, #2975 ) ;
#262 = ORIENTED_EDGE ( 'NONE', *, *, #1101, .F. ) ;
#263 = EDGE_CURVE ( 'NONE', #589, #2681, #4291, .T. ) ;
#264 = ORIENTED_EDGE ( 'NONE', *, *, #3539, .F. ) ;
#265 = VECTOR ( 'NONE', #1790, 39.37007874015748143 ) ;
#266 = CARTESIAN_POINT ( 'NONE',  ( 1.140706806282716590, -0.01541307663766153767, -0.1102362204724409434 ) ) ;
#267 = LINE ( 'NONE', #5199, #303 ) ;
#268 = CARTESIAN_POINT ( 'NONE',  ( 1.634915276880464452, -0.2092853712438586533, 0.05708661417322834220 ) ) ;
#269 = ORIENTED_EDGE ( 'NONE', *, *, #1622, .T. ) ;
#270 = LINE ( 'NONE', #1902, #3389 ) ;
#271 = AXIS2_PLACEMENT_3D ( 'NONE', #3148, #3092, #3846 ) ;
#272 = CARTESIAN_POINT ( 'NONE',  ( 1.268659562188216627, 0.1066341674568033471, -0.1102362204724409434 ) ) ;
#273 = ADVANCED_FACE ( 'NONE', ( #1373 ), #572, .T. ) ;
#274 = DIRECTION ( 'NONE',  ( 0.000000000000000000, 0.000000000000000000, -1.000000000000000000 ) ) ;
#275 = AXIS2_PLACEMENT_3D ( 'NONE', #4972, #439, #4948 ) ;
#276 = VERTEX_POINT ( 'NONE', #1751 ) ;
#277 = CARTESIAN_POINT ( 'NONE',  ( 1.140706806282716590, -0.05478315537781906774, 0.1417322834645669549 ) ) ;
#278 = CARTESIAN_POINT ( 'NONE',  ( 1.164328853526799490, 0.03970503359853590208, -0.1259842519685039353 ) ) ;
#279 = ORIENTED_EDGE ( 'NONE', *, *, #4195, .F. ) ;
#280 = CARTESIAN_POINT ( 'NONE',  ( 1.235306529249574847, -0.01541307663768504144, 0.1102362204724409434 ) ) ;
#281 = PLANE ( 'NONE',  #306 ) ;
#282 = CARTESIAN_POINT ( 'NONE',  ( 1.193856412581917326, 0.1341932225749063179, 0.06692913385826770867 ) ) ;
#283 = ORIENTED_EDGE ( 'NONE', *, *, #3616, .T. ) ;
#284 = VERTEX_POINT ( 'NONE', #2213 ) ;
#285 = DIRECTION ( 'NONE',  ( 0.000000000000000000, 0.000000000000000000, -1.000000000000000000 ) ) ;
#286 = ORIENTED_EDGE ( 'NONE', *, *, #3552, .F. ) ;
#287 = ADVANCED_FACE ( 'NONE', ( #3408 ), #5026, .F. ) ;
#288 = DIRECTION ( 'NONE',  ( 0.000000000000000000, 0.000000000000000000, -1.000000000000000000 ) ) ;
#289 = DIRECTION ( 'NONE',  ( 0.000000000000000000, -1.000000000000000000, 0.000000000000000000 ) ) ;
#290 = FILL_AREA_STYLE ('',( #5173 ) ) ;
#291 = ORIENTED_EDGE ( 'NONE', *, *, #1049, .T. ) ;
#292 = CARTESIAN_POINT ( 'NONE',  ( 1.510897080430677164, -0.05084614750383433662, 0.1259842519685039353 ) ) ;
#293 = FACE_OUTER_BOUND ( 'NONE', #1169, .T. ) ;
#294 = DIRECTION ( 'NONE',  ( 0.000000000000000000, 0.000000000000000000, -1.000000000000000000 ) ) ;
#295 = VERTEX_POINT ( 'NONE', #2585 ) ;
#296 = VERTEX_POINT ( 'NONE', #973 ) ;
#297 = ADVANCED_FACE ( 'NONE', ( #2608 ), #546, .F. ) ;
#298 = LINE ( 'NONE', #2791, #2436 ) ;
#299 = CARTESIAN_POINT ( 'NONE',  ( 1.235194995259094597, -0.05478315537781906774, -0.1102362204724409434 ) ) ;
#300 = DIRECTION ( 'NONE',  ( 1.000000000000000000, 0.000000000000000000, 0.000000000000000000 ) ) ;
#301 = EDGE_CURVE ( 'NONE', #2156, #3487, #176, .T. ) ;
#302 = DIRECTION ( 'NONE',  ( 4.869399230812180366E-15, 1.000000000000000000, 0.000000000000000000 ) ) ;
#303 = VECTOR ( 'NONE', #1899, 39.37007874015748143 ) ;
#304 = LINE ( 'NONE', #4346, #1760 ) ;
#305 = LINE ( 'NONE', #1236, #611 ) ;
#306 = AXIS2_PLACEMENT_3D ( 'NONE', #1053, #2316, #4819 ) ;
#307 = ORIENTED_EDGE ( 'NONE', *, *, #479, .F. ) ;
#308 = FACE_OUTER_BOUND ( 'NONE', #3605, .T. ) ;
#309 = ORIENTED_EDGE ( 'NONE', *, *, #3453, .F. ) ;
#310 = VECTOR ( 'NONE', #1651, 39.37007874015748143 ) ;
#311 = EDGE_CURVE ( 'NONE', #1229, #3378, #1395, .T. ) ;
#312 = PLANE ( 'NONE',  #1805 ) ;
#313 = ORIENTED_EDGE ( 'NONE', *, *, #2895, .T. ) ;
#314 = SHAPE_DEFINITION_REPRESENTATION ( #2071, #721 ) ;
#315 = LINE ( 'NONE', #3555, #818 ) ;
#316 = CARTESIAN_POINT ( 'NONE',  ( 1.646723852084220674, -0.08627921836996831073, 0.1102362204724409434 ) ) ;
#317 = VERTEX_POINT ( 'NONE', #3034 ) ;
#318 = VECTOR ( 'NONE', #3806, 39.37007874015748143 ) ;
#319 = PLANE ( 'NONE',  #1846 ) ;
#320 = VECTOR ( 'NONE', #5242, 39.37007874015748143 ) ;
#321 = EDGE_CURVE ( 'NONE', #2420, #4176, #3871, .T. ) ;
#322 = DIRECTION ( 'NONE',  ( 0.000000000000000000, 0.000000000000000000, -1.000000000000000000 ) ) ;
#323 = ORIENTED_EDGE ( 'NONE', *, *, #926, .F. ) ;
#324 = AXIS2_PLACEMENT_3D ( 'NONE', #2288, #597, #3379 ) ;
#325 = DIRECTION ( 'NONE',  ( -1.632680918566375160E-14, -1.000000000000000000, 0.000000000000000000 ) ) ;
#326 = EDGE_CURVE ( 'NONE', #19, #5198, #1321, .T. ) ;
#327 = DIRECTION ( 'NONE',  ( 0.000000000000000000, -1.000000000000000000, 0.000000000000000000 ) ) ;
#328 = CARTESIAN_POINT ( 'NONE',  ( 1.510897080430677164, -0.05084614750383433662, 0.1102362204724409434 ) ) ;
#329 = EDGE_CURVE ( 'NONE', #4514, #1864, #2238, .T. ) ;
#330 = PLANE ( 'NONE',  #4285 ) ;
#331 = ORIENTED_EDGE ( 'NONE', *, *, #2985, .T. ) ;
#332 = ORIENTED_EDGE ( 'NONE', *, *, #753, .T. ) ;
#333 = CARTESIAN_POINT ( 'NONE',  ( 1.699761924392952706, -0.01541307663766153767, -0.1259842519685039353 ) ) ;
#334 = VERTEX_POINT ( 'NONE', #1346 ) ;
#335 = DIRECTION ( 'NONE',  ( 0.000000000000000000, 0.000000000000000000, 1.000000000000000000 ) ) ;
#336 = CARTESIAN_POINT ( 'NONE',  ( 1.235306529249574847, -0.01541307663768504144, 0.1259842519685039353 ) ) ;
#337 = AXIS2_PLACEMENT_3D ( 'NONE', #3729, #3350, #4574 ) ;
#338 = VERTEX_POINT ( 'NONE', #3769 ) ;
#339 = PLANE ( 'NONE',  #5072 ) ;
#340 = LINE ( 'NONE', #741, #4420 ) ;
#341 = VERTEX_POINT ( 'NONE', #1421 ) ;
#342 = DIRECTION ( 'NONE',  ( 0.7071067811866059705, 0.7071067811864890640, 0.000000000000000000 ) ) ;
#343 = EDGE_CURVE ( 'NONE', #2204, #4607, #4691, .T. ) ;
#344 = VECTOR ( 'NONE', #325, 39.37007874015748143 ) ;
#345 = CARTESIAN_POINT ( 'NONE',  ( 1.294361647359807188, -0.05084614750382669690, 0.1259842519685039353 ) ) ;
#346 = PLANE ( 'NONE',  #3083 ) ;
#347 = CARTESIAN_POINT ( 'NONE',  ( 1.438064883179677178, -0.2092853712438586533, 0.04133858267716536417 ) ) ;
#348 = VECTOR ( 'NONE', #583, 39.37007874015748143 ) ;
#349 = ORIENTED_EDGE ( 'NONE', *, *, #1729, .T. ) ;
#350 = ADVANCED_FACE ( 'NONE', ( #624 ), #949, .F. ) ;
#351 = VECTOR ( 'NONE', #1994, 39.37007874015748143 ) ;
#352 = CARTESIAN_POINT ( 'NONE',  ( 1.699761924392941159, -0.08627921836996831073, -0.1102362204724409434 ) ) ;
#353 = DIRECTION ( 'NONE',  ( 0.000000000000000000, -1.000000000000000000, 0.000000000000000000 ) ) ;
#354 = VECTOR ( 'NONE', #3602, 39.37007874015748143 ) ;
#355 = CARTESIAN_POINT ( 'NONE',  ( 1.589525703920500188, 0.1223821989528586507, 0.06692913385826770867 ) ) ;
#356 = FACE_OUTER_BOUND ( 'NONE', #3891, .T. ) ;
#357 = CARTESIAN_POINT ( 'NONE',  ( 1.140706806282716590, -0.05478315537781906774, 0.1102362204724409434 ) ) ;
#358 = VERTEX_POINT ( 'NONE', #3817 ) ;
#359 = VERTEX_POINT ( 'NONE', #925 ) ;
#360 = CARTESIAN_POINT ( 'NONE',  ( 1.550267159170830578, -0.07446819474792892857, 0.1259842519685039353 ) ) ;
#361 = ORIENTED_EDGE ( 'NONE', *, *, #5105, .T. ) ;
#362 = CARTESIAN_POINT ( 'NONE',  ( 1.644643814156732331, -0.05478315537781906774, 0.1417322834645669549 ) ) ;
#363 = ADVANCED_FACE ( 'NONE', ( #523 ), #2159, .F. ) ;
#364 = DIRECTION ( 'NONE',  ( 0.000000000000000000, -1.000000000000000000, 0.000000000000000000 ) ) ;
#365 = EDGE_LOOP ( 'NONE', ( #2650, #2721, #2098, #3400 ) ) ;
#366 = PLANE ( 'NONE',  #558 ) ;
#367 = CARTESIAN_POINT ( 'NONE',  ( 1.081651688172472481, -0.08627921836996831073, 0.1259842519685039353 ) ) ;
#368 = ORIENTED_EDGE ( 'NONE', *, *, #4757, .F. ) ;
#369 = EDGE_CURVE ( 'NONE', #2582, #2127, #5001, .T. ) ;
#370 = DIRECTION ( 'NONE',  ( -1.000000000000000000, 4.869399230812180366E-15, 0.000000000000000000 ) ) ;
#371 = DIRECTION ( 'NONE',  ( 0.000000000000000000, 0.000000000000000000, 1.000000000000000000 ) ) ;
#372 = DIRECTION ( 'NONE',  ( 1.000000000000000000, 0.000000000000000000, 0.000000000000000000 ) ) ;
#373 = CARTESIAN_POINT ( 'NONE',  ( 1.550155625180354546, -0.01541307663766153767, -0.1259842519685039353 ) ) ;
#374 = ORIENTED_EDGE ( 'NONE', *, *, #490, .F. ) ;
#375 = CARTESIAN_POINT ( 'NONE',  ( 1.644760244983787700, -0.2093104702001736261, 0.04133858267716536417 ) ) ;
#376 = PLANE ( 'NONE',  #2481 ) ;
#377 = ADVANCED_FACE ( 'NONE', ( #254 ), #281, .T. ) ;
#378 = CARTESIAN_POINT ( 'NONE',  ( 1.235194995259094597, -0.01541307663766153767, 0.1417322834645669549 ) ) ;
#379 = CARTESIAN_POINT ( 'NONE',  ( 1.715509955889016336, -0.01541307663766153767, -0.1102362204724409434 ) ) ;
#380 = PLANE ( 'NONE',  #2308 ) ;
#381 = CARTESIAN_POINT ( 'NONE',  ( 1.268659562188216627, 0.03970503359852826930, -0.1102362204724409434 ) ) ;
#382 = EDGE_CURVE ( 'NONE', #3548, #3878, #4372, .T. ) ;
#383 = ORIENTED_EDGE ( 'NONE', *, *, #81, .F. ) ;
#384 = DIRECTION ( 'NONE',  ( -1.000000000000000000, 0.000000000000000000, 0.000000000000000000 ) ) ;
#385 = EDGE_LOOP ( 'NONE', ( #4435, #4697, #2961, #3820 ) ) ;
#386 = CARTESIAN_POINT ( 'NONE',  ( 1.235306529249574847, -0.01541307663768504144, -0.1102362204724409434 ) ) ;
#387 = ORIENTED_EDGE ( 'NONE', *, *, #2817, .F. ) ;
#388 = CARTESIAN_POINT ( 'NONE',  ( 1.526645111926748122, -0.05478315537781906774, -0.04133858267716536417 ) ) ;
#389 = EDGE_CURVE ( 'NONE', #526, #4118, #304, .T. ) ;
#390 = VERTEX_POINT ( 'NONE', #4396 ) ;
#391 = EDGE_LOOP ( 'NONE', ( #3, #145, #1352, #3173 ) ) ;
#392 = LINE ( 'NONE', #4034, #3825 ) ;
#393 = ORIENTED_EDGE ( 'NONE', *, *, #3290, .F. ) ;
#394 = VECTOR ( 'NONE', #4868, 39.37007874015748143 ) ;
#395 = DIRECTION ( 'NONE',  ( 0.000000000000000000, 0.000000000000000000, -1.000000000000000000 ) ) ;
#396 = DIRECTION ( 'NONE',  ( 0.000000000000000000, 0.000000000000000000, -1.000000000000000000 ) ) ;
#397 = EDGE_CURVE ( 'NONE', #334, #4401, #1767, .T. ) ;
#398 = VECTOR ( 'NONE', #4380, 39.37007874015748143 ) ;
#399 = VERTEX_POINT ( 'NONE', #4719 ) ;
#400 = DIRECTION ( 'NONE',  ( 1.000000000000000000, -5.551115123125780178E-14, 0.000000000000000000 ) ) ;
#401 = DIRECTION ( 'NONE',  ( 0.000000000000000000, 0.000000000000000000, 1.000000000000000000 ) ) ;
#402 = VERTEX_POINT ( 'NONE', #3894 ) ;
#403 = VECTOR ( 'NONE', #3933, 39.37007874015748143 ) ;
#404 = FACE_OUTER_BOUND ( 'NONE', #4087, .T. ) ;
#405 = ORIENTED_EDGE ( 'NONE', *, *, #3960, .F. ) ;
#406 = VECTOR ( 'NONE', #1950, 39.37007874015748143 ) ;
#407 = LINE ( 'NONE', #890, #678 ) ;
#408 = EDGE_CURVE ( 'NONE', #3557, #1835, #3948, .T. ) ;
#409 = CARTESIAN_POINT ( 'NONE',  ( 1.625070308777141870, -0.05478315537781142802, -0.04133858267716536417 ) ) ;
#410 = VECTOR ( 'NONE', #4079, 39.37007874015748143 ) ;
#411 = DIRECTION ( 'NONE',  ( 0.000000000000000000, 0.000000000000000000, -1.000000000000000000 ) ) ;
#412 = CARTESIAN_POINT ( 'NONE',  ( 1.428219915076354596, -0.2092602722875436805, 0.04133858267716536417 ) ) ;
#413 = VERTEX_POINT ( 'NONE', #4771 ) ;
#414 = CARTESIAN_POINT ( 'NONE',  ( 1.294361647359807188, -0.01541307663768504144, 0.1259842519685039353 ) ) ;
#415 = ORIENTED_EDGE ( 'NONE', *, *, #3518, .T. ) ;
#416 = LINE ( 'NONE', #2046, #75 ) ;
#417 = ORIENTED_EDGE ( 'NONE', *, *, #672, .F. ) ;
#418 = ADVANCED_FACE ( 'NONE', ( #1134 ), #2795, .F. ) ;
#419 = CARTESIAN_POINT ( 'NONE',  ( 1.526595899328326400, -0.2102457538030161610, -0.05708661417322834220 ) ) ;
#420 = CARTESIAN_POINT ( 'NONE',  ( 1.526595899328326400, -0.2102457538030161610, -0.04133858267716536417 ) ) ;
#421 = EDGE_LOOP ( 'NONE', ( #569, #4652, #3149, #3448 ) ) ;
#422 = ORIENTED_EDGE ( 'NONE', *, *, #2301, .F. ) ;
#423 = DIRECTION ( 'NONE',  ( 0.000000000000000000, -1.000000000000000000, 0.000000000000000000 ) ) ;
#424 = ORIENTED_EDGE ( 'NONE', *, *, #65, .F. ) ;
#425 = CARTESIAN_POINT ( 'NONE',  ( 1.193856412581917326, 0.3113585769056299024, 0.05905511811023622659 ) ) ;
#426 = VECTOR ( 'NONE', #1289, 39.37007874015748143 ) ;
#427 = CARTESIAN_POINT ( 'NONE',  ( 1.235306529249574847, -0.07446819474792892857, 0.1259842519685039353 ) ) ;
#428 = DIRECTION ( 'NONE',  ( 1.000000000000000000, -4.869399230812180366E-15, 0.000000000000000000 ) ) ;
#429 = CARTESIAN_POINT ( 'NONE',  ( 1.140706806282716590, -0.05478315537781906774, -0.1259842519685039353 ) ) ;
#430 = EDGE_LOOP ( 'NONE', ( #3093, #4694, #4644, #1468 ) ) ;
#431 = VECTOR ( 'NONE', #1018, 39.37007874015748143 ) ;
#432 = ADVANCED_FACE ( 'NONE', ( #2718 ), #1961, .F. ) ;
#433 = LINE ( 'NONE', #4840, #1881 ) ;
#434 = VECTOR ( 'NONE', #1954, 39.37007874015748143 ) ;
#435 = CARTESIAN_POINT ( 'NONE',  ( 1.371021766912626116, 0.3310436162757008360, 0.05905511811023622659 ) ) ;
#436 = CIRCLE ( 'NONE', #4197, 0.009845000097158516927 ) ;
#437 = DIRECTION ( 'NONE',  ( 0.000000000000000000, -1.000000000000000000, -3.644377050371479832E-17 ) ) ;
#438 = DIRECTION ( 'NONE',  ( 0.000000000000000000, 1.000000000000000000, 0.000000000000000000 ) ) ;
#439 = DIRECTION ( 'NONE',  ( -0.7071067811865670016, -0.7071067811865280328, 0.000000000000000000 ) ) ;
#440 = VECTOR ( 'NONE', #3620, 39.37007874015748143 ) ;
#441 = ORIENTED_EDGE ( 'NONE', *, *, #3544, .F. ) ;
#442 = CARTESIAN_POINT ( 'NONE',  ( 1.274676607989728261, -0.05084614750382669690, -0.1259842519685039353 ) ) ;
#443 = VERTEX_POINT ( 'NONE', #4423 ) ;
#444 = CARTESIAN_POINT ( 'NONE',  ( 1.438064883179677178, -0.2092853712438586533, 0.1259842519685039353 ) ) ;
#445 = ORIENTED_EDGE ( 'NONE', *, *, #2130, .T. ) ;
#446 = PRODUCT_DEFINITION_FORMATION_WITH_SPECIFIED_SOURCE ( 'ANY', '', #4879, .NOT_KNOWN. ) ;
#447 = CARTESIAN_POINT ( 'NONE',  ( 1.361179247227586764, 0.03970503359852826930, 0.1259842519685039353 ) ) ;
#448 = ADVANCED_FACE ( 'NONE', ( #649, #5214, #3170, #227 ), #5106, .F. ) ;
#449 = EDGE_LOOP ( 'NONE', ( #5257, #1497, #669, #4557 ) ) ;
#450 = EDGE_LOOP ( 'NONE', ( #3064, #4349, #113, #5166 ) ) ;
#451 = EDGE_CURVE ( 'NONE', #3487, #3752, #728, .T. ) ;
#452 = DIRECTION ( 'NONE',  ( 0.000000000000000000, 0.000000000000000000, 1.000000000000000000 ) ) ;
#453 = ORIENTED_EDGE ( 'NONE', *, *, #2200, .F. ) ;
#454 = CARTESIAN_POINT ( 'NONE',  ( 1.546330151296830602, -0.2112312353184807034, 0.1259842519685039353 ) ) ;
#455 = DIRECTION ( 'NONE',  ( 0.000000000000000000, 1.000000000000000000, 0.000000000000000000 ) ) ;
#456 = ORIENTED_EDGE ( 'NONE', *, *, #3102, .F. ) ;
#457 = DIRECTION ( 'NONE',  ( 0.000000000000000000, 0.000000000000000000, 1.000000000000000000 ) ) ;
#458 = EDGE_CURVE ( 'NONE', #3248, #2668, #1507, .T. ) ;
#459 = CARTESIAN_POINT ( 'NONE',  ( 1.081651688172472481, -0.08627921836996831073, 0.1259842519685039353 ) ) ;
#460 = ORIENTED_EDGE ( 'NONE', *, *, #2280, .T. ) ;
#461 = DIRECTION ( 'NONE',  ( -1.000000000000000000, 0.000000000000000000, 0.000000000000000000 ) ) ;
#462 = EDGE_CURVE ( 'NONE', #3656, #1811, #1482, .T. ) ;
#463 = DIRECTION ( 'NONE',  ( 1.000000000000000000, 0.000000000000000000, 0.000000000000000000 ) ) ;
#464 = DIRECTION ( 'NONE',  ( 1.000000000000000000, 1.387778780781472023E-14, 0.000000000000000000 ) ) ;
#465 = CARTESIAN_POINT ( 'NONE',  ( 1.634915276880464452, -0.2092853712438586533, -0.1259842519685039353 ) ) ;
#466 = LINE ( 'NONE', #2097, #4201 ) ;
#467 = EDGE_CURVE ( 'NONE', #1145, #126, #3971, .T. ) ;
#468 = ORIENTED_EDGE ( 'NONE', *, *, #1991, .F. ) ;
#469 = LINE ( 'NONE', #1296, #1795 ) ;
#470 = EDGE_LOOP ( 'NONE', ( #2456, #3773, #2888, #4163 ) ) ;
#471 = CARTESIAN_POINT ( 'NONE',  ( 1.164328853526799490, 0.1066341674568033471, -0.1102362204724409434 ) ) ;
#472 = EDGE_LOOP ( 'NONE', ( #675, #106, #4107, #42 ) ) ;
#473 = PLANE ( 'NONE',  #4024 ) ;
#474 = ORIENTED_EDGE ( 'NONE', *, *, #3365, .F. ) ;
#475 = ORIENTED_EDGE ( 'NONE', *, *, #1404, .T. ) ;
#476 = CARTESIAN_POINT ( 'NONE',  ( 1.337557199983492318, 0.1066341674568033471, -0.1259842519685039353 ) ) ;
#477 = EDGE_LOOP ( 'NONE', ( #2974, #2835, #1704, #653, #2853 ) ) ;
#478 = LINE ( 'NONE', #1252, #61 ) ;
#479 = EDGE_CURVE ( 'NONE', #1811, #3152, #5189, .T. ) ;
#480 = DIRECTION ( 'NONE',  ( 0.000000000000000000, 0.000000000000000000, -1.000000000000000000 ) ) ;
#481 = EDGE_LOOP ( 'NONE', ( #850, #3196, #2225, #3287 ) ) ;
#482 = CARTESIAN_POINT ( 'NONE',  ( 1.361179247227586764, 0.03970503359852826930, 0.1259842519685039353 ) ) ;
#483 = DIRECTION ( 'NONE',  ( 0.000000000000000000, -1.000000000000000000, 0.000000000000000000 ) ) ;
#484 = EDGE_LOOP ( 'NONE', ( #2774, #582, #4882, #2751 ) ) ;
#485 = VECTOR ( 'NONE', #1546, 39.37007874015748143 ) ;
#486 = EDGE_CURVE ( 'NONE', #390, #2614, #1157, .T. ) ;
#487 = AXIS2_PLACEMENT_3D ( 'NONE', #2430, #3962, #3561 ) ;
#488 = CARTESIAN_POINT ( 'NONE',  ( 1.193856412581917326, 0.3113585769056299024, 0.05905511811023622659 ) ) ;
#489 = VECTOR ( 'NONE', #3007, 39.37007874015748143 ) ;
#490 = EDGE_CURVE ( 'NONE', #2862, #4203, #1081, .T. ) ;
#491 = FACE_BOUND ( 'NONE', #4193, .T. ) ;
#492 = STYLED_ITEM ( 'NONE', ( #1121 ), #1957 ) ;
#493 = FACE_OUTER_BOUND ( 'NONE', #1942, .T. ) ;
#494 = CARTESIAN_POINT ( 'NONE',  ( 1.294361647359807188, -0.01541307663768504144, 0.1259842519685039353 ) ) ;
#495 = ORIENTED_EDGE ( 'NONE', *, *, #1831, .T. ) ;
#496 = CARTESIAN_POINT ( 'NONE',  ( 1.268659562188216627, 0.1066341674568033471, 0.1259842519685039353 ) ) ;
#497 = ORIENTED_EDGE ( 'NONE', *, *, #499, .T. ) ;
#498 = VECTOR ( 'NONE', #3892, 39.37007874015748143 ) ;
#499 = EDGE_CURVE ( 'NONE', #1794, #4900, #3996, .T. ) ;
#500 = PLANE ( 'NONE',  #3782 ) ;
#501 = ORIENTED_EDGE ( 'NONE', *, *, #2690, .T. ) ;
#502 = ORIENTED_EDGE ( 'NONE', *, *, #47, .T. ) ;
#503 = CARTESIAN_POINT ( 'NONE',  ( 1.296218617306338805, -0.05478315537781906774, 0.1102362204724409434 ) ) ;
#504 = VERTEX_POINT ( 'NONE', #1211 ) ;
#505 = DIRECTION ( 'NONE',  ( -1.000000000000000000, 0.000000000000000000, 0.000000000000000000 ) ) ;
#506 = CARTESIAN_POINT ( 'NONE',  ( 1.235194995259094597, -0.01541307663766153767, -0.1102362204724409434 ) ) ;
#507 = ORIENTED_EDGE ( 'NONE', *, *, #2703, .T. ) ;
#508 = CARTESIAN_POINT ( 'NONE',  ( 1.069840664550433251, -0.05478315537781906774, -0.04133858267716536417 ) ) ;
#509 = LINE ( 'NONE', #2569, #4164 ) ;
#510 = ORIENTED_EDGE ( 'NONE', *, *, #2048, .F. ) ;
#511 = VECTOR ( 'NONE', #1475, 39.37007874015748143 ) ;
#512 = AXIS2_PLACEMENT_3D ( 'NONE', #1605, #3675, #2036 ) ;
#513 = EDGE_CURVE ( 'NONE', #4855, #1979, #66, .T. ) ;
#514 = LINE ( 'NONE', #618, #763 ) ;
#515 = AXIS2_PLACEMENT_3D ( 'NONE', #5229, #2488, #2460 ) ;
#516 = FACE_OUTER_BOUND ( 'NONE', #421, .T. ) ;
#517 = PLANE ( 'NONE',  #275 ) ;
#518 = LINE ( 'NONE', #2155, #2285 ) ;
#519 = ORIENTED_EDGE ( 'NONE', *, *, #840, .T. ) ;
#520 = CIRCLE ( 'NONE', #1630, 0.009845000097158516927 ) ;
#521 = CARTESIAN_POINT ( 'NONE',  ( 1.699761924392941159, 0.1184451910788427292, 0.1102362204724409434 ) ) ;
#522 = ORIENTED_EDGE ( 'NONE', *, *, #4784, .F. ) ;
#523 = FACE_OUTER_BOUND ( 'NONE', #2728, .T. ) ;
#524 = VECTOR ( 'NONE', #1158, 39.37007874015748143 ) ;
#525 = CARTESIAN_POINT ( 'NONE',  ( 1.069840664550433251, -0.2890351238817558954, 0.04133858267716536417 ) ) ;
#526 = VERTEX_POINT ( 'NONE', #2441 ) ;
#527 = ORIENTED_EDGE ( 'NONE', *, *, #4871, .F. ) ;
#528 = EDGE_CURVE ( 'NONE', #1085, #1678, #2615, .T. ) ;
#529 = FACE_OUTER_BOUND ( 'NONE', #1558, .T. ) ;
#530 = ORIENTED_EDGE ( 'NONE', *, *, #5224, .T. ) ;
#531 = VECTOR ( 'NONE', #69, 39.37007874015748143 ) ;
#532 = DIRECTION ( 'NONE',  ( 0.000000000000000000, 0.000000000000000000, 1.000000000000000000 ) ) ;
#533 = CARTESIAN_POINT ( 'NONE',  ( 1.331651688172468706, 0.3310436162757008360, -0.05905511811023622659 ) ) ;
#534 = EDGE_LOOP ( 'NONE', ( #4407, #4216, #4169, #2594 ) ) ;
#535 = CARTESIAN_POINT ( 'NONE',  ( 1.233226491322074958, 0.3113585769056220753, -0.05905511811023622659 ) ) ;
#536 = EDGE_CURVE ( 'NONE', #1491, #4800, #756, .T. ) ;
#537 = CARTESIAN_POINT ( 'NONE',  ( 1.546330151296830602, -0.05478315537781906774, -0.05708661417322834220 ) ) ;
#538 = VERTEX_POINT ( 'NONE', #3244 ) ;
#539 = FILL_AREA_STYLE ('',( #1361 ) ) ;
#540 = LINE ( 'NONE', #168, #170 ) ;
#541 = ADVANCED_FACE ( 'NONE', ( #838 ), #2874, .F. ) ;
#542 = CARTESIAN_POINT ( 'NONE',  ( 1.272596570062232368, 0.3113585769056220753, 0.05905511811023622659 ) ) ;
#543 = DIRECTION ( 'NONE',  ( 1.000000000000000000, 0.000000000000000000, 0.000000000000000000 ) ) ;
#544 = ORIENTED_EDGE ( 'NONE', *, *, #4510, .T. ) ;
#545 = PLANE ( 'NONE',  #242 ) ;
#546 = PLANE ( 'NONE',  #1156 ) ;
#547 = FACE_OUTER_BOUND ( 'NONE', #4511, .T. ) ;
#548 = ORIENTED_EDGE ( 'NONE', *, *, #3993, .F. ) ;
#549 = DIRECTION ( 'NONE',  ( -4.625929269271509777E-14, -1.000000000000000000, 0.000000000000000000 ) ) ;
#550 = ORIENTED_EDGE ( 'NONE', *, *, #2261, .T. ) ;
#551 = EDGE_CURVE ( 'NONE', #2591, #1890, #3297, .T. ) ;
#552 = ORIENTED_EDGE ( 'NONE', *, *, #3789, .T. ) ;
#553 = CARTESIAN_POINT ( 'NONE',  ( 1.081651688172472481, 0.1184451910788504175, -0.1102362204724409434 ) ) ;
#554 = ORIENTED_EDGE ( 'NONE', *, *, #3074, .F. ) ;
#555 = LINE ( 'NONE', #4248, #1380 ) ;
#556 = LINE ( 'NONE', #4223, #2796 ) ;
#557 = EDGE_LOOP ( 'NONE', ( #2287, #4335, #4116, #4890 ) ) ;
#558 = AXIS2_PLACEMENT_3D ( 'NONE', #1996, #1922, #1518 ) ;
#559 = DIRECTION ( 'NONE',  ( 0.000000000000000000, 0.000000000000000000, -1.000000000000000000 ) ) ;
#560 = ADVANCED_FACE ( 'NONE', ( #4498 ), #4843, .T. ) ;
#561 = DIRECTION ( 'NONE',  ( 0.000000000000000000, 0.000000000000000000, 1.000000000000000000 ) ) ;
#562 = AXIS2_PLACEMENT_3D ( 'NONE', #3884, #1844, #1437 ) ;
#563 = ORIENTED_EDGE ( 'NONE', *, *, #11, .F. ) ;
#564 = DIRECTION ( 'NONE',  ( 0.000000000000000000, 0.000000000000000000, 1.000000000000000000 ) ) ;
#565 = VECTOR ( 'NONE', #2177, 39.37007874015748143 ) ;
#566 = CARTESIAN_POINT ( 'NONE',  ( 1.235306529249574847, -0.07446819474792892857, -0.1259842519685039353 ) ) ;
#567 = VECTOR ( 'NONE', #2842, 39.37007874015748143 ) ;
#568 = LINE ( 'NONE', #1392, #1936 ) ;
#569 = ORIENTED_EDGE ( 'NONE', *, *, #451, .T. ) ;
#570 = LINE ( 'NONE', #623, #498 ) ;
#571 = EDGE_CURVE ( 'NONE', #5139, #731, #1695, .T. ) ;
#572 = PLANE ( 'NONE',  #3896 ) ;
#573 = VECTOR ( 'NONE', #2757, 39.37007874015748143 ) ;
#574 = DIRECTION ( 'NONE',  ( 0.000000000000000000, 0.000000000000000000, -1.000000000000000000 ) ) ;
#575 = EDGE_LOOP ( 'NONE', ( #3023, #2186, #3073, #2693 ) ) ;
#576 = ORIENTED_EDGE ( 'NONE', *, *, #1044, .F. ) ;
#577 = DIRECTION ( 'NONE',  ( -0.7071067811865670016, 0.7071067811865280328, 3.066586833366679867E-17 ) ) ;
#578 = EDGE_LOOP ( 'NONE', ( #3155, #1893, #4616, #2054 ) ) ;
#579 = AXIS2_PLACEMENT_3D ( 'NONE', #1700, #3330, #2555 ) ;
#580 = EDGE_CURVE ( 'NONE', #1145, #1137, #2415, .T. ) ;
#581 = CARTESIAN_POINT ( 'NONE',  ( 1.069840664550433251, -0.05478315537781906774, -0.05708661417322834220 ) ) ;
#582 = ORIENTED_EDGE ( 'NONE', *, *, #4209, .T. ) ;
#583 = DIRECTION ( 'NONE',  ( -0.7071067811865280328, 0.7071067811865670016, 3.066586833366849349E-17 ) ) ;
#584 = PLANE ( 'NONE',  #2160 ) ;
#585 = CARTESIAN_POINT ( 'NONE',  ( 1.447909851282999982, -0.2093104702001736261, 0.1259842519685039353 ) ) ;
#586 = EDGE_LOOP ( 'NONE', ( #207, #3714, #945, #1306 ) ) ;
#587 = LINE ( 'NONE', #986, #3730 ) ;
#588 = CARTESIAN_POINT ( 'NONE',  ( 1.069840664550433251, -0.05478315537781906774, -0.05708661417322834220 ) ) ;
#589 = VERTEX_POINT ( 'NONE', #1987 ) ;
#590 = EDGE_CURVE ( 'NONE', #4230, #3284, #2848, .T. ) ;
#591 = DIRECTION ( 'NONE',  ( 0.000000000000000000, 1.000000000000000000, 0.000000000000000000 ) ) ;
#592 = DIRECTION ( 'NONE',  ( 0.000000000000000000, 0.000000000000000000, -1.000000000000000000 ) ) ;
#593 = VECTOR ( 'NONE', #3429, 39.37007874015748143 ) ;
#594 = LINE ( 'NONE', #4998, #4585 ) ;
#595 = EDGE_LOOP ( 'NONE', ( #2376, #3621, #845, #77 ) ) ;
#596 = EDGE_CURVE ( 'NONE', #152, #2826, #2470, .T. ) ;
#597 = DIRECTION ( 'NONE',  ( 1.000000000000000000, 0.000000000000000000, 0.000000000000000000 ) ) ;
#598 = VECTOR ( 'NONE', #5234, 39.37007874015748143 ) ;
#599 = DIRECTION ( 'NONE',  ( 0.000000000000000000, 0.000000000000000000, -1.000000000000000000 ) ) ;
#600 = CARTESIAN_POINT ( 'NONE',  ( 1.699761924392941159, -0.08627921836996831073, 0.1259842519685039353 ) ) ;
#601 = VECTOR ( 'NONE', #1068, 39.37007874015748143 ) ;
#602 = ORIENTED_EDGE ( 'NONE', *, *, #2294, .T. ) ;
#603 = ORIENTED_EDGE ( 'NONE', *, *, #1243, .T. ) ;
#604 = DIRECTION ( 'NONE',  ( -4.625929269271250399E-14, -1.000000000000000000, 9.680376540049299926E-18 ) ) ;
#605 = ORIENTED_EDGE ( 'NONE', *, *, #4992, .T. ) ;
#606 = VECTOR ( 'NONE', #4031, 39.37007874015748143 ) ;
#607 = ORIENTED_EDGE ( 'NONE', *, *, #3189, .F. ) ;
#608 = EDGE_CURVE ( 'NONE', #2806, #2832, #4526, .T. ) ;
#609 = CARTESIAN_POINT ( 'NONE',  ( 1.438064883179677178, -0.2092853712438586533, 0.04133858267716536417 ) ) ;
#610 = VERTEX_POINT ( 'NONE', #1637 ) ;
#611 = VECTOR ( 'NONE', #3627, 39.37007874015748143 ) ;
#612 = CARTESIAN_POINT ( 'NONE',  ( 1.491212041060598459, -0.05084614750382669690, 0.1102362204724409434 ) ) ;
#613 = ORIENTED_EDGE ( 'NONE', *, *, #1619, .T. ) ;
#614 = FACE_OUTER_BOUND ( 'NONE', #2134, .T. ) ;
#615 = PLANE ( 'NONE',  #3685 ) ;
#616 = DIRECTION ( 'NONE',  ( -1.000000000000000000, 4.869399230812180366E-15, 6.938893903907239737E-14 ) ) ;
#617 = ORIENTED_EDGE ( 'NONE', *, *, #2182, .F. ) ;
#618 = CARTESIAN_POINT ( 'NONE',  ( 1.231369489381731297, -0.2092853712438586533, 0.1259842519685039353 ) ) ;
#619 = FACE_OUTER_BOUND ( 'NONE', #5142, .T. ) ;
#620 = ADVANCED_FACE ( 'NONE', ( #4130, #3706, #4045, #4022, #3271, #4895, #38, #5263, #356 ), #2900, .F. ) ;
#621 = PLANE ( 'NONE',  #3564 ) ;
#622 = EDGE_LOOP ( 'NONE', ( #1484, #2056, #3974, #749 ) ) ;
#623 = CARTESIAN_POINT ( 'NONE',  ( 1.268659562188216627, 0.1066341674568033471, -0.1102362204724409434 ) ) ;
#624 = FACE_OUTER_BOUND ( 'NONE', #1425, .T. ) ;
#625 = EDGE_CURVE ( 'NONE', #4981, #610, #2094, .T. ) ;
#626 = DIRECTION ( 'NONE',  ( 0.000000000000000000, -1.000000000000000000, 0.000000000000000000 ) ) ;
#627 = ORIENTED_EDGE ( 'NONE', *, *, #2182, .T. ) ;
#628 = VERTEX_POINT ( 'NONE', #1183 ) ;
#629 = CARTESIAN_POINT ( 'NONE',  ( 1.489132003133110338, -0.01541307663766153767, -0.1259842519685039353 ) ) ;
#630 = ORIENTED_EDGE ( 'NONE', *, *, #2817, .T. ) ;
#631 = ORIENTED_EDGE ( 'NONE', *, *, #2557, .F. ) ;
#632 = LINE ( 'NONE', #4381, #4536 ) ;
#633 = ORIENTED_EDGE ( 'NONE', *, *, #673, .F. ) ;
#634 = LINE ( 'NONE', #1009, #403 ) ;
#635 = ORIENTED_EDGE ( 'NONE', *, *, #956, .F. ) ;
#636 = ADVANCED_FACE ( 'NONE', ( #1580 ), #3216, .F. ) ;
#637 = CARTESIAN_POINT ( 'NONE',  ( 1.699761924392941159, -0.08627921836996831073, 0.1259842519685039353 ) ) ;
#638 = CARTESIAN_POINT ( 'NONE',  ( 1.140706806282716590, -0.2092853712438586533, -0.1259842519685039353 ) ) ;
#639 = CARTESIAN_POINT ( 'NONE',  ( 1.292281609432311296, 0.3310436162757008360, -0.05905511811023622659 ) ) ;
#640 = VERTEX_POINT ( 'NONE', #4253 ) ;
#641 = LINE ( 'NONE', #442, #2388 ) ;
#642 = EDGE_CURVE ( 'NONE', #1816, #152, #1012, .T. ) ;
#643 = CARTESIAN_POINT ( 'NONE',  ( 1.140706806282704822, 0.1066341674568033471, -0.1102362204724409434 ) ) ;
#644 = FACE_OUTER_BOUND ( 'NONE', #1031, .T. ) ;
#645 = ORIENTED_EDGE ( 'NONE', *, *, #2005, .F. ) ;
#646 = FACE_OUTER_BOUND ( 'NONE', #1666, .T. ) ;
#647 = AXIS2_PLACEMENT_3D ( 'NONE', #2331, #744, #4463 ) ;
#648 = EDGE_CURVE ( 'NONE', #3462, #1572, #215, .T. ) ;
#649 = FACE_BOUND ( 'NONE', #3384, .T. ) ;
#650 = VECTOR ( 'NONE', #931, 39.37007874015748143 ) ;
#651 = FACE_OUTER_BOUND ( 'NONE', #3410, .T. ) ;
#652 = VERTEX_POINT ( 'NONE', #2600 ) ;
#653 = ORIENTED_EDGE ( 'NONE', *, *, #458, .F. ) ;
#654 = LINE ( 'NONE', #3524, #2290 ) ;
#655 = ORIENTED_EDGE ( 'NONE', *, *, #2410, .T. ) ;
#656 = EDGE_CURVE ( 'NONE', #5174, #4299, #4679, .T. ) ;
#657 = AXIS2_PLACEMENT_3D ( 'NONE', #2032, #3672, #1204 ) ;
#658 = ORIENTED_EDGE ( 'NONE', *, *, #887, .F. ) ;
#659 = LINE ( 'NONE', #1921, #4113 ) ;
#660 = VECTOR ( 'NONE', #3850, 39.37007874015748143 ) ;
#661 = ORIENTED_EDGE ( 'NONE', *, *, #4146, .T. ) ;
#662 = DIRECTION ( 'NONE',  ( -1.000000000000000000, 0.000000000000000000, 0.000000000000000000 ) ) ;
#663 = DIRECTION ( 'NONE',  ( 1.000000000000000000, 0.000000000000000000, 0.000000000000000000 ) ) ;
#664 = ORIENTED_EDGE ( 'NONE', *, *, #1360, .F. ) ;
#665 = DIRECTION ( 'NONE',  ( 0.000000000000000000, 0.000000000000000000, -1.000000000000000000 ) ) ;
#666 = VECTOR ( 'NONE', #5236, 39.37007874015748143 ) ;
#667 = LINE ( 'NONE', #2227, #2440 ) ;
#668 = DIRECTION ( 'NONE',  ( 0.000000000000000000, -1.000000000000000000, 9.680376540049299926E-18 ) ) ;
#669 = ORIENTED_EDGE ( 'NONE', *, *, #3704, .T. ) ;
#670 = LINE ( 'NONE', #3991, #1671 ) ;
#671 = CARTESIAN_POINT ( 'NONE',  ( 1.140706806282716590, -0.05478315537781906774, -0.1102362204724409434 ) ) ;
#672 = EDGE_CURVE ( 'NONE', #4625, #1615, #667, .T. ) ;
#673 = EDGE_CURVE ( 'NONE', #2024, #2944, #4650, .T. ) ;
#674 = CARTESIAN_POINT ( 'NONE',  ( 1.644643814156732331, -0.2092853712438586533, 0.1259842519685039353 ) ) ;
#675 = ORIENTED_EDGE ( 'NONE', *, *, #1688, .F. ) ;
#676 = PLANE ( 'NONE',  #1345 ) ;
#677 = CARTESIAN_POINT ( 'NONE',  ( 1.138849836336185195, -0.01541307663768504144, 0.1259842519685039353 ) ) ;
#678 = VECTOR ( 'NONE', #808, 39.37007874015748143 ) ;
#679 = CARTESIAN_POINT ( 'NONE',  ( 1.274676607989728261, -0.07446819474792892857, 0.1102362204724409434 ) ) ;
#680 = VERTEX_POINT ( 'NONE', #5067 ) ;
#681 = VERTEX_POINT ( 'NONE', #1040 ) ;
#682 = VECTOR ( 'NONE', #3085, 39.37007874015748143 ) ;
#683 = LINE ( 'NONE', #2367, #320 ) ;
#684 = EDGE_LOOP ( 'NONE', ( #2079, #4538, #627, #896 ) ) ;
#685 = VECTOR ( 'NONE', #4245, 39.37007874015748143 ) ;
#686 = CARTESIAN_POINT ( 'NONE',  ( 1.296218617306338805, -0.05478315537781906774, 0.1417322834645669549 ) ) ;
#687 = EDGE_CURVE ( 'NONE', #1504, #1920, #1407, .T. ) ;
#688 = ORIENTED_EDGE ( 'NONE', *, *, #2856, .T. ) ;
#689 = DIRECTION ( 'NONE',  ( -1.000000000000000000, 4.869399230812260830E-15, 0.000000000000000000 ) ) ;
#690 = ORIENTED_EDGE ( 'NONE', *, *, #2800, .T. ) ;
#691 = CARTESIAN_POINT ( 'NONE',  ( 1.625070308777141870, -0.05478315537781142802, 0.1259842519685039353 ) ) ;
#692 = AXIS2_PLACEMENT_3D ( 'NONE', #4964, #1432, #2674 ) ;
#693 = CARTESIAN_POINT ( 'NONE',  ( 1.241214489478889904, -0.2092853712438586533, 0.05708661417322834220 ) ) ;
#694 = CARTESIAN_POINT ( 'NONE',  ( 1.491212041060598459, -0.05084614750382669690, 0.1259842519685039353 ) ) ;
#695 = EDGE_CURVE ( 'NONE', #1488, #640, #243, .T. ) ;
#696 = VECTOR ( 'NONE', #2462, 39.37007874015748143 ) ;
#697 = EDGE_LOOP ( 'NONE', ( #4015, #1778, #3607, #1964 ) ) ;
#698 = VECTOR ( 'NONE', #933, 39.37007874015748143 ) ;
#699 = LINE ( 'NONE', #1443, #4741 ) ;
#700 = CARTESIAN_POINT ( 'NONE',  ( 1.699761924392952706, -0.05478315537781906774, 0.1259842519685039353 ) ) ;
#701 = DIRECTION ( 'NONE',  ( 0.000000000000000000, 1.000000000000000000, 0.000000000000000000 ) ) ;
#702 = ORIENTED_EDGE ( 'NONE', *, *, #862, .T. ) ;
#703 = CARTESIAN_POINT ( 'NONE',  ( 1.274676607989728261, -0.07446819474792892857, 0.1102362204724409434 ) ) ;
#704 = EDGE_CURVE ( 'NONE', #2867, #538, #587, .T. ) ;
#705 = CARTESIAN_POINT ( 'NONE',  ( 1.164328853526799490, 0.03970503359853590208, 0.1102362204724409434 ) ) ;
#706 = CARTESIAN_POINT ( 'NONE',  ( 1.489132003133110338, -0.01541307663766153767, 0.1417322834645669549 ) ) ;
#707 = EDGE_LOOP ( 'NONE', ( #4581, #159, #4618, #1059, #522 ) ) ;
#708 = ORIENTED_EDGE ( 'NONE', *, *, #1341, .T. ) ;
#709 = CARTESIAN_POINT ( 'NONE',  ( 1.235194995259094597, -0.2092853712438586533, -0.1259842519685039353 ) ) ;
#710 = VERTEX_POINT ( 'NONE', #3860 ) ;
#711 = ADVANCED_FACE ( 'NONE', ( #614 ), #1904, .F. ) ;
#712 = FACE_OUTER_BOUND ( 'NONE', #1734, .T. ) ;
#713 = LINE ( 'NONE', #3956, #4791 ) ;
#714 = ORIENTED_EDGE ( 'NONE', *, *, #2411, .T. ) ;
#715 = LINE ( 'NONE', #3260, #3748 ) ;
#716 = ORIENTED_EDGE ( 'NONE', *, *, #4479, .T. ) ;
#717 = LINE ( 'NONE', #3159, #2198 ) ;
#718 = EDGE_CURVE ( 'NONE', #4590, #4813, #3449, .T. ) ;
#719 = CARTESIAN_POINT ( 'NONE',  ( 1.274676607989728261, -0.05084614750382669690, 0.1259842519685039353 ) ) ;
#720 = FACE_OUTER_BOUND ( 'NONE', #622, .T. ) ;
#721 = ADVANCED_BREP_SHAPE_REPRESENTATION ( 'Same_Sky_SLW-1575662-5A-S-D', ( #1957, #3760, #1209 ), #195 ) ;
#722 = ORIENTED_EDGE ( 'NONE', *, *, #4757, .T. ) ;
#723 = EDGE_CURVE ( 'NONE', #4478, #1990, #2624, .T. ) ;
#724 = CARTESIAN_POINT ( 'NONE',  ( 1.428219915076354596, -0.2092602722875436805, -0.04133858267716536417 ) ) ;
#725 = CARTESIAN_POINT ( 'NONE',  ( 1.140706806282716590, -0.01541307663766153767, -0.1102362204724409434 ) ) ;
#726 = PLANE ( 'NONE',  #2548 ) ;
#727 = VECTOR ( 'NONE', #781, 39.37007874015748143 ) ;
#728 = LINE ( 'NONE', #1555, #3296 ) ;
#729 = FACE_OUTER_BOUND ( 'NONE', #4671, .T. ) ;
#730 = VECTOR ( 'NONE', #559, 39.37007874015748143 ) ;
#731 = VERTEX_POINT ( 'NONE', #5124 ) ;
#732 = ORIENTED_EDGE ( 'NONE', *, *, #1688, .T. ) ;
#733 = ADVANCED_FACE ( 'NONE', ( #1796 ), #5042, .T. ) ;
#734 = FACE_OUTER_BOUND ( 'NONE', #1215, .T. ) ;
#735 = ORIENTED_EDGE ( 'NONE', *, *, #2662, .T. ) ;
#736 = VECTOR ( 'NONE', #3204, 39.37007874015748143 ) ;
#737 = CARTESIAN_POINT ( 'NONE',  ( 1.634915276880464452, -0.2092853712438586533, -0.1259842519685039353 ) ) ;
#738 = ORIENTED_EDGE ( 'NONE', *, *, #1557, .T. ) ;
#739 = CARTESIAN_POINT ( 'NONE',  ( 1.644760244983787700, -0.05478315537781906774, -0.04133858267716536417 ) ) ;
#740 = ADVANCED_FACE ( 'NONE', ( #1470 ), #963, .F. ) ;
#741 = CARTESIAN_POINT ( 'NONE',  ( 1.251059457582212708, -0.2093104702001736261, 0.04133858267716536417 ) ) ;
#742 = VERTEX_POINT ( 'NONE', #3076 ) ;
#743 = VECTOR ( 'NONE', #2224, 39.37007874015748143 ) ;
#744 = DIRECTION ( 'NONE',  ( 1.000000000000000000, 0.000000000000000000, 0.000000000000000000 ) ) ;
#745 = VECTOR ( 'NONE', #4823, 39.37007874015748143 ) ;
#746 = CARTESIAN_POINT ( 'NONE',  ( 1.296218617306338805, -0.01541307663766153767, 0.1259842519685039353 ) ) ;
#747 = ORIENTED_EDGE ( 'NONE', *, *, #2294, .F. ) ;
#748 = DIRECTION ( 'NONE',  ( 0.000000000000000000, 1.000000000000000000, -9.680376540049299926E-18 ) ) ;
#749 = ORIENTED_EDGE ( 'NONE', *, *, #2148, .F. ) ;
#750 = VECTOR ( 'NONE', #1992, 39.37007874015748143 ) ;
#751 = LINE ( 'NONE', #221, #4654 ) ;
#752 = CARTESIAN_POINT ( 'NONE',  ( 1.241214489478889904, -0.2092853712438586533, 0.1259842519685039353 ) ) ;
#753 = EDGE_CURVE ( 'NONE', #443, #1498, #4706, .T. ) ;
#754 = UNCERTAINTY_MEASURE_WITH_UNIT (LENGTH_MEASURE( 1.000000000000000082E-05 ), #4628, 'distance_accuracy_value', 'NONE');
#755 = FACE_OUTER_BOUND ( 'NONE', #3765, .T. ) ;
#756 = LINE ( 'NONE', #809, #4575 ) ;
#757 = DIRECTION ( 'NONE',  ( 0.000000000000000000, 0.000000000000000000, -1.000000000000000000 ) ) ;
#758 = EDGE_CURVE ( 'NONE', #5057, #119, #4305, .T. ) ;
#759 = ORIENTED_EDGE ( 'NONE', *, *, #536, .F. ) ;
#760 = ORIENTED_EDGE ( 'NONE', *, *, #1399, .F. ) ;
#761 = DIRECTION ( 'NONE',  ( 0.000000000000000000, 0.000000000000000000, -1.000000000000000000 ) ) ;
#762 = VERTEX_POINT ( 'NONE', #637 ) ;
#763 = VECTOR ( 'NONE', #2205, 39.37007874015748143 ) ;
#764 = CARTESIAN_POINT ( 'NONE',  ( 1.268659562188216627, 0.1066341674568033471, 0.1259842519685039353 ) ) ;
#765 = DIRECTION ( 'NONE',  ( 0.000000000000000000, 0.000000000000000000, -1.000000000000000000 ) ) ;
#766 = VECTOR ( 'NONE', #18, 39.37007874015748143 ) ;
#767 = VERTEX_POINT ( 'NONE', #3835 ) ;
#768 = ORIENTED_EDGE ( 'NONE', *, *, #1622, .F. ) ;
#769 = DIRECTION ( 'NONE',  ( 0.000000000000000000, 0.000000000000000000, -1.000000000000000000 ) ) ;
#770 = VERTEX_POINT ( 'NONE', #2201 ) ;
#771 = PLANE ( 'NONE',  #4330 ) ;
#772 = VECTOR ( 'NONE', #3889, 39.37007874015748143 ) ;
#773 = FACE_OUTER_BOUND ( 'NONE', #1100, .T. ) ;
#774 = EDGE_CURVE ( 'NONE', #1906, #652, #1386, .T. ) ;
#775 = FACE_BOUND ( 'NONE', #3469, .T. ) ;
#776 = EDGE_LOOP ( 'NONE', ( #3525, #2455, #635, #2764, #5153 ) ) ;
#777 = LINE ( 'NONE', #4442, #3945 ) ;
#778 = STYLED_ITEM ( 'NONE', ( #3757 ), #3760 ) ;
#779 = EDGE_CURVE ( 'NONE', #2178, #1951, #2026, .T. ) ;
#780 = AXIS2_PLACEMENT_3D ( 'NONE', #2082, #2936, #1273 ) ;
#781 = DIRECTION ( 'NONE',  ( 1.000000000000000000, 0.000000000000000000, 0.000000000000000000 ) ) ;
#782 = CARTESIAN_POINT ( 'NONE',  ( 1.274676607989728261, -0.07446819474792892857, 0.1259842519685039353 ) ) ;
#783 = AXIS2_PLACEMENT_3D ( 'NONE', #2152, #3791, #2523 ) ;
#784 = DIRECTION ( 'NONE',  ( 0.000000000000000000, 0.000000000000000000, -1.000000000000000000 ) ) ;
#785 = EDGE_CURVE ( 'NONE', #1277, #3557, #3618, .T. ) ;
#786 = DIRECTION ( 'NONE',  ( -1.387778780781472023E-14, 1.000000000000000000, 0.000000000000000000 ) ) ;
#787 = DIRECTION ( 'NONE',  ( -1.000000000000000000, -3.492338154230200146E-15, 0.000000000000000000 ) ) ;
#788 = LINE ( 'NONE', #1136, #2840 ) ;
#789 = ORIENTED_EDGE ( 'NONE', *, *, #3425, .F. ) ;
#790 = DIRECTION ( 'NONE',  ( 1.000000000000000000, 0.000000000000000000, 0.000000000000000000 ) ) ;
#791 = ORIENTED_EDGE ( 'NONE', *, *, #3802, .F. ) ;
#792 = FACE_OUTER_BOUND ( 'NONE', #776, .T. ) ;
#793 = EDGE_LOOP ( 'NONE', ( #5112, #4957, #5117, #4755 ) ) ;
#794 = EDGE_CURVE ( 'NONE', #4427, #1916, #3211, .T. ) ;
#795 = DIRECTION ( 'NONE',  ( 0.000000000000000000, 1.000000000000000000, 0.000000000000000000 ) ) ;
#796 = ORIENTED_EDGE ( 'NONE', *, *, #301, .T. ) ;
#797 = DIRECTION ( 'NONE',  ( 1.000000000000000000, 0.000000000000000000, 0.000000000000000000 ) ) ;
#798 = EDGE_LOOP ( 'NONE', ( #3538, #502, #1912, #3523 ) ) ;
#799 = DIRECTION ( 'NONE',  ( 0.000000000000000000, 0.000000000000000000, -1.000000000000000000 ) ) ;
#800 = FACE_OUTER_BOUND ( 'NONE', #2293, .T. ) ;
#801 = DIRECTION ( 'NONE',  ( 0.000000000000000000, 0.000000000000000000, -1.000000000000000000 ) ) ;
#802 = LINE ( 'NONE', #4063, #915 ) ;
#803 = ORIENTED_EDGE ( 'NONE', *, *, #4282, .F. ) ;
#804 = EDGE_CURVE ( 'NONE', #1572, #538, #2351, .T. ) ;
#805 = CYLINDRICAL_SURFACE ( 'NONE', #4862, 0.009845000097158516927 ) ;
#806 = ORIENTED_EDGE ( 'NONE', *, *, #321, .T. ) ;
#807 = ADVANCED_FACE ( 'NONE', ( #773 ), #4060, .T. ) ;
#808 = DIRECTION ( 'NONE',  ( 1.000000000000000000, 0.000000000000000000, 0.000000000000000000 ) ) ;
#809 = CARTESIAN_POINT ( 'NONE',  ( 1.361179247227586764, 0.1066341674567956588, 0.1259842519685039353 ) ) ;
#810 = CARTESIAN_POINT ( 'NONE',  ( 1.536487631611791249, -0.2102457538030161610, 0.1259842519685039353 ) ) ;
#811 = CARTESIAN_POINT ( 'NONE',  ( 1.489132003133110338, -0.05478315537781906774, 0.1102362204724409434 ) ) ;
#812 = ORIENTED_EDGE ( 'NONE', *, *, #2404, .F. ) ;
#813 = CARTESIAN_POINT ( 'NONE',  ( 1.510897080430673389, -0.07446819474792892857, -0.1102362204724409434 ) ) ;
#814 = ORIENTED_EDGE ( 'NONE', *, *, #5075, .F. ) ;
#815 = ADVANCED_FACE ( 'NONE', ( #3133 ), #319, .F. ) ;
#816 = LINE ( 'NONE', #2449, #410 ) ;
#817 = ORIENTED_EDGE ( 'NONE', *, *, #1968, .T. ) ;
#818 = VECTOR ( 'NONE', #289, 39.37007874015748143 ) ;
#819 = VECTOR ( 'NONE', #1066, 39.37007874015748143 ) ;
#820 = LINE ( 'NONE', #2397, #5034 ) ;
#821 = VERTEX_POINT ( 'NONE', #1569 ) ;
#822 = VERTEX_POINT ( 'NONE', #3205 ) ;
#823 = EDGE_CURVE ( 'NONE', #4401, #1085, #4834, .T. ) ;
#824 = LENGTH_MEASURE_WITH_UNIT ( LENGTH_MEASURE( 0.02539999999999999897 ), #51 );
#825 = ORIENTED_EDGE ( 'NONE', *, *, #2370, .T. ) ;
#826 = VECTOR ( 'NONE', #147, 39.37007874015748143 ) ;
#827 = DIRECTION ( 'NONE',  ( -1.000000000000000000, 0.000000000000000000, 0.000000000000000000 ) ) ;
#828 = CARTESIAN_POINT ( 'NONE',  ( 1.193856412581917326, 0.1223821989528663390, -0.05905511811023622659 ) ) ;
#829 = AXIS2_PLACEMENT_3D ( 'NONE', #213, #689, #2302 ) ;
#830 = ORIENTED_EDGE ( 'NONE', *, *, #4655, .T. ) ;
#831 = DIRECTION ( 'NONE',  ( -0.000000000000000000, 1.000000000000000000, 0.000000000000000000 ) ) ;
#832 = DIRECTION ( 'NONE',  ( 0.000000000000000000, 0.000000000000000000, 1.000000000000000000 ) ) ;
#833 = EDGE_LOOP ( 'NONE', ( #4026, #5014, #3388, #3331 ) ) ;
#834 = CARTESIAN_POINT ( 'NONE',  ( 1.241214489478889904, -0.2092853712438586533, -0.04133858267716536417 ) ) ;
#835 = ORIENTED_EDGE ( 'NONE', *, *, #3404, .F. ) ;
#836 = AXIS2_PLACEMENT_3D ( 'NONE', #3746, #79, #4907 ) ;
#837 = CARTESIAN_POINT ( 'NONE',  ( 1.193856412581917326, 0.1341932225749063179, -0.06692913385826770867 ) ) ;
#838 = FACE_OUTER_BOUND ( 'NONE', #477, .T. ) ;
#839 = ADVANCED_FACE ( 'NONE', ( #4856 ), #4810, .F. ) ;
#840 = EDGE_CURVE ( 'NONE', #2022, #4704, #1125, .T. ) ;
#841 = DIRECTION ( 'NONE',  ( 1.000000000000000000, 0.000000000000000000, 0.000000000000000000 ) ) ;
#842 = DIRECTION ( 'NONE',  ( 0.000000000000000000, -1.000000000000000000, -3.644377050371479832E-17 ) ) ;
#843 = ORIENTED_EDGE ( 'NONE', *, *, #2119, .T. ) ;
#844 = FACE_OUTER_BOUND ( 'NONE', #534, .T. ) ;
#845 = ORIENTED_EDGE ( 'NONE', *, *, #3667, .F. ) ;
#846 = DIRECTION ( 'NONE',  ( 0.000000000000000000, -1.000000000000000000, 0.000000000000000000 ) ) ;
#847 = VERTEX_POINT ( 'NONE', #3668 ) ;
#848 = PLANE ( 'NONE',  #4280 ) ;
#849 = ORIENTED_EDGE ( 'NONE', *, *, #1985, .F. ) ;
#850 = ORIENTED_EDGE ( 'NONE', *, *, #1389, .F. ) ;
#851 = LINE ( 'NONE', #3387, #1859 ) ;
#852 = EDGE_LOOP ( 'NONE', ( #3784, #3554, #4549, #2695 ) ) ;
#853 = CARTESIAN_POINT ( 'NONE',  ( 1.550155625180354546, -0.05478315537781906774, -0.1102362204724409434 ) ) ;
#854 = ADVANCED_FACE ( 'NONE', ( #3185 ), #2811, .T. ) ;
#855 = VECTOR ( 'NONE', #2549, 39.37007874015748143 ) ;
#856 = CARTESIAN_POINT ( 'NONE',  ( 1.081651688172472481, -0.08627921836996831073, -0.1259842519685039353 ) ) ;
#857 = EDGE_LOOP ( 'NONE', ( #4008, #4532, #1907, #3900 ) ) ;
#858 = PLANE ( 'NONE',  #3097 ) ;
#859 = DIRECTION ( 'NONE',  ( 0.000000000000000000, 0.000000000000000000, -1.000000000000000000 ) ) ;
#860 = ORIENTED_EDGE ( 'NONE', *, *, #5154, .T. ) ;
#861 = VECTOR ( 'NONE', #3541, 39.37007874015748143 ) ;
#862 = EDGE_CURVE ( 'NONE', #4218, #2534, #2405, .T. ) ;
#863 = DIRECTION ( 'NONE',  ( 0.000000000000000000, 0.000000000000000000, -1.000000000000000000 ) ) ;
#864 = VECTOR ( 'NONE', #2784, 39.37007874015748143 ) ;
#865 = LINE ( 'NONE', #4943, #426 ) ;
#866 = VECTOR ( 'NONE', #3199, 39.37007874015748143 ) ;
#867 = CARTESIAN_POINT ( 'NONE',  ( 1.646723852084220674, -0.01541307663768504144, 0.1102362204724409434 ) ) ;
#868 = CARTESIAN_POINT ( 'NONE',  ( 1.491212041060598459, -0.01541307663768504144, 0.1259842519685039353 ) ) ;
#869 = CARTESIAN_POINT ( 'NONE',  ( 1.193856412581917326, 0.1223821989528663390, 0.06692913385826770867 ) ) ;
#870 = VECTOR ( 'NONE', #5239, 39.37007874015748143 ) ;
#871 = VERTEX_POINT ( 'NONE', #2001 ) ;
#872 = CARTESIAN_POINT ( 'NONE',  ( 1.644760244983787700, -0.2093104702001736261, -0.04133858267716536417 ) ) ;
#873 = VERTEX_POINT ( 'NONE', #2837 ) ;
#874 = LINE ( 'NONE', #2505, #3401 ) ;
#875 = ORIENTED_EDGE ( 'NONE', *, *, #1153, .F. ) ;
#876 = ADVANCED_FACE ( 'NONE', ( #3639 ), #5252, .F. ) ;
#877 = DIRECTION ( 'NONE',  ( -1.000000000000000000, 0.000000000000000000, 0.000000000000000000 ) ) ;
#878 = VERTEX_POINT ( 'NONE', #2733 ) ;
#879 = ORIENTED_EDGE ( 'NONE', *, *, #1933, .F. ) ;
#880 = ORIENTED_EDGE ( 'NONE', *, *, #1822, .F. ) ;
#881 = EDGE_CURVE ( 'NONE', #4830, #1701, #4361, .T. ) ;
#882 = DIRECTION ( 'NONE',  ( 0.000000000000000000, 0.000000000000000000, -1.000000000000000000 ) ) ;
#883 = FACE_OUTER_BOUND ( 'NONE', #1099, .T. ) ;
#884 = CARTESIAN_POINT ( 'NONE',  ( 1.235194995259094597, -0.05478315537781906774, 0.1102362204724409434 ) ) ;
#885 = CARTESIAN_POINT ( 'NONE',  ( 1.428219915076354596, -0.05478315537781906774, 0.1259842519685039353 ) ) ;
#886 = ORIENTED_EDGE ( 'NONE', *, *, #301, .F. ) ;
#887 = EDGE_CURVE ( 'NONE', #4780, #1504, #4323, .T. ) ;
#888 = DIRECTION ( 'NONE',  ( 0.000000000000000000, 0.000000000000000000, -1.000000000000000000 ) ) ;
#889 = ADVANCED_FACE ( 'NONE', ( #293 ), #2760, .F. ) ;
#890 = CARTESIAN_POINT ( 'NONE',  ( 1.069840664550421261, 0.1184451910788427292, -0.1102362204724409434 ) ) ;
#891 = CARTESIAN_POINT ( 'NONE',  ( 1.699761924392952706, -0.01541307663766153767, 0.1102362204724409434 ) ) ;
#892 = FACE_OUTER_BOUND ( 'NONE', #697, .T. ) ;
#893 = LINE ( 'NONE', #494, #3849 ) ;
#894 = VERTEX_POINT ( 'NONE', #108 ) ;
#895 = FACE_OUTER_BOUND ( 'NONE', #4105, .T. ) ;
#896 = ORIENTED_EDGE ( 'NONE', *, *, #4610, .T. ) ;
#897 = EDGE_CURVE ( 'NONE', #2110, #2173, #54, .T. ) ;
#898 = DIRECTION ( 'NONE',  ( 4.869399230812180366E-15, 1.000000000000000000, 0.000000000000000000 ) ) ;
#899 = ORIENTED_EDGE ( 'NONE', *, *, #4984, .F. ) ;
#900 = VERTEX_POINT ( 'NONE', #2967 ) ;
#901 = DIRECTION ( 'NONE',  ( 0.000000000000000000, 0.000000000000000000, -1.000000000000000000 ) ) ;
#902 = ORIENTED_EDGE ( 'NONE', *, *, #4711, .T. ) ;
#903 = VECTOR ( 'NONE', #1949, 39.37007874015748143 ) ;
#904 = CARTESIAN_POINT ( 'NONE',  ( 1.164328853526799490, 0.1066341674568033471, 0.1102362204724409434 ) ) ;
#905 = EDGE_CURVE ( 'NONE', #2829, #2426, #478, .T. ) ;
#906 = EDGE_CURVE ( 'NONE', #2156, #2671, #2863, .T. ) ;
#907 = DIRECTION ( 'NONE',  ( 1.000000000000000000, 0.000000000000000000, 0.000000000000000000 ) ) ;
#908 = ORIENTED_EDGE ( 'NONE', *, *, #2754, .F. ) ;
#909 = LINE ( 'NONE', #2919, #2412 ) ;
#910 = CARTESIAN_POINT ( 'NONE',  ( 1.546330151296830602, -0.2112312353184807034, -0.05708661417322834220 ) ) ;
#911 = VERTEX_POINT ( 'NONE', #2513 ) ;
#912 = AXIS2_PLACEMENT_3D ( 'NONE', #2499, #786, #464 ) ;
#913 = VECTOR ( 'NONE', #2997, 39.37007874015748143 ) ;
#914 = DIRECTION ( 'NONE',  ( 1.000000000000000000, 0.000000000000000000, 0.000000000000000000 ) ) ;
#915 = VECTOR ( 'NONE', #5, 39.37007874015748143 ) ;
#916 = DIRECTION ( 'NONE',  ( 1.000000000000000000, 0.000000000000000000, 0.000000000000000000 ) ) ;
#917 = ADVANCED_FACE ( 'NONE', ( #1328 ), #1735, .F. ) ;
#918 = AXIS2_PLACEMENT_3D ( 'NONE', #2242, #5032, #2590 ) ;
#919 = DIRECTION ( 'NONE',  ( -0.7071067811865280328, -0.7071067811865670016, 0.000000000000000000 ) ) ;
#920 = LINE ( 'NONE', #2553, #4497 ) ;
#921 = VERTEX_POINT ( 'NONE', #3314 ) ;
#922 = CARTESIAN_POINT ( 'NONE',  ( 1.546330151296830602, -0.05478315537781906774, -0.05708661417322834220 ) ) ;
#923 = ORIENTED_EDGE ( 'NONE', *, *, #3608, .T. ) ;
#924 = VECTOR ( 'NONE', #2907, 39.37007874015748143 ) ;
#925 = CARTESIAN_POINT ( 'NONE',  ( 1.231369521375566878, -0.2092602722875436805, 0.05708661417322834220 ) ) ;
#926 = EDGE_CURVE ( 'NONE', #1491, #3416, #4934, .T. ) ;
#927 = DIRECTION ( 'NONE',  ( 0.000000000000000000, 1.000000000000000000, 0.000000000000000000 ) ) ;
#928 = ORIENTED_EDGE ( 'NONE', *, *, #1090, .F. ) ;
#929 = EDGE_LOOP ( 'NONE', ( #1699, #1786, #2622, #735 ) ) ;
#930 = EDGE_LOOP ( 'NONE', ( #1015, #5191, #4913, #1161 ) ) ;
#931 = DIRECTION ( 'NONE',  ( 1.000000000000000000, 0.000000000000000000, 0.000000000000000000 ) ) ;
#932 = DIRECTION ( 'NONE',  ( 1.000000000000000000, 0.000000000000000000, 0.000000000000000000 ) ) ;
#933 = DIRECTION ( 'NONE',  ( -1.541976423090450077E-15, -1.000000000000000000, -4.336808689941989386E-17 ) ) ;
#934 = DIRECTION ( 'NONE',  ( 0.000000000000000000, 0.000000000000000000, -1.000000000000000000 ) ) ;
#935 = ORIENTED_EDGE ( 'NONE', *, *, #1267, .T. ) ;
#936 = FACE_OUTER_BOUND ( 'NONE', #211, .T. ) ;
#937 = EDGE_CURVE ( 'NONE', #957, #4184, #3474, .T. ) ;
#938 = VECTOR ( 'NONE', #2929, 39.37007874015748143 ) ;
#939 = DIRECTION ( 'NONE',  ( 1.000000000000000000, 0.000000000000000000, 0.000000000000000000 ) ) ;
#940 = AXIS2_PLACEMENT_3D ( 'NONE', #1207, #5260, #4067 ) ;
#941 = CARTESIAN_POINT ( 'NONE',  ( 1.193856412581917326, 0.1341932225749063179, -0.06692913385826770867 ) ) ;
#942 = VECTOR ( 'NONE', #980, 39.37007874015748143 ) ;
#943 = DIRECTION ( 'NONE',  ( 1.000000000000000000, -5.551115123125780178E-14, 0.000000000000000000 ) ) ;
#944 = CARTESIAN_POINT ( 'NONE',  ( 1.646723852084220674, -0.01541307663768504144, 0.1259842519685039353 ) ) ;
#945 = ORIENTED_EDGE ( 'NONE', *, *, #3867, .F. ) ;
#946 = VECTOR ( 'NONE', #2667, 39.37007874015748143 ) ;
#947 = DIRECTION ( 'NONE',  ( 0.000000000000000000, -1.000000000000000000, 9.680376540049299926E-18 ) ) ;
#948 = EDGE_CURVE ( 'NONE', #2178, #2799, #82, .T. ) ;
#949 = PLANE ( 'NONE',  #2274 ) ;
#950 = AXIS2_PLACEMENT_3D ( 'NONE', #2382, #2814, #400 ) ;
#951 = LINE ( 'NONE', #76, #3345 ) ;
#952 = ORIENTED_EDGE ( 'NONE', *, *, #22, .T. ) ;
#953 = ORIENTED_EDGE ( 'NONE', *, *, #2217, .T. ) ;
#954 = CARTESIAN_POINT ( 'NONE',  ( 1.361179247227586764, 0.1066341674567956588, 0.1259842519685039353 ) ) ;
#955 = ORIENTED_EDGE ( 'NONE', *, *, #135, .F. ) ;
#956 = EDGE_CURVE ( 'NONE', #3690, #1586, #1708, .T. ) ;
#957 = VERTEX_POINT ( 'NONE', #2565 ) ;
#958 = CARTESIAN_POINT ( 'NONE',  ( 1.081651688172472481, 0.1341932225749137841, -0.1102362204724409434 ) ) ;
#959 = ORIENTED_EDGE ( 'NONE', *, *, #3838, .T. ) ;
#960 = DIRECTION ( 'NONE',  ( 1.000000000000000000, 0.000000000000000000, 0.000000000000000000 ) ) ;
#961 = CARTESIAN_POINT ( 'NONE',  ( 1.138849836336185195, -0.01541307663768504144, 0.1259842519685039353 ) ) ;
#962 = ORIENTED_EDGE ( 'NONE', *, *, #1640, .F. ) ;
#963 = PLANE ( 'NONE',  #5164 ) ;
#964 =( NAMED_UNIT ( * ) PLANE_ANGLE_UNIT ( ) SI_UNIT ( $, .RADIAN. ) );
#965 = EDGE_CURVE ( 'NONE', #334, #1678, #4885, .T. ) ;
#966 = ORIENTED_EDGE ( 'NONE', *, *, #2910, .F. ) ;
#967 = LINE ( 'NONE', #5018, #855 ) ;
#968 = FACE_OUTER_BOUND ( 'NONE', #4852, .T. ) ;
#969 = EDGE_CURVE ( 'NONE', #2337, #4666, #4962, .T. ) ;
#970 = PLANE ( 'NONE',  #1251 ) ;
#971 = ORIENTED_EDGE ( 'NONE', *, *, #2096, .F. ) ;
#972 = DIRECTION ( 'NONE',  ( -1.000000000000000000, 0.000000000000000000, 0.000000000000000000 ) ) ;
#973 = CARTESIAN_POINT ( 'NONE',  ( 1.526645111926748122, -0.05478315537781906774, 0.05708661417322834220 ) ) ;
#974 = DIRECTION ( 'NONE',  ( 1.000000000000000000, 0.000000000000000000, 0.000000000000000000 ) ) ;
#975 = ORIENTED_EDGE ( 'NONE', *, *, #937, .T. ) ;
#976 = ORIENTED_EDGE ( 'NONE', *, *, #5074, .T. ) ;
#977 = CARTESIAN_POINT ( 'NONE',  ( 1.361179247227586764, 0.1066341674567956588, -0.1102362204724409434 ) ) ;
#978 = ORIENTED_EDGE ( 'NONE', *, *, #1526, .T. ) ;
#979 = ORIENTED_EDGE ( 'NONE', *, *, #2524, .T. ) ;
#980 = DIRECTION ( 'NONE',  ( 1.000000000000000000, 0.000000000000000000, 0.000000000000000000 ) ) ;
#981 = EDGE_CURVE ( 'NONE', #504, #3479, #4198, .T. ) ;
#982 = ORIENTED_EDGE ( 'NONE', *, *, #5105, .F. ) ;
#983 = DIRECTION ( 'NONE',  ( 0.000000000000000000, -1.000000000000000000, 0.000000000000000000 ) ) ;
#984 = VERTEX_POINT ( 'NONE', #4144 ) ;
#985 = VECTOR ( 'NONE', #1972, 39.37007874015748143 ) ;
#986 = CARTESIAN_POINT ( 'NONE',  ( 1.550267159170830578, -0.07446819474792892857, 0.1259842519685039353 ) ) ;
#987 = DIRECTION ( 'NONE',  ( -1.000000000000000000, 0.000000000000000000, 0.000000000000000000 ) ) ;
#988 = EDGE_CURVE ( 'NONE', #996, #1824, #1414, .T. ) ;
#989 = AXIS2_PLACEMENT_3D ( 'NONE', #2820, #4449, #2275 ) ;
#990 = VERTEX_POINT ( 'NONE', #2167 ) ;
#991 = LINE ( 'NONE', #2629, #255 ) ;
#992 = AXIS2_PLACEMENT_3D ( 'NONE', #3122, #1088, #4698 ) ;
#993 = FACE_OUTER_BOUND ( 'NONE', #4095, .T. ) ;
#994 = VECTOR ( 'NONE', #1870, 39.37007874015748143 ) ;
#995 = LINE ( 'NONE', #223, #1594 ) ;
#996 = VERTEX_POINT ( 'NONE', #1307 ) ;
#997 = CARTESIAN_POINT ( 'NONE',  ( 1.428219915076354596, -0.05478315537781906774, 0.1259842519685039353 ) ) ;
#998 = EDGE_CURVE ( 'NONE', #231, #2133, #2942, .T. ) ;
#999 = CARTESIAN_POINT ( 'NONE',  ( 1.164328853526799490, 0.1066341674568033471, 0.1259842519685039353 ) ) ;
#1000 = VECTOR ( 'NONE', #761, 39.37007874015748143 ) ;
#1001 = LINE ( 'NONE', #4347, #3520 ) ;
#1002 = ORIENTED_EDGE ( 'NONE', *, *, #528, .T. ) ;
#1003 = VERTEX_POINT ( 'NONE', #4487 ) ;
#1004 = LINE ( 'NONE', #5141, #3829 ) ;
#1005 = ORIENTED_EDGE ( 'NONE', *, *, #3594, .T. ) ;
#1006 = VECTOR ( 'NONE', #4345, 39.37007874015748143 ) ;
#1007 = ORIENTED_EDGE ( 'NONE', *, *, #232, .T. ) ;
#1008 = FACE_OUTER_BOUND ( 'NONE', #4847, .T. ) ;
#1009 = CARTESIAN_POINT ( 'NONE',  ( 1.526645111926748122, -0.2092602722875436805, 0.1259842519685039353 ) ) ;
#1010 = ORIENTED_EDGE ( 'NONE', *, *, #2345, .F. ) ;
#1011 = EDGE_CURVE ( 'NONE', #2528, #2313, #4564, .T. ) ;
#1012 = LINE ( 'NONE', #5151, #4745 ) ;
#1013 = DIRECTION ( 'NONE',  ( 0.000000000000000000, 0.000000000000000000, -1.000000000000000000 ) ) ;
#1014 = LINE ( 'NONE', #3478, #531 ) ;
#1015 = ORIENTED_EDGE ( 'NONE', *, *, #1652, .F. ) ;
#1016 = LINE ( 'NONE', #3864, #3164 ) ;
#1017 = ADVANCED_FACE ( 'NONE', ( #2487 ), #2458, .F. ) ;
#1018 = DIRECTION ( 'NONE',  ( 0.000000000000000000, -1.000000000000000000, 0.000000000000000000 ) ) ;
#1019 = VECTOR ( 'NONE', #2846, 39.37007874015748143 ) ;
#1020 = FACE_OUTER_BOUND ( 'NONE', #4474, .T. ) ;
#1021 = ORIENTED_EDGE ( 'NONE', *, *, #648, .F. ) ;
#1022 = CARTESIAN_POINT ( 'NONE',  ( 1.337557199983492318, 0.1066341674568033471, 0.1259842519685039353 ) ) ;
#1023 = AXIS2_PLACEMENT_3D ( 'NONE', #2174, #4205, #4178 ) ;
#1024 = DIRECTION ( 'NONE',  ( 0.000000000000000000, 0.000000000000000000, -1.000000000000000000 ) ) ;
#1025 = PLANE ( 'NONE',  #4493 ) ;
#1026 = DIRECTION ( 'NONE',  ( 0.000000000000000000, 0.000000000000000000, -1.000000000000000000 ) ) ;
#1027 = VECTOR ( 'NONE', #455, 39.37007874015748143 ) ;
#1028 = ORIENTED_EDGE ( 'NONE', *, *, #3030, .T. ) ;
#1029 = EDGE_CURVE ( 'NONE', #3772, #5139, #3136, .T. ) ;
#1030 = CARTESIAN_POINT ( 'NONE',  ( 1.550155625180354546, -0.05478315537781906774, -0.1259842519685039353 ) ) ;
#1031 = EDGE_LOOP ( 'NONE', ( #2187, #527, #4482, #959 ) ) ;
#1032 = VECTOR ( 'NONE', #4613, 39.37007874015748143 ) ;
#1033 = ORIENTED_EDGE ( 'NONE', *, *, #3518, .F. ) ;
#1034 = CARTESIAN_POINT ( 'NONE',  ( 1.699761924392941159, 0.1341932225749137841, 0.1102362204724409434 ) ) ;
#1035 = ORIENTED_EDGE ( 'NONE', *, *, #122, .F. ) ;
#1036 = EDGE_CURVE ( 'NONE', #103, #1140, #3778, .T. ) ;
#1037 = VECTOR ( 'NONE', #2552, 39.37007874015748143 ) ;
#1038 = LINE ( 'NONE', #3501, #64 ) ;
#1039 = ORIENTED_EDGE ( 'NONE', *, *, #1712, .F. ) ;
#1040 = CARTESIAN_POINT ( 'NONE',  ( 1.371021766912626116, 0.3310436162757008360, 0.05905511811023622659 ) ) ;
#1041 = AXIS2_PLACEMENT_3D ( 'NONE', #2195, #1819, #1283 ) ;
#1042 = CARTESIAN_POINT ( 'NONE',  ( 1.510897080430677164, -0.05084614750383433662, 0.1259842519685039353 ) ) ;
#1043 = CARTESIAN_POINT ( 'NONE',  ( 1.644643814156732331, -0.01541307663766153767, 0.1259842519685039353 ) ) ;
#1044 = EDGE_CURVE ( 'NONE', #4555, #610, #4243, .T. ) ;
#1045 = ORIENTED_EDGE ( 'NONE', *, *, #1360, .T. ) ;
#1046 = CARTESIAN_POINT ( 'NONE',  ( -1.088107366759384131, 0.1223821989528740273, -0.1259842519685039353 ) ) ;
#1047 = DIRECTION ( 'NONE',  ( 0.000000000000000000, 0.000000000000000000, -1.000000000000000000 ) ) ;
#1048 = CARTESIAN_POINT ( 'NONE',  ( 1.546330151296830602, -0.05478315537781906774, -0.04133858267716536417 ) ) ;
#1049 = EDGE_CURVE ( 'NONE', #2489, #3528, #1761, .T. ) ;
#1050 = CARTESIAN_POINT ( 'NONE',  ( 1.081651688172480474, -0.05478315537781906774, -0.1102362204724409434 ) ) ;
#1051 = VERTEX_POINT ( 'NONE', #2646 ) ;
#1052 = CARTESIAN_POINT ( 'NONE',  ( 1.526645111926748122, -0.2092602722875436805, 0.1259842519685039353 ) ) ;
#1053 = CARTESIAN_POINT ( 'NONE',  ( 1.268659562188216627, 0.03970503359852826930, 0.1259842519685039353 ) ) ;
#1054 = LINE ( 'NONE', #2691, #3178 ) ;
#1055 = EDGE_LOOP ( 'NONE', ( #2030, #1866, #3694, #4976, #1534 ) ) ;
#1056 = ORIENTED_EDGE ( 'NONE', *, *, #3731, .T. ) ;
#1057 = CARTESIAN_POINT ( 'NONE',  ( 1.644760244983787700, -0.2093104702001736261, 0.1259842519685039353 ) ) ;
#1058 = ORIENTED_EDGE ( 'NONE', *, *, #1029, .F. ) ;
#1059 = ORIENTED_EDGE ( 'NONE', *, *, #110, .F. ) ;
#1060 = DIRECTION ( 'NONE',  ( 0.7071067811865280328, -0.7071067811865670016, 0.000000000000000000 ) ) ;
#1061 = LINE ( 'NONE', #1565, #903 ) ;
#1062 = DIRECTION ( 'NONE',  ( 1.000000000000000000, 0.000000000000000000, 0.000000000000000000 ) ) ;
#1063 = EDGE_LOOP ( 'NONE', ( #4905, #2938, #2265, #3357 ) ) ;
#1064 = CARTESIAN_POINT ( 'NONE',  ( 1.193856412581917326, 0.1341932225749063179, 0.1259842519685039353 ) ) ;
#1065 = EDGE_CURVE ( 'NONE', #86, #2220, #1460, .T. ) ;
#1066 = DIRECTION ( 'NONE',  ( 0.000000000000000000, 0.000000000000000000, -1.000000000000000000 ) ) ;
#1067 = EDGE_CURVE ( 'NONE', #2091, #5198, #2794, .T. ) ;
#1068 = DIRECTION ( 'NONE',  ( 0.000000000000000000, 1.000000000000000000, 0.000000000000000000 ) ) ;
#1069 = ORIENTED_EDGE ( 'NONE', *, *, #5129, .F. ) ;
#1070 = ORIENTED_EDGE ( 'NONE', *, *, #3506, .T. ) ;
#1071 = VECTOR ( 'NONE', #1492, 39.37007874015748143 ) ;
#1072 = ADVANCED_FACE ( 'NONE', ( #712 ), #3610, .T. ) ;
#1073 = VECTOR ( 'NONE', #2807, 39.37007874015748143 ) ;
#1074 = DIRECTION ( 'NONE',  ( 1.000000000000000000, 0.000000000000000000, 0.000000000000000000 ) ) ;
#1075 = CARTESIAN_POINT ( 'NONE',  ( 1.646723852084220674, -0.01541307663768504144, 0.1102362204724409434 ) ) ;
#1076 = FACE_OUTER_BOUND ( 'NONE', #188, .T. ) ;
#1077 = EDGE_LOOP ( 'NONE', ( #468, #544, #5243, #4318 ) ) ;
#1078 = FACE_OUTER_BOUND ( 'NONE', #857, .T. ) ;
#1079 = VECTOR ( 'NONE', #1872, 39.37007874015748143 ) ;
#1080 = ADVANCED_FACE ( 'NONE', ( #2857 ), #1673, .T. ) ;
#1081 = LINE ( 'NONE', #4797, #2706 ) ;
#1082 = AXIS2_PLACEMENT_3D ( 'NONE', #4410, #3696, #2536 ) ;
#1083 = DIRECTION ( 'NONE',  ( 1.000000000000000000, -1.132880637372604036E-14, 0.000000000000000000 ) ) ;
#1084 = ORIENTED_EDGE ( 'NONE', *, *, #3061, .F. ) ;
#1085 = VERTEX_POINT ( 'NONE', #419 ) ;
#1086 = CARTESIAN_POINT ( 'NONE',  ( 1.294361647359807188, -0.01541307663768504144, -0.1102362204724409434 ) ) ;
#1087 = ORIENTED_EDGE ( 'NONE', *, *, #1596, .F. ) ;
#1088 = DIRECTION ( 'NONE',  ( 1.000000000000000000, 0.000000000000000000, 0.000000000000000000 ) ) ;
#1089 = VECTOR ( 'NONE', #4249, 39.37007874015748143 ) ;
#1090 = EDGE_CURVE ( 'NONE', #4830, #1876, #2050, .T. ) ;
#1091 = CARTESIAN_POINT ( 'NONE',  ( 1.390706806282705266, 0.1223821989528586507, 0.05905511811023622659 ) ) ;
#1092 = DIRECTION ( 'NONE',  ( -2.853163611803959394E-17, 0.000000000000000000, 1.000000000000000000 ) ) ;
#1093 = FACE_OUTER_BOUND ( 'NONE', #2398, .T. ) ;
#1094 = ORIENTED_EDGE ( 'NONE', *, *, #3108, .T. ) ;
#1095 = CARTESIAN_POINT ( 'NONE',  ( 1.292281609432311296, 0.3310436162757008360, 0.05905511811023622659 ) ) ;
#1096 = VECTOR ( 'NONE', #4314, 39.37007874015748143 ) ;
#1097 = DIRECTION ( 'NONE',  ( 0.000000000000000000, 0.000000000000000000, -1.000000000000000000 ) ) ;
#1098 = CARTESIAN_POINT ( 'NONE',  ( 1.233226491322078733, 0.1066341674568033471, 0.1259842519685039353 ) ) ;
#1099 = EDGE_LOOP ( 'NONE', ( #4001, #1343, #5138, #309 ) ) ;
#1100 = EDGE_LOOP ( 'NONE', ( #1377, #3121, #1379, #1748 ) ) ;
#1101 = EDGE_CURVE ( 'NONE', #3250, #878, #1152, .T. ) ;
#1102 = DIRECTION ( 'NONE',  ( -1.000000000000000000, 0.000000000000000000, 0.000000000000000000 ) ) ;
#1103 = CARTESIAN_POINT ( 'NONE',  ( 1.233226491322078733, 0.1066341674568033471, 0.1259842519685039353 ) ) ;
#1104 = DIRECTION ( 'NONE',  ( 0.000000000000000000, -1.000000000000000000, 0.000000000000000000 ) ) ;
#1105 = EDGE_LOOP ( 'NONE', ( #3969, #3361, #1524, #3510 ) ) ;
#1106 = ADVANCED_FACE ( 'NONE', ( #936 ), #4626, .F. ) ;
#1107 = LINE ( 'NONE', #3115, #4767 ) ;
#1108 = CARTESIAN_POINT ( 'NONE',  ( 1.268659562188216627, 0.1066341674568033471, 0.1259842519685039353 ) ) ;
#1109 = AXIS2_PLACEMENT_3D ( 'NONE', #3711, #384, #2419 ) ;
#1110 = CARTESIAN_POINT ( 'NONE',  ( 1.546330151296830602, -0.2112312353184807034, 0.1259842519685039353 ) ) ;
#1111 = EDGE_LOOP ( 'NONE', ( #2598, #2166, #2100, #313 ) ) ;
#1112 = ORIENTED_EDGE ( 'NONE', *, *, #1135, .F. ) ;
#1113 = ADVANCED_FACE ( 'NONE', ( #3503 ), #4359, .F. ) ;
#1114 = VECTOR ( 'NONE', #2335, 39.37007874015748143 ) ;
#1115 = PLANE ( 'NONE',  #3147 ) ;
#1116 = ORIENTED_EDGE ( 'NONE', *, *, #203, .T. ) ;
#1117 = VECTOR ( 'NONE', #274, 39.37007874015748143 ) ;
#1118 = CARTESIAN_POINT ( 'NONE',  ( 1.546330151296830602, -0.05478315537781906774, 0.05708661417322834220 ) ) ;
#1119 = CARTESIAN_POINT ( 'NONE',  ( 1.699761924392952706, -0.01541307663766153767, -0.1259842519685039353 ) ) ;
#1120 = ADVANCED_FACE ( 'NONE', ( #3617 ), #3534, .F. ) ;
#1121 = PRESENTATION_STYLE_ASSIGNMENT (( #3157 ) ) ;
#1122 = ORIENTED_EDGE ( 'NONE', *, *, #5233, .T. ) ;
#1123 = CARTESIAN_POINT ( 'NONE',  ( 1.550155625180354546, -0.01541307663766153767, -0.1102362204724409434 ) ) ;
#1124 = VECTOR ( 'NONE', #2324, 39.37007874015748143 ) ;
#1125 = LINE ( 'NONE', #4411, #2959 ) ;
#1126 = CARTESIAN_POINT ( 'NONE',  ( 1.164328853526799490, 0.03970503359853590208, 0.1259842519685039353 ) ) ;
#1127 = VECTOR ( 'NONE', #1424, 39.37007874015748143 ) ;
#1128 = ORIENTED_EDGE ( 'NONE', *, *, #2181, .T. ) ;
#1129 = ORIENTED_EDGE ( 'NONE', *, *, #3052, .F. ) ;
#1130 = CARTESIAN_POINT ( 'NONE',  ( 1.699761924392952706, -0.01541307663766153767, 0.1259842519685039353 ) ) ;
#1131 = ADVANCED_FACE ( 'NONE', ( #2781 ), #5150, .F. ) ;
#1132 = DIRECTION ( 'NONE',  ( -1.000000000000000000, 0.000000000000000000, 0.000000000000000000 ) ) ;
#1133 = LINE ( 'NONE', #2767, #1006 ) ;
#1134 = FACE_OUTER_BOUND ( 'NONE', #4762, .T. ) ;
#1135 = EDGE_CURVE ( 'NONE', #4348, #4625, #2330, .T. ) ;
#1136 = CARTESIAN_POINT ( 'NONE',  ( 1.550155625180354546, -0.05478315537781906774, -0.1102362204724409434 ) ) ;
#1137 = VERTEX_POINT ( 'NONE', #1925 ) ;
#1138 = ORIENTED_EDGE ( 'NONE', *, *, #2498, .T. ) ;
#1139 = DIRECTION ( 'NONE',  ( 1.000000000000000000, 0.000000000000000000, 0.000000000000000000 ) ) ;
#1140 = VERTEX_POINT ( 'NONE', #292 ) ;
#1141 = LINE ( 'NONE', #2776, #1975 ) ;
#1142 = EDGE_LOOP ( 'NONE', ( #5007, #1039, #2508, #192 ) ) ;
#1143 = LINE ( 'NONE', #1465, #1242 ) ;
#1144 = DIRECTION ( 'NONE',  ( 0.000000000000000000, 0.000000000000000000, -1.000000000000000000 ) ) ;
#1145 = VERTEX_POINT ( 'NONE', #4408 ) ;
#1146 = CARTESIAN_POINT ( 'NONE',  ( 1.138849836336185195, -0.08627921836996831073, 0.1102362204724409434 ) ) ;
#1147 = CARTESIAN_POINT ( 'NONE',  ( 1.193856412581917326, 0.1341932225749063179, 0.06692913385826770867 ) ) ;
#1148 = EDGE_CURVE ( 'NONE', #681, #1419, #717, .T. ) ;
#1149 = LINE ( 'NONE', #638, #4789 ) ;
#1150 = LINE ( 'NONE', #1980, #440 ) ;
#1151 = ORIENTED_EDGE ( 'NONE', *, *, #4356, .F. ) ;
#1152 = LINE ( 'NONE', #375, #913 ) ;
#1153 = EDGE_CURVE ( 'NONE', #1514, #5045, #1171, .T. ) ;
#1154 = CARTESIAN_POINT ( 'NONE',  ( 1.272596570062232368, 0.3113585769056220753, 0.1259842519685039353 ) ) ;
#1155 = PLANE ( 'NONE',  #4594 ) ;
#1156 = AXIS2_PLACEMENT_3D ( 'NONE', #2638, #3845, #3062 ) ;
#1157 = LINE ( 'NONE', #1858, #1334 ) ;
#1158 = DIRECTION ( 'NONE',  ( 0.000000000000000000, 0.000000000000000000, -1.000000000000000000 ) ) ;
#1159 = VECTOR ( 'NONE', #3424, 39.37007874015748143 ) ;
#1160 = ORIENTED_EDGE ( 'NONE', *, *, #140, .T. ) ;
#1161 = ORIENTED_EDGE ( 'NONE', *, *, #329, .T. ) ;
#1162 = CARTESIAN_POINT ( 'NONE',  ( 1.140706806282704822, 0.03970503359853590208, -0.1259842519685039353 ) ) ;
#1163 = EDGE_LOOP ( 'NONE', ( #3422, #1549, #2787, #576 ) ) ;
#1164 = EDGE_CURVE ( 'NONE', #3302, #1564, #2759, .T. ) ;
#1165 = VECTOR ( 'NONE', #2890, 39.37007874015748143 ) ;
#1166 = PLANE ( 'NONE',  #1370 ) ;
#1167 = FACE_OUTER_BOUND ( 'NONE', #5077, .T. ) ;
#1168 = LINE ( 'NONE', #3585, #1422 ) ;
#1169 = EDGE_LOOP ( 'NONE', ( #4615, #1327, #1282, #1033, #4321, #2612, #3309, #3712, #1814, #1303 ) ) ;
#1170 = VECTOR ( 'NONE', #4624, 39.37007874015748854 ) ;
#1171 = LINE ( 'NONE', #1123, #5255 ) ;
#1172 = DIRECTION ( 'NONE',  ( 0.000000000000000000, 0.000000000000000000, 1.000000000000000000 ) ) ;
#1173 = AXIS2_PLACEMENT_3D ( 'NONE', #2109, #4513, #105 ) ;
#1174 = DIRECTION ( 'NONE',  ( 1.000000000000000000, 0.000000000000000000, 0.000000000000000000 ) ) ;
#1175 = ORIENTED_EDGE ( 'NONE', *, *, #1250, .F. ) ;
#1176 = LINE ( 'NONE', #3856, #4374 ) ;
#1177 = EDGE_CURVE ( 'NONE', #2533, #4025, #2377, .T. ) ;
#1178 = VECTOR ( 'NONE', #1585, 39.37007874015748143 ) ;
#1179 = DIRECTION ( 'NONE',  ( 1.000000000000000000, 1.387778780781472023E-14, 0.000000000000000000 ) ) ;
#1180 = CARTESIAN_POINT ( 'NONE',  ( 1.231369521375566878, -0.05478315537781906774, 0.05708661417322834220 ) ) ;
#1181 = EDGE_CURVE ( 'NONE', #3631, #3927, #3184, .T. ) ;
#1182 = DIRECTION ( 'NONE',  ( -1.000000000000000000, 0.000000000000000000, 0.000000000000000000 ) ) ;
#1183 = CARTESIAN_POINT ( 'NONE',  ( 1.164328853526799490, 0.1066341674568033471, 0.1259842519685039353 ) ) ;
#1184 = PLANE ( 'NONE',  #2226 ) ;
#1185 = CARTESIAN_POINT ( 'NONE',  ( 1.235306529249574847, -0.01541307663768504144, 0.1259842519685039353 ) ) ;
#1186 = ORIENTED_EDGE ( 'NONE', *, *, #2359, .T. ) ;
#1187 = EDGE_LOOP ( 'NONE', ( #3863, #1725, #3823, #886 ) ) ;
#1188 = DIRECTION ( 'NONE',  ( 0.000000000000000000, -1.000000000000000000, 0.000000000000000000 ) ) ;
#1189 = EDGE_LOOP ( 'NONE', ( #475, #1917, #4462, #4877 ) ) ;
#1190 = VECTOR ( 'NONE', #4949, 39.37007874015748143 ) ;
#1191 = EDGE_CURVE ( 'NONE', #241, #1632, #5169, .T. ) ;
#1192 = CARTESIAN_POINT ( 'NONE',  ( 1.550155625180354546, -0.05478315537781906774, 0.1259842519685039353 ) ) ;
#1193 = AXIS2_PLACEMENT_3D ( 'NONE', #5132, #1501, #3111 ) ;
#1194 = VERTEX_POINT ( 'NONE', #1146 ) ;
#1195 = EDGE_LOOP ( 'NONE', ( #661, #3903, #1741, #2845 ) ) ;
#1196 = FACE_OUTER_BOUND ( 'NONE', #230, .T. ) ;
#1197 = ORIENTED_EDGE ( 'NONE', *, *, #2461, .T. ) ;
#1198 = VECTOR ( 'NONE', #1280, 39.37007874015748143 ) ;
#1199 = DIRECTION ( 'NONE',  ( -1.000000000000000000, 0.000000000000000000, 0.000000000000000000 ) ) ;
#1200 = EDGE_CURVE ( 'NONE', #3337, #1993, #4009, .T. ) ;
#1201 = PLANE ( 'NONE',  #515 ) ;
#1202 = DIRECTION ( 'NONE',  ( 0.7071067811865670016, -0.7071067811865280328, 0.000000000000000000 ) ) ;
#1203 = VECTOR ( 'NONE', #288, 39.37007874015748143 ) ;
#1204 = DIRECTION ( 'NONE',  ( -1.000000000000000000, 0.000000000000000000, 0.000000000000000000 ) ) ;
#1205 = ORIENTED_EDGE ( 'NONE', *, *, #2589, .F. ) ;
#1206 = VECTOR ( 'NONE', #1610, 39.37007874015748143 ) ;
#1207 = CARTESIAN_POINT ( 'NONE',  ( 1.536487631611791249, -0.2102457538030161610, -0.05708661417322834220 ) ) ;
#1208 = ADVANCED_FACE ( 'NONE', ( #4831, #4436 ), #771, .F. ) ;
#1209 = AXIS2_PLACEMENT_3D ( 'NONE', #1517, #5064, #1464 ) ;
#1210 = CARTESIAN_POINT ( 'NONE',  ( 1.550155625180354546, -0.01541307663766153767, -0.1102362204724409434 ) ) ;
#1211 = CARTESIAN_POINT ( 'NONE',  ( 1.235194995259094597, -0.05478315537781906774, -0.1259842519685039353 ) ) ;
#1212 = FACE_OUTER_BOUND ( 'NONE', #3719, .T. ) ;
#1213 = EDGE_CURVE ( 'NONE', #5222, #338, #270, .T. ) ;
#1214 = LINE ( 'NONE', #4820, #4961 ) ;
#1215 = EDGE_LOOP ( 'NONE', ( #24, #4566, #1861, #3880 ) ) ;
#1216 = LINE ( 'NONE', #414, #1877 ) ;
#1217 = ORIENTED_EDGE ( 'NONE', *, *, #3343, .F. ) ;
#1218 = DIRECTION ( 'NONE',  ( -0.7071067811865670016, 0.7071067811865280328, 0.000000000000000000 ) ) ;
#1219 = VERTEX_POINT ( 'NONE', #5250 ) ;
#1220 = DIRECTION ( 'NONE',  ( -4.625929269271509777E-14, 1.000000000000000000, 0.000000000000000000 ) ) ;
#1221 = ORIENTED_EDGE ( 'NONE', *, *, #2268, .F. ) ;
#1222 = ORIENTED_EDGE ( 'NONE', *, *, #3010, .T. ) ;
#1223 = LINE ( 'NONE', #5225, #4763 ) ;
#1224 = ORIENTED_EDGE ( 'NONE', *, *, #4610, .F. ) ;
#1225 = DIRECTION ( 'NONE',  ( 0.000000000000000000, 0.000000000000000000, -1.000000000000000000 ) ) ;
#1226 = FACE_OUTER_BOUND ( 'NONE', #4639, .T. ) ;
#1227 = CARTESIAN_POINT ( 'NONE',  ( 1.699761924392952706, -0.01541307663766153767, 0.1259842519685039353 ) ) ;
#1228 = CARTESIAN_POINT ( 'NONE',  ( 1.550155625180354546, -0.01541307663766153767, -0.1102362204724409434 ) ) ;
#1229 = VERTEX_POINT ( 'NONE', #2000 ) ;
#1230 = EDGE_CURVE ( 'NONE', #3502, #317, #1595, .T. ) ;
#1231 = DIRECTION ( 'NONE',  ( 0.000000000000000000, 0.000000000000000000, 1.000000000000000000 ) ) ;
#1232 = LINE ( 'NONE', #4631, #1616 ) ;
#1233 = ADVANCED_FACE ( 'NONE', ( #3526 ), #5086, .F. ) ;
#1234 = DIRECTION ( 'NONE',  ( -1.000000000000000000, 4.625929269271509777E-14, 0.000000000000000000 ) ) ;
#1235 = FACE_OUTER_BOUND ( 'NONE', #450, .T. ) ;
#1236 = CARTESIAN_POINT ( 'NONE',  ( 1.447909851282999982, -0.2093104702001736261, 0.05708661417322834220 ) ) ;
#1237 = ORIENTED_EDGE ( 'NONE', *, *, #3616, .F. ) ;
#1238 = LINE ( 'NONE', #2879, #4181 ) ;
#1239 = ORIENTED_EDGE ( 'NONE', *, *, #1415, .T. ) ;
#1240 = DIRECTION ( 'NONE',  ( 0.000000000000000000, 0.000000000000000000, -1.000000000000000000 ) ) ;
#1241 = ORIENTED_EDGE ( 'NONE', *, *, #1918, .F. ) ;
#1242 = VECTOR ( 'NONE', #3613, 39.37007874015748143 ) ;
#1243 = EDGE_CURVE ( 'NONE', #1979, #5057, #4297, .T. ) ;
#1244 = VECTOR ( 'NONE', #1097, 39.37007874015748143 ) ;
#1245 = LINE ( 'NONE', #2884, #3603 ) ;
#1246 = ORIENTED_EDGE ( 'NONE', *, *, #2901, .T. ) ;
#1247 = ORIENTED_EDGE ( 'NONE', *, *, #2065, .F. ) ;
#1248 = CARTESIAN_POINT ( 'NONE',  ( 1.235194995259094597, -0.05478315537781906774, -0.1102362204724409434 ) ) ;
#1249 = ORIENTED_EDGE ( 'NONE', *, *, #823, .F. ) ;
#1250 = EDGE_CURVE ( 'NONE', #152, #1647, #3581, .T. ) ;
#1251 = AXIS2_PLACEMENT_3D ( 'NONE', #3405, #3868, #1803 ) ;
#1252 = CARTESIAN_POINT ( 'NONE',  ( 1.193856412581917326, 0.1341932225749063179, -0.05905511811023622659 ) ) ;
#1253 = CARTESIAN_POINT ( 'NONE',  ( 1.625070308777141870, -0.05478315537781906774, 0.05708661417322834220 ) ) ;
#1254 = VECTOR ( 'NONE', #5039, 39.37007874015748143 ) ;
#1255 = VERTEX_POINT ( 'NONE', #4037 ) ;
#1256 = DIRECTION ( 'NONE',  ( -4.869399230812180366E-15, -1.000000000000000000, 0.000000000000000000 ) ) ;
#1257 = DIRECTION ( 'NONE',  ( -3.492338154230200146E-15, 1.000000000000000000, 3.644377050371479832E-17 ) ) ;
#1258 = ORIENTED_EDGE ( 'NONE', *, *, #3153, .F. ) ;
#1259 = CIRCLE ( 'NONE', #918, 0.009845000097158516927 ) ;
#1260 = CARTESIAN_POINT ( 'NONE',  ( 1.510897080430677164, -0.05084614750383433662, 0.1259842519685039353 ) ) ;
#1261 = ADVANCED_FACE ( 'NONE', ( #3589 ), #5203, .F. ) ;
#1262 = VECTOR ( 'NONE', #2070, 39.37007874015748143 ) ;
#1263 = DIRECTION ( 'NONE',  ( 0.000000000000000000, -1.000000000000000000, 0.000000000000000000 ) ) ;
#1264 = DIRECTION ( 'NONE',  ( 0.000000000000000000, 1.000000000000000000, 0.000000000000000000 ) ) ;
#1265 = FACE_BOUND ( 'NONE', #4078, .T. ) ;
#1266 = LINE ( 'NONE', #2930, #4541 ) ;
#1267 = EDGE_CURVE ( 'NONE', #276, #1525, #4196, .T. ) ;
#1268 = VERTEX_POINT ( 'NONE', #2250 ) ;
#1269 = CARTESIAN_POINT ( 'NONE',  ( 1.140706806282716590, -0.05478315537781906774, -0.1102362204724409434 ) ) ;
#1270 = ORIENTED_EDGE ( 'NONE', *, *, #3365, .T. ) ;
#1271 = DIRECTION ( 'NONE',  ( -0.7071067811865424657, -0.7071067811865524577, -3.066586833366706984E-17 ) ) ;
#1272 = ORIENTED_EDGE ( 'NONE', *, *, #656, .F. ) ;
#1273 = DIRECTION ( 'NONE',  ( 0.000000000000000000, -1.000000000000000000, 0.000000000000000000 ) ) ;
#1274 = ADVANCED_FACE ( 'NONE', ( #1436 ), #4303, .F. ) ;
#1275 = VERTEX_POINT ( 'NONE', #5187 ) ;
#1276 = ORIENTED_EDGE ( 'NONE', *, *, #3930, .T. ) ;
#1277 = VERTEX_POINT ( 'NONE', #4395 ) ;
#1278 = CARTESIAN_POINT ( 'NONE',  ( 1.164328853526799490, 0.1066341674568033471, -0.1259842519685039353 ) ) ;
#1279 = VECTOR ( 'NONE', #4103, 39.37007874015748143 ) ;
#1280 = DIRECTION ( 'NONE',  ( 0.000000000000000000, 0.000000000000000000, -1.000000000000000000 ) ) ;
#1281 = EDGE_CURVE ( 'NONE', #4226, #1804, #2039, .T. ) ;
#1282 = ORIENTED_EDGE ( 'NONE', *, *, #1874, .F. ) ;
#1283 = DIRECTION ( 'NONE',  ( -6.938893903907220805E-14, 0.000000000000000000, 1.000000000000000000 ) ) ;
#1284 = LINE ( 'NONE', #1686, #5087 ) ;
#1285 = ORIENTED_EDGE ( 'NONE', *, *, #4157, .T. ) ;
#1286 = AXIS2_PLACEMENT_3D ( 'NONE', #2466, #1287, #3238 ) ;
#1287 = DIRECTION ( 'NONE',  ( -4.625929269271509777E-14, -1.000000000000000000, 0.000000000000000000 ) ) ;
#1288 = AXIS2_PLACEMENT_3D ( 'NONE', #4388, #294, #1905 ) ;
#1289 = DIRECTION ( 'NONE',  ( -1.000000000000000000, 0.000000000000000000, 0.000000000000000000 ) ) ;
#1290 = VECTOR ( 'NONE', #1538, 39.37007874015748143 ) ;
#1291 = ADVANCED_FACE ( 'NONE', ( #1675 ), #1025, .F. ) ;
#1292 = DIRECTION ( 'NONE',  ( 0.000000000000000000, 0.000000000000000000, -1.000000000000000000 ) ) ;
#1293 = FACE_OUTER_BOUND ( 'NONE', #557, .T. ) ;
#1294 = DIRECTION ( 'NONE',  ( 1.000000000000000000, 0.000000000000000000, 0.000000000000000000 ) ) ;
#1295 = AXIS2_PLACEMENT_3D ( 'NONE', #4744, #1810, #1083 ) ;
#1296 = CARTESIAN_POINT ( 'NONE',  ( 1.625070308777141870, -0.2092602722875436805, 0.1259842519685039353 ) ) ;
#1297 = ORIENTED_EDGE ( 'NONE', *, *, #5147, .T. ) ;
#1298 = DIRECTION ( 'NONE',  ( 1.000000000000000000, 0.000000000000000000, 0.000000000000000000 ) ) ;
#1299 = EDGE_LOOP ( 'NONE', ( #3018, #2075, #1217, #3953 ) ) ;
#1300 = EDGE_CURVE ( 'NONE', #680, #2988, #36, .T. ) ;
#1301 = AXIS2_PLACEMENT_3D ( 'NONE', #2171, #3805, #3831 ) ;
#1302 = LINE ( 'NONE', #3012, #1459 ) ;
#1303 = ORIENTED_EDGE ( 'NONE', *, *, #2871, .F. ) ;
#1304 = EDGE_LOOP ( 'NONE', ( #1834, #879, #4587, #3615, #2342 ) ) ;
#1305 = DIRECTION ( 'NONE',  ( 0.000000000000000000, 0.000000000000000000, -1.000000000000000000 ) ) ;
#1306 = ORIENTED_EDGE ( 'NONE', *, *, #2685, .F. ) ;
#1307 = CARTESIAN_POINT ( 'NONE',  ( 1.699761924392941159, 0.1184451910788427292, -0.1259842519685039353 ) ) ;
#1308 = DIRECTION ( 'NONE',  ( -0.000000000000000000, 1.000000000000000000, 0.000000000000000000 ) ) ;
#1309 = CARTESIAN_POINT ( 'NONE',  ( 1.644643814156732331, -0.05478315537781906774, 0.1259842519685039353 ) ) ;
#1310 = ORIENTED_EDGE ( 'NONE', *, *, #4495, .T. ) ;
#1311 = EDGE_CURVE ( 'NONE', #710, #2313, #2637, .T. ) ;
#1312 = DIRECTION ( 'NONE',  ( -1.000000000000000000, 0.000000000000000000, 0.000000000000000000 ) ) ;
#1313 = CARTESIAN_POINT ( 'NONE',  ( 1.489132003133110338, -0.2092853712438586533, -0.1259842519685039353 ) ) ;
#1314 = ADVANCED_FACE ( 'NONE', ( #1020 ), #621, .F. ) ;
#1315 = LINE ( 'NONE', #4258, #3079 ) ;
#1316 = FACE_OUTER_BOUND ( 'NONE', #3336, .T. ) ;
#1317 = DIRECTION ( 'NONE',  ( -1.000000000000000000, 0.000000000000000000, 0.000000000000000000 ) ) ;
#1318 = EDGE_LOOP ( 'NONE', ( #415, #1350, #1069, #1974, #1621, #4192, #747, #1897, #58, #928, #2467, #1457, #633, #3347, #4507, #5231, #1732, #417, #1112, #3586 ) ) ;
#1319 = CARTESIAN_POINT ( 'NONE',  ( 1.361179247227586764, 0.03970503359852826930, -0.1102362204724409434 ) ) ;
#1320 = VERTEX_POINT ( 'NONE', #4580 ) ;
#1321 = LINE ( 'NONE', #1832, #1578 ) ;
#1322 = DIRECTION ( 'NONE',  ( 1.000000000000000000, 0.000000000000000000, 0.000000000000000000 ) ) ;
#1323 = ORIENTED_EDGE ( 'NONE', *, *, #3965, .T. ) ;
#1324 = ORIENTED_EDGE ( 'NONE', *, *, #1720, .F. ) ;
#1325 = ADVANCED_FACE ( 'NONE', ( #2605 ), #970, .F. ) ;
#1326 = DIRECTION ( 'NONE',  ( 0.000000000000000000, 0.000000000000000000, -1.000000000000000000 ) ) ;
#1327 = ORIENTED_EDGE ( 'NONE', *, *, #1729, .F. ) ;
#1328 = FACE_OUTER_BOUND ( 'NONE', #930, .T. ) ;
#1329 = CARTESIAN_POINT ( 'NONE',  ( 1.447909851282999982, -0.2093104702001736261, 0.1259842519685039353 ) ) ;
#1330 = VERTEX_POINT ( 'NONE', #2660 ) ;
#1331 = DIRECTION ( 'NONE',  ( 1.000000000000000000, 4.625929269271509777E-14, 0.000000000000000000 ) ) ;
#1332 = FACE_OUTER_BOUND ( 'NONE', #4186, .T. ) ;
#1333 = ORIENTED_EDGE ( 'NONE', *, *, #3588, .T. ) ;
#1334 = VECTOR ( 'NONE', #1451, 39.37007874015748143 ) ;
#1335 = VECTOR ( 'NONE', #342, 39.37007874015748143 ) ;
#1336 = DIRECTION ( 'NONE',  ( 1.000000000000000000, 0.000000000000000000, 0.000000000000000000 ) ) ;
#1337 = EDGE_CURVE ( 'NONE', #2418, #413, #1368, .T. ) ;
#1338 = FACE_OUTER_BOUND ( 'NONE', #1055, .T. ) ;
#1339 = VECTOR ( 'NONE', #483, 39.37007874015748143 ) ;
#1340 = CYLINDRICAL_SURFACE ( 'NONE', #2052, 0.01574803149606299885 ) ;
#1341 = EDGE_CURVE ( 'NONE', #3479, #4068, #568, .T. ) ;
#1342 = DIRECTION ( 'NONE',  ( 0.000000000000000000, 0.000000000000000000, -1.000000000000000000 ) ) ;
#1343 = ORIENTED_EDGE ( 'NONE', *, *, #804, .T. ) ;
#1344 = CARTESIAN_POINT ( 'NONE',  ( 1.069840664550433251, -0.2890351238817558954, -0.04133858267716536417 ) ) ;
#1345 = AXIS2_PLACEMENT_3D ( 'NONE', #2360, #2743, #327 ) ;
#1346 = CARTESIAN_POINT ( 'NONE',  ( 1.546330151296830602, -0.2112312353184807034, -0.04133858267716536417 ) ) ;
#1347 = CARTESIAN_POINT ( 'NONE',  ( 1.510897080430677164, -0.05084614750383433662, 0.1259842519685039353 ) ) ;
#1348 = DIRECTION ( 'NONE',  ( 0.000000000000000000, 1.000000000000000000, 0.000000000000000000 ) ) ;
#1349 = VERTEX_POINT ( 'NONE', #4633 ) ;
#1350 = ORIENTED_EDGE ( 'NONE', *, *, #2838, .F. ) ;
#1351 = CARTESIAN_POINT ( 'NONE',  ( 1.193856412581917326, 0.1341932225749063179, 0.1102362204724409434 ) ) ;
#1352 = ORIENTED_EDGE ( 'NONE', *, *, #1579, .T. ) ;
#1353 = ADVANCED_FACE ( 'NONE', ( #200 ), #1777, .F. ) ;
#1354 = LINE ( 'NONE', #1737, #1198 ) ;
#1355 = ORIENTED_EDGE ( 'NONE', *, *, #3872, .T. ) ;
#1356 = PLANE ( 'NONE',  #3787 ) ;
#1357 = DIRECTION ( 'NONE',  ( 0.000000000000000000, -1.000000000000000000, 0.000000000000000000 ) ) ;
#1358 = VERTEX_POINT ( 'NONE', #5050 ) ;
#1359 = VECTOR ( 'NONE', #3887, 39.37007874015748143 ) ;
#1360 = EDGE_CURVE ( 'NONE', #17, #2091, #3031, .T. ) ;
#1361 = FILL_AREA_STYLE_COLOUR ( '', #5115 ) ;
#1362 = VECTOR ( 'NONE', #3840, 39.37007874015748143 ) ;
#1363 = ORIENTED_EDGE ( 'NONE', *, *, #1953, .F. ) ;
#1364 = LINE ( 'NONE', #1390, #593 ) ;
#1365 = AXIS2_PLACEMENT_3D ( 'NONE', #553, #2221, #4595 ) ;
#1366 = DIRECTION ( 'NONE',  ( 0.000000000000000000, -1.000000000000000000, 0.000000000000000000 ) ) ;
#1367 = DIMENSIONAL_EXPONENTS ( 1.000000000000000000, 0.000000000000000000, 0.000000000000000000, 0.000000000000000000, 0.000000000000000000, 0.000000000000000000, 0.000000000000000000 ) ;
#1368 = LINE ( 'NONE', #3433, #4235 ) ;
#1369 = ORIENTED_EDGE ( 'NONE', *, *, #981, .T. ) ;
#1370 = AXIS2_PLACEMENT_3D ( 'NONE', #336, #1617, #2804 ) ;
#1371 = DIRECTION ( 'NONE',  ( -1.000000000000000000, -3.492338154230200146E-15, 0.000000000000000000 ) ) ;
#1372 = ADVANCED_FACE ( 'NONE', ( #2633 ), #3058, .F. ) ;
#1373 = FACE_OUTER_BOUND ( 'NONE', #586, .T. ) ;
#1374 = VECTOR ( 'NONE', #1628, 39.37007874015748143 ) ;
#1375 = LINE ( 'NONE', #101, #1032 ) ;
#1376 = VERTEX_POINT ( 'NONE', #4210 ) ;
#1377 = ORIENTED_EDGE ( 'NONE', *, *, #4914, .T. ) ;
#1378 = CARTESIAN_POINT ( 'NONE',  ( 1.526645111926748122, -0.2092602722875436805, -0.05708661417322834220 ) ) ;
#1379 = ORIENTED_EDGE ( 'NONE', *, *, #4635, .T. ) ;
#1380 = VECTOR ( 'NONE', #111, 39.37007874015748143 ) ;
#1381 = ORIENTED_EDGE ( 'NONE', *, *, #4838, .T. ) ;
#1382 = CARTESIAN_POINT ( 'NONE',  ( 1.489132003133110338, -0.05478315537781906774, 0.1417322834645669549 ) ) ;
#1383 = LINE ( 'NONE', #2620, #698 ) ;
#1384 = LINE ( 'NONE', #2621, #1854 ) ;
#1385 = ORIENTED_EDGE ( 'NONE', *, *, #4468, .T. ) ;
#1386 = LINE ( 'NONE', #3024, #4155 ) ;
#1387 = VERTEX_POINT ( 'NONE', #2981 ) ;
#1388 = EDGE_CURVE ( 'NONE', #1993, #3339, #5102, .T. ) ;
#1389 = EDGE_CURVE ( 'NONE', #1835, #2528, #920, .T. ) ;
#1390 = CARTESIAN_POINT ( 'NONE',  ( 1.361179247227586764, 0.1066341674567956588, -0.1102362204724409434 ) ) ;
#1391 = DIRECTION ( 'NONE',  ( 0.000000000000000000, 1.000000000000000000, 0.000000000000000000 ) ) ;
#1392 = CARTESIAN_POINT ( 'NONE',  ( 1.296218617306338805, -0.05478315537781906774, -0.1102362204724409434 ) ) ;
#1393 = ORIENTED_EDGE ( 'NONE', *, *, #1281, .T. ) ;
#1394 = DIRECTION ( 'NONE',  ( -1.233581138472372052E-14, 1.000000000000000000, 0.000000000000000000 ) ) ;
#1395 = LINE ( 'NONE', #2958, #1843 ) ;
#1396 = CARTESIAN_POINT ( 'NONE',  ( 1.069840664550433251, -0.2890351238817558954, 0.04133858267716536417 ) ) ;
#1397 = ORIENTED_EDGE ( 'NONE', *, *, #4502, .T. ) ;
#1398 = ORIENTED_EDGE ( 'NONE', *, *, #3443, .T. ) ;
#1399 = EDGE_CURVE ( 'NONE', #1137, #3656, #995, .T. ) ;
#1400 = DIRECTION ( 'NONE',  ( 1.000000000000000000, 4.625929269271509777E-14, 0.000000000000000000 ) ) ;
#1401 = ORIENTED_EDGE ( 'NONE', *, *, #2317, .F. ) ;
#1402 = ORIENTED_EDGE ( 'NONE', *, *, #2469, .F. ) ;
#1403 = DIRECTION ( 'NONE',  ( 0.000000000000000000, 1.000000000000000000, 0.000000000000000000 ) ) ;
#1404 = EDGE_CURVE ( 'NONE', #1387, #2591, #594, .T. ) ;
#1405 = LINE ( 'NONE', #4729, #994 ) ;
#1406 = EDGE_LOOP ( 'NONE', ( #2015, #3080, #550, #4135 ) ) ;
#1407 = LINE ( 'NONE', #3505, #4660 ) ;
#1408 = DIRECTION ( 'NONE',  ( 0.000000000000000000, 0.000000000000000000, -1.000000000000000000 ) ) ;
#1409 = VECTOR ( 'NONE', #4732, 39.37007874015748143 ) ;
#1410 = DIRECTION ( 'NONE',  ( 0.7071067811865525687, -0.7071067811865424657, 0.000000000000000000 ) ) ;
#1411 = ORIENTED_EDGE ( 'NONE', *, *, #2096, .T. ) ;
#1412 = ORIENTED_EDGE ( 'NONE', *, *, #3490, .T. ) ;
#1413 = DIRECTION ( 'NONE',  ( 0.000000000000000000, 0.000000000000000000, -1.000000000000000000 ) ) ;
#1414 = CIRCLE ( 'NONE', #228, 0.01574803149606299885 ) ;
#1415 = EDGE_CURVE ( 'NONE', #1268, #1784, #2234, .T. ) ;
#1416 = CARTESIAN_POINT ( 'NONE',  ( 1.361179247227586764, 0.1066341674567956588, 0.1102362204724409434 ) ) ;
#1417 = AXIS2_PLACEMENT_3D ( 'NONE', #4342, #2312, #3142 ) ;
#1418 = LINE ( 'NONE', #4183, #2202 ) ;
#1419 = VERTEX_POINT ( 'NONE', #5076 ) ;
#1420 = LINE ( 'NONE', #3459, #3315 ) ;
#1421 = CARTESIAN_POINT ( 'NONE',  ( 1.390706806282705266, 0.1223821989528586507, -0.05905511811023622659 ) ) ;
#1422 = VECTOR ( 'NONE', #2809, 39.37007874015748143 ) ;
#1423 = EDGE_CURVE ( 'NONE', #317, #1955, #1418, .T. ) ;
#1424 = DIRECTION ( 'NONE',  ( 0.000000000000000000, 0.000000000000000000, -1.000000000000000000 ) ) ;
#1425 = EDGE_LOOP ( 'NONE', ( #4441, #3473, #374, #3793 ) ) ;
#1426 = EDGE_LOOP ( 'NONE', ( #4752, #125, #3643, #1412 ) ) ;
#1427 = DIRECTION ( 'NONE',  ( 0.000000000000000000, 0.000000000000000000, -1.000000000000000000 ) ) ;
#1428 = ORIENTED_EDGE ( 'NONE', *, *, #490, .T. ) ;
#1429 = VECTOR ( 'NONE', #4952, 39.37007874015748143 ) ;
#1430 = EDGE_CURVE ( 'NONE', #2204, #894, #518, .T. ) ;
#1431 = VERTEX_POINT ( 'NONE', #118 ) ;
#1432 = DIRECTION ( 'NONE',  ( -1.000000000000000000, 0.000000000000000000, 0.000000000000000000 ) ) ;
#1433 = ORIENTED_EDGE ( 'NONE', *, *, #329, .F. ) ;
#1434 = LINE ( 'NONE', #3072, #4074 ) ;
#1435 = ORIENTED_EDGE ( 'NONE', *, *, #4670, .T. ) ;
#1436 = FACE_OUTER_BOUND ( 'NONE', #1714, .T. ) ;
#1437 = DIRECTION ( 'NONE',  ( -1.632680918566375160E-14, -1.000000000000000000, 0.000000000000000000 ) ) ;
#1438 = ADVANCED_FACE ( 'NONE', ( #3377 ), #4606, .F. ) ;
#1439 = CARTESIAN_POINT ( 'NONE',  ( 1.715509955889016336, -0.05478315537781906774, -0.1102362204724409434 ) ) ;
#1440 = DIRECTION ( 'NONE',  ( 0.000000000000000000, 0.000000000000000000, -1.000000000000000000 ) ) ;
#1441 = VECTOR ( 'NONE', #4106, 39.37007874015748143 ) ;
#1442 = CARTESIAN_POINT ( 'NONE',  ( 1.311966648802390001, 0.3113585769056220753, -0.05905511811023622659 ) ) ;
#1443 = CARTESIAN_POINT ( 'NONE',  ( 1.294361647359807188, -0.05084614750382669690, 0.1259842519685039353 ) ) ;
#1444 = LINE ( 'NONE', #4367, #682 ) ;
#1445 = VECTOR ( 'NONE', #2284, 39.37007874015748143 ) ;
#1446 = LINE ( 'NONE', #3086, #2114 ) ;
#1447 = ORIENTED_EDGE ( 'NONE', *, *, #1868, .T. ) ;
#1448 = DIRECTION ( 'NONE',  ( -1.000000000000000000, -1.233581138472372052E-14, 0.000000000000000000 ) ) ;
#1449 = EDGE_CURVE ( 'NONE', #4478, #3980, #1446, .T. ) ;
#1450 = VECTOR ( 'NONE', #3166, 39.37007874015748143 ) ;
#1451 = DIRECTION ( 'NONE',  ( 0.000000000000000000, 0.000000000000000000, -1.000000000000000000 ) ) ;
#1452 = CARTESIAN_POINT ( 'NONE',  ( 1.213541451951996031, 0.3310436162757008360, 0.1259842519685039353 ) ) ;
#1453 = VECTOR ( 'NONE', #1873, 39.37007874015748143 ) ;
#1454 = ORIENTED_EDGE ( 'NONE', *, *, #2871, .T. ) ;
#1455 = ORIENTED_EDGE ( 'NONE', *, *, #4804, .F. ) ;
#1456 = CARTESIAN_POINT ( 'NONE',  ( 1.235306529249574847, -0.01541307663768504144, 0.1102362204724409434 ) ) ;
#1457 = ORIENTED_EDGE ( 'NONE', *, *, #4468, .F. ) ;
#1458 = ADVANCED_FACE ( 'NONE', ( #3919 ), #250, .F. ) ;
#1459 = VECTOR ( 'NONE', #2586, 39.37007874015748143 ) ;
#1460 = LINE ( 'NONE', #3098, #5081 ) ;
#1461 = ORIENTED_EDGE ( 'NONE', *, *, #5113, .F. ) ;
#1462 = LINE ( 'NONE', #1896, #1203 ) ;
#1463 = ORIENTED_EDGE ( 'NONE', *, *, #210, .T. ) ;
#1464 = DIRECTION ( 'NONE',  ( 1.000000000000000000, 0.000000000000000000, 0.000000000000000000 ) ) ;
#1465 = CARTESIAN_POINT ( 'NONE',  ( 1.526645111926748122, -0.05478315537781906774, 0.1259842519685039353 ) ) ;
#1466 = AXIS2_PLACEMENT_3D ( 'NONE', #3998, #757, #4425 ) ;
#1467 = CARTESIAN_POINT ( 'NONE',  ( 1.268659562188216627, 0.03970503359852826930, -0.1102362204724409434 ) ) ;
#1468 = ORIENTED_EDGE ( 'NONE', *, *, #4818, .T. ) ;
#1469 = CARTESIAN_POINT ( 'NONE',  ( 1.447909851282999982, -0.2093104702001736261, 0.1259842519685039353 ) ) ;
#1470 = FACE_OUTER_BOUND ( 'NONE', #3492, .T. ) ;
#1471 = CARTESIAN_POINT ( 'NONE',  ( 1.140706806282704822, 0.1066341674568033471, -0.1259842519685039353 ) ) ;
#1472 = ORIENTED_EDGE ( 'NONE', *, *, #5211, .T. ) ;
#1473 = EDGE_LOOP ( 'NONE', ( #2512, #5066, #3123, #2144 ) ) ;
#1474 = EDGE_CURVE ( 'NONE', #4264, #5271, #4368, .T. ) ;
#1475 = DIRECTION ( 'NONE',  ( -1.000000000000000000, 5.523497634951010508E-15, -2.157616263652739712E-17 ) ) ;
#1476 = FACE_OUTER_BOUND ( 'NONE', #1406, .T. ) ;
#1477 = DIRECTION ( 'NONE',  ( 0.000000000000000000, 0.000000000000000000, -1.000000000000000000 ) ) ;
#1478 = CARTESIAN_POINT ( 'NONE',  ( 1.550267159170830578, -0.01541307663768504144, 0.1102362204724409434 ) ) ;
#1479 = ORIENTED_EDGE ( 'NONE', *, *, #1337, .T. ) ;
#1480 = EDGE_CURVE ( 'NONE', #1869, #1564, #1934, .T. ) ;
#1481 = DIRECTION ( 'NONE',  ( 1.000000000000000000, -5.523497634951010508E-15, 0.000000000000000000 ) ) ;
#1482 = LINE ( 'NONE', #1108, #4832 ) ;
#1483 = DIRECTION ( 'NONE',  ( 1.000000000000000000, -5.523497634951010508E-15, 0.000000000000000000 ) ) ;
#1484 = ORIENTED_EDGE ( 'NONE', *, *, #1049, .F. ) ;
#1485 = VERTEX_POINT ( 'NONE', #5133 ) ;
#1486 = CARTESIAN_POINT ( 'NONE',  ( 1.489132003133110338, -0.05478315537781906774, 0.1259842519685039353 ) ) ;
#1487 = ORIENTED_EDGE ( 'NONE', *, *, #1135, .T. ) ;
#1488 = VERTEX_POINT ( 'NONE', #3267 ) ;
#1489 = EDGE_CURVE ( 'NONE', #5174, #5267, #2463, .T. ) ;
#1490 = CARTESIAN_POINT ( 'NONE',  ( 1.510897080430677164, -0.05084614750383433662, -0.1102362204724409434 ) ) ;
#1491 = VERTEX_POINT ( 'NONE', #2866 ) ;
#1492 = DIRECTION ( 'NONE',  ( 0.000000000000000000, 1.000000000000000000, 0.000000000000000000 ) ) ;
#1493 = DIRECTION ( 'NONE',  ( -0.7071067811865670016, -0.7071067811865280328, -3.066586833366604679E-17 ) ) ;
#1494 = ORIENTED_EDGE ( 'NONE', *, *, #4126, .T. ) ;
#1495 = CARTESIAN_POINT ( 'NONE',  ( 1.491212041060598459, -0.01541307663768504144, -0.1102362204724409434 ) ) ;
#1496 = LINE ( 'NONE', #2306, #3423 ) ;
#1497 = ORIENTED_EDGE ( 'NONE', *, *, #1662, .F. ) ;
#1498 = VERTEX_POINT ( 'NONE', #4094 ) ;
#1499 = VECTOR ( 'NONE', #5146, 39.37007874015748143 ) ;
#1500 = AXIS2_PLACEMENT_3D ( 'NONE', #3922, #3090, #2689 ) ;
#1501 = DIRECTION ( 'NONE',  ( 0.000000000000000000, -9.680376540049299926E-18, -1.000000000000000000 ) ) ;
#1502 = EDGE_CURVE ( 'NONE', #4260, #2024, #3571, .T. ) ;
#1503 = DIRECTION ( 'NONE',  ( -1.000000000000000000, 5.551115123125780178E-14, -5.373688460901970955E-31 ) ) ;
#1504 = VERTEX_POINT ( 'NONE', #4889 ) ;
#1505 = DIRECTION ( 'NONE',  ( 1.000000000000000000, -1.632680918566375160E-14, 0.000000000000000000 ) ) ;
#1506 = VECTOR ( 'NONE', #2304, 39.37007874015748143 ) ;
#1507 = LINE ( 'NONE', #3146, #2356 ) ;
#1508 = ADVANCED_FACE ( 'NONE', ( #1076 ), #4738, .F. ) ;
#1509 = VECTOR ( 'NONE', #3369, 39.37007874015748143 ) ;
#1510 = CARTESIAN_POINT ( 'NONE',  ( 1.331651688172468706, 0.3310436162757008360, -0.05905511811023622659 ) ) ;
#1511 = VERTEX_POINT ( 'NONE', #1478 ) ;
#1512 = EDGE_LOOP ( 'NONE', ( #1435, #2194, #1895, #607 ) ) ;
#1513 = LINE ( 'NONE', #2343, #3750 ) ;
#1514 = VERTEX_POINT ( 'NONE', #1228 ) ;
#1515 = VECTOR ( 'NONE', #604, 39.37007874015748143 ) ;
#1516 = DIRECTION ( 'NONE',  ( 1.000000000000000000, 0.000000000000000000, 0.000000000000000000 ) ) ;
#1517 = CARTESIAN_POINT ( 'NONE',  ( 0.000000000000000000, 0.000000000000000000, 0.000000000000000000 ) ) ;
#1518 = DIRECTION ( 'NONE',  ( 0.000000000000000000, -1.000000000000000000, 0.000000000000000000 ) ) ;
#1519 = SURFACE_SIDE_STYLE ('',( #1923 ) ) ;
#1520 = ORIENTED_EDGE ( 'NONE', *, *, #2309, .T. ) ;
#1521 = EDGE_CURVE ( 'NONE', #821, #1757, #2741, .T. ) ;
#1522 = DIRECTION ( 'NONE',  ( 1.000000000000000000, 4.625929269271509777E-14, 0.000000000000000000 ) ) ;
#1523 = LINE ( 'NONE', #3135, #601 ) ;
#1524 = ORIENTED_EDGE ( 'NONE', *, *, #5157, .T. ) ;
#1525 = VERTEX_POINT ( 'NONE', #1528 ) ;
#1526 = EDGE_CURVE ( 'NONE', #1668, #33, #235, .T. ) ;
#1527 = CARTESIAN_POINT ( 'NONE',  ( 1.296218617306338805, -0.05478315537781906774, -0.1259842519685039353 ) ) ;
#1528 = CARTESIAN_POINT ( 'NONE',  ( 1.274676607989728261, -0.07446819474792892857, -0.1259842519685039353 ) ) ;
#1529 = CARTESIAN_POINT ( 'NONE',  ( 1.193856412581917326, 0.1223821989528663390, 0.05905511811023622659 ) ) ;
#1530 = CARTESIAN_POINT ( 'NONE',  ( 1.233226491322078733, 0.1066341674568033471, 0.1259842519685039353 ) ) ;
#1531 = VECTOR ( 'NONE', #1664, 39.37007874015748143 ) ;
#1532 = CARTESIAN_POINT ( 'NONE',  ( 1.390706806282705266, 0.1341932225749137841, -0.05905511811023622659 ) ) ;
#1533 = ORIENTED_EDGE ( 'NONE', *, *, #3709, .F. ) ;
#1534 = ORIENTED_EDGE ( 'NONE', *, *, #5224, .F. ) ;
#1535 = LINE ( 'NONE', #3221, #156 ) ;
#1536 = ORIENTED_EDGE ( 'NONE', *, *, #4680, .F. ) ;
#1537 = EDGE_CURVE ( 'NONE', #2219, #2337, #4466, .T. ) ;
#1538 = DIRECTION ( 'NONE',  ( -1.000000000000000000, 0.000000000000000000, 0.000000000000000000 ) ) ;
#1539 = ORIENTED_EDGE ( 'NONE', *, *, #4187, .T. ) ;
#1540 = ORIENTED_EDGE ( 'NONE', *, *, #1692, .T. ) ;
#1541 = CARTESIAN_POINT ( 'NONE',  ( 1.447909851282999982, -0.05478315537781906774, -0.05708661417322834220 ) ) ;
#1542 = ORIENTED_EDGE ( 'NONE', *, *, #1164, .T. ) ;
#1543 = ADVANCED_FACE ( 'NONE', ( #4715 ), #4490, .F. ) ;
#1544 = CARTESIAN_POINT ( 'NONE',  ( 1.646723852084220674, -0.01541307663768504144, -0.1102362204724409434 ) ) ;
#1545 = VECTOR ( 'NONE', #3879, 39.37007874015748143 ) ;
#1546 = DIRECTION ( 'NONE',  ( 0.000000000000000000, 0.000000000000000000, -1.000000000000000000 ) ) ;
#1547 = CYLINDRICAL_SURFACE ( 'NONE', #1288, 0.009845000097158516927 ) ;
#1548 = VECTOR ( 'NONE', #2952, 39.37007874015748143 ) ;
#1549 = ORIENTED_EDGE ( 'NONE', *, *, #1768, .T. ) ;
#1550 = VERTEX_POINT ( 'NONE', #429 ) ;
#1551 = FACE_OUTER_BOUND ( 'NONE', #1654, .T. ) ;
#1552 = LINE ( 'NONE', #1154, #4527 ) ;
#1553 = ADVANCED_FACE ( 'NONE', ( #3701 ), #3235, .T. ) ;
#1554 = PLANE ( 'NONE',  #2977 ) ;
#1555 = CARTESIAN_POINT ( 'NONE',  ( 1.235306529249574847, -0.07446819474792892857, 0.1259842519685039353 ) ) ;
#1556 = CARTESIAN_POINT ( 'NONE',  ( 1.699761924392941159, -0.08627921836996831073, 0.1102362204724409434 ) ) ;
#1557 = EDGE_CURVE ( 'NONE', #5004, #1647, #2286, .T. ) ;
#1558 = EDGE_LOOP ( 'NONE', ( #2833, #4269, #5120, #258, #5274, #78, #4379, #133, #2771, #3634, #3670, #4064, #4559, #453 ) ) ;
#1559 = ORIENTED_EDGE ( 'NONE', *, *, #998, .T. ) ;
#1560 = DIRECTION ( 'NONE',  ( 0.000000000000000000, 1.000000000000000000, 0.000000000000000000 ) ) ;
#1561 = ORIENTED_EDGE ( 'NONE', *, *, #3483, .T. ) ;
#1562 = CARTESIAN_POINT ( 'NONE',  ( 1.251059457582212708, -0.2093104702001736261, 0.05708661417322834220 ) ) ;
#1563 = EDGE_CURVE ( 'NONE', #4478, #2127, #802, .T. ) ;
#1564 = VERTEX_POINT ( 'NONE', #1050 ) ;
#1565 = CARTESIAN_POINT ( 'NONE',  ( 1.699761924392941159, 0.1184451910788427292, -0.1259842519685039353 ) ) ;
#1566 = CARTESIAN_POINT ( 'NONE',  ( 1.699761924392941159, 0.1184451910788504175, 0.1102362204724409434 ) ) ;
#1567 = VERTEX_POINT ( 'NONE', #4312 ) ;
#1568 = DIRECTION ( 'NONE',  ( 0.000000000000000000, -1.000000000000000000, 0.000000000000000000 ) ) ;
#1569 = CARTESIAN_POINT ( 'NONE',  ( 1.140706806282716590, -0.01541307663766153767, 0.1259842519685039353 ) ) ;
#1570 = DIRECTION ( 'NONE',  ( 1.000000000000000000, 0.000000000000000000, 0.000000000000000000 ) ) ;
#1571 = ADVANCED_FACE ( 'NONE', ( #644 ), #3515, .F. ) ;
#1572 = VERTEX_POINT ( 'NONE', #4939 ) ;
#1573 = PLANE ( 'NONE',  #950 ) ;
#1574 = ORIENTED_EDGE ( 'NONE', *, *, #4439, .T. ) ;
#1575 = LINE ( 'NONE', #5232, #2103 ) ;
#1576 = DIRECTION ( 'NONE',  ( 0.000000000000000000, 1.000000000000000000, 0.000000000000000000 ) ) ;
#1577 = DIRECTION ( 'NONE',  ( 4.869399230812180366E-15, 1.000000000000000000, 0.000000000000000000 ) ) ;
#1578 = VECTOR ( 'NONE', #2984, 39.37007874015748143 ) ;
#1579 = EDGE_CURVE ( 'NONE', #5271, #4981, #2921, .T. ) ;
#1580 = FACE_OUTER_BOUND ( 'NONE', #484, .T. ) ;
#1581 = CARTESIAN_POINT ( 'NONE',  ( 1.337557199983492318, 0.1066341674568033471, 0.1259842519685039353 ) ) ;
#1582 = VECTOR ( 'NONE', #1264, 39.37007874015748143 ) ;
#1583 = ORIENTED_EDGE ( 'NONE', *, *, #3074, .T. ) ;
#1584 = ORIENTED_EDGE ( 'NONE', *, *, #369, .F. ) ;
#1585 = DIRECTION ( 'NONE',  ( -1.000000000000000000, 0.000000000000000000, 0.000000000000000000 ) ) ;
#1586 = VERTEX_POINT ( 'NONE', #2896 ) ;
#1587 = EDGE_CURVE ( 'NONE', #3143, #3248, #85, .T. ) ;
#1588 = AXIS2_PLACEMENT_3D ( 'NONE', #4112, #4082, #2080 ) ;
#1589 = LINE ( 'NONE', #2831, #100 ) ;
#1590 = ORIENTED_EDGE ( 'NONE', *, *, #74, .T. ) ;
#1591 = ORIENTED_EDGE ( 'NONE', *, *, #408, .F. ) ;
#1592 = DIRECTION ( 'NONE',  ( -0.000000000000000000, 1.000000000000000000, 0.000000000000000000 ) ) ;
#1593 = ORIENTED_EDGE ( 'NONE', *, *, #3153, .T. ) ;
#1594 = VECTOR ( 'NONE', #4259, 39.37007874015748143 ) ;
#1595 = LINE ( 'NONE', #3231, #3818 ) ;
#1596 = EDGE_CURVE ( 'NONE', #1431, #4086, #509, .T. ) ;
#1597 = DIRECTION ( 'NONE',  ( -1.000000000000000000, 0.000000000000000000, 0.000000000000000000 ) ) ;
#1598 = VECTOR ( 'NONE', #577, 39.37007874015748143 ) ;
#1599 = CARTESIAN_POINT ( 'NONE',  ( 1.296218617306338805, -0.05478315537781906774, -0.1102362204724409434 ) ) ;
#1600 = ORIENTED_EDGE ( 'NONE', *, *, #4799, .F. ) ;
#1601 = LINE ( 'NONE', #3234, #1374 ) ;
#1602 = ORIENTED_EDGE ( 'NONE', *, *, #2252, .T. ) ;
#1603 = VECTOR ( 'NONE', #2179, 39.37007874015748143 ) ;
#1604 = EDGE_CURVE ( 'NONE', #1804, #4983, #1284, .T. ) ;
#1605 = CARTESIAN_POINT ( 'NONE',  ( 1.081651688172472481, 0.1341932225749137841, 0.1259842519685039353 ) ) ;
#1606 = UNCERTAINTY_MEASURE_WITH_UNIT (LENGTH_MEASURE( 1.000000000000000082E-05 ), #1679, 'distance_accuracy_value', 'NONE');
#1607 = DIRECTION ( 'NONE',  ( 1.000000000000000000, 0.000000000000000000, 0.000000000000000000 ) ) ;
#1608 = CARTESIAN_POINT ( 'NONE',  ( 1.268659562188216627, 0.03970503359852826930, 0.1259842519685039353 ) ) ;
#1609 = DIRECTION ( 'NONE',  ( 0.000000000000000000, 0.000000000000000000, -1.000000000000000000 ) ) ;
#1610 = DIRECTION ( 'NONE',  ( 0.000000000000000000, 0.000000000000000000, 1.000000000000000000 ) ) ;
#1611 = ORIENTED_EDGE ( 'NONE', *, *, #4662, .F. ) ;
#1612 = PLANE ( 'NONE',  #1109 ) ;
#1613 = ORIENTED_EDGE ( 'NONE', *, *, #4737, .T. ) ;
#1614 = DIRECTION ( 'NONE',  ( -0.7071067811865280328, -0.7071067811865670016, 0.000000000000000000 ) ) ;
#1615 = VERTEX_POINT ( 'NONE', #2492 ) ;
#1616 = VECTOR ( 'NONE', #1773, 39.37007874015748143 ) ;
#1617 = DIRECTION ( 'NONE',  ( -1.132880637372596148E-14, 1.000000000000000000, 0.000000000000000000 ) ) ;
#1618 = AXIS2_PLACEMENT_3D ( 'NONE', #2121, #1716, #561 ) ;
#1619 = EDGE_CURVE ( 'NONE', #2813, #1757, #556, .T. ) ;
#1620 = ORIENTED_EDGE ( 'NONE', *, *, #4157, .F. ) ;
#1621 = ORIENTED_EDGE ( 'NONE', *, *, #1181, .F. ) ;
#1622 = EDGE_CURVE ( 'NONE', #900, #767, #3289, .T. ) ;
#1623 = CARTESIAN_POINT ( 'NONE',  ( 1.081651688172480474, -0.01541307663766153767, -0.1102362204724409434 ) ) ;
#1624 = ORIENTED_EDGE ( 'NONE', *, *, #5010, .F. ) ;
#1625 = AXIS2_PLACEMENT_3D ( 'NONE', #5036, #2539, #3803 ) ;
#1626 = DIRECTION ( 'NONE',  ( -1.000000000000000000, 0.000000000000000000, 0.000000000000000000 ) ) ;
#1627 = LINE ( 'NONE', #4012, #2827 ) ;
#1628 = DIRECTION ( 'NONE',  ( 4.625929269271250399E-14, 1.000000000000000000, 0.000000000000000000 ) ) ;
#1629 = ADVANCED_FACE ( 'NONE', ( #4988 ), #4175, .F. ) ;
#1630 = AXIS2_PLACEMENT_3D ( 'NONE', #3461, #4292, #626 ) ;
#1631 = DIRECTION ( 'NONE',  ( 0.000000000000000000, 1.000000000000000000, 0.000000000000000000 ) ) ;
#1632 = VERTEX_POINT ( 'NONE', #3724 ) ;
#1633 = VECTOR ( 'NONE', #801, 39.37007874015748143 ) ;
#1634 = DIRECTION ( 'NONE',  ( 1.000000000000000000, 0.000000000000000000, 0.000000000000000000 ) ) ;
#1635 = ADVANCED_FACE ( 'NONE', ( #1332 ), #32, .F. ) ;
#1636 = CARTESIAN_POINT ( 'NONE',  ( 1.231369521375566878, -0.2092602722875436805, 0.04133858267716536417 ) ) ;
#1637 = CARTESIAN_POINT ( 'NONE',  ( 1.251059457582212708, -0.05478315537781906774, -0.05708661417322834220 ) ) ;
#1638 = LINE ( 'NONE', #5265, #1962 ) ;
#1639 = PLANE ( 'NONE',  #3348 ) ;
#1640 = EDGE_CURVE ( 'NONE', #1678, #2422, #3783, .T. ) ;
#1641 = ORIENTED_EDGE ( 'NONE', *, *, #887, .T. ) ;
#1642 = CARTESIAN_POINT ( 'NONE',  ( 1.646723852084220674, -0.01541307663768504144, 0.1259842519685039353 ) ) ;
#1643 = VERTEX_POINT ( 'NONE', #2172 ) ;
#1644 = PLANE ( 'NONE',  #5009 ) ;
#1645 = ORIENTED_EDGE ( 'NONE', *, *, #3241, .F. ) ;
#1646 = DIRECTION ( 'NONE',  ( 1.000000000000000000, 0.000000000000000000, 0.000000000000000000 ) ) ;
#1647 = VERTEX_POINT ( 'NONE', #1309 ) ;
#1648 = EDGE_LOOP ( 'NONE', ( #1221, #1385, #4140, #4722 ) ) ;
#1649 = LINE ( 'NONE', #476, #3224 ) ;
#1650 = ORIENTED_EDGE ( 'NONE', *, *, #2775, .F. ) ;
#1651 = DIRECTION ( 'NONE',  ( 1.000000000000000000, -5.551115123125780178E-14, 0.000000000000000000 ) ) ;
#1652 = EDGE_CURVE ( 'NONE', #3631, #1864, #4597, .T. ) ;
#1653 = CARTESIAN_POINT ( 'NONE',  ( 1.447909851282999982, -0.05478315537781906774, 0.1259842519685039353 ) ) ;
#1654 = EDGE_LOOP ( 'NONE', ( #5031, #4849, #4688, #2243 ) ) ;
#1655 = DIRECTION ( 'NONE',  ( 1.000000000000000000, 0.000000000000000000, 0.000000000000000000 ) ) ;
#1656 = CARTESIAN_POINT ( 'NONE',  ( 1.550155625180354546, -0.05478315537781906774, 0.1102362204724409434 ) ) ;
#1657 = EDGE_LOOP ( 'NONE', ( #2241, #2785, #2880, #1222 ) ) ;
#1658 = EDGE_CURVE ( 'NONE', #4184, #182, #4333, .T. ) ;
#1659 = DIRECTION ( 'NONE',  ( 0.000000000000000000, 0.000000000000000000, -1.000000000000000000 ) ) ;
#1660 = ORIENTED_EDGE ( 'NONE', *, *, #4891, .T. ) ;
#1661 = FACE_OUTER_BOUND ( 'NONE', #4426, .T. ) ;
#1662 = EDGE_CURVE ( 'NONE', #628, #2528, #3754, .T. ) ;
#1663 = DIRECTION ( 'NONE',  ( 1.000000000000000000, -5.551115123125780178E-14, 0.000000000000000000 ) ) ;
#1664 = DIRECTION ( 'NONE',  ( 0.000000000000000000, 1.000000000000000000, 0.000000000000000000 ) ) ;
#1665 = DIRECTION ( 'NONE',  ( 1.000000000000000000, 0.000000000000000000, 2.853163611803959394E-17 ) ) ;
#1666 = EDGE_LOOP ( 'NONE', ( #25, #4276, #3882, #2383 ) ) ;
#1667 = CARTESIAN_POINT ( 'NONE',  ( 1.646723852084220674, -0.08627921836996831073, 0.1259842519685039353 ) ) ;
#1668 = VERTEX_POINT ( 'NONE', #1765 ) ;
#1669 = LINE ( 'NONE', #2955, #1429 ) ;
#1670 = ORIENTED_EDGE ( 'NONE', *, *, #4743, .F. ) ;
#1671 = VECTOR ( 'NONE', #4815, 39.37007874015748143 ) ;
#1672 = ADVANCED_FACE ( 'NONE', ( #3319 ), #2946, .F. ) ;
#1673 = PLANE ( 'NONE',  #1588 ) ;
#1674 = VECTOR ( 'NONE', #4919, 39.37007874015748143 ) ;
#1675 = FACE_OUTER_BOUND ( 'NONE', #4716, .T. ) ;
#1676 = LINE ( 'NONE', #124, #2663 ) ;
#1677 = VERTEX_POINT ( 'NONE', #3395 ) ;
#1678 = VERTEX_POINT ( 'NONE', #910 ) ;
#1679 =( CONVERSION_BASED_UNIT ( 'INCH', #824 ) LENGTH_UNIT ( ) NAMED_UNIT ( #1367 ) );
#1680 = VERTEX_POINT ( 'NONE', #2090 ) ;
#1681 = AXIS2_PLACEMENT_3D ( 'NONE', #2086, #1626, #3263 ) ;
#1682 = DIRECTION ( 'NONE',  ( 1.541976423090450077E-15, 1.000000000000000000, 0.000000000000000000 ) ) ;
#1683 = CARTESIAN_POINT ( 'NONE',  ( 1.361179247227586764, 0.03970503359852826930, 0.1259842519685039353 ) ) ;
#1684 = AXIS2_PLACEMENT_3D ( 'NONE', #885, #4912, #57 ) ;
#1685 = CARTESIAN_POINT ( 'NONE',  ( 1.193856412581917326, 0.1341932225749063179, 0.1259842519685039353 ) ) ;
#1686 = CARTESIAN_POINT ( 'NONE',  ( 1.294361647359807188, -0.01541307663768504144, 0.1102362204724409434 ) ) ;
#1687 = ORIENTED_EDGE ( 'NONE', *, *, #2181, .F. ) ;
#1688 = EDGE_CURVE ( 'NONE', #5088, #1829, #5013, .T. ) ;
#1689 = VECTOR ( 'NONE', #4002, 39.37007874015748143 ) ;
#1690 = LINE ( 'NONE', #3291, #2992 ) ;
#1691 = VECTOR ( 'NONE', #5052, 39.37007874015748143 ) ;
#1692 = EDGE_CURVE ( 'NONE', #742, #3129, #4149, .T. ) ;
#1693 = DIRECTION ( 'NONE',  ( 1.000000000000000000, -5.551115123125780178E-14, 0.000000000000000000 ) ) ;
#1694 = LINE ( 'NONE', #1313, #89 ) ;
#1695 = LINE ( 'NONE', #409, #1674 ) ;
#1696 = CARTESIAN_POINT ( 'NONE',  ( 1.546330151296830602, -0.05478315537781906774, 0.1259842519685039353 ) ) ;
#1697 = CARTESIAN_POINT ( 'NONE',  ( 1.634915276880464452, -0.2092853712438586533, 0.1259842519685039353 ) ) ;
#1698 = CARTESIAN_POINT ( 'NONE',  ( 1.294361647359807188, -0.01541307663768504144, 0.1259842519685039353 ) ) ;
#1699 = ORIENTED_EDGE ( 'NONE', *, *, #779, .T. ) ;
#1700 = CARTESIAN_POINT ( 'NONE',  ( 1.069840664550433251, -0.2890351238817558954, -0.04133858267716536417 ) ) ;
#1701 = VERTEX_POINT ( 'NONE', #5065 ) ;
#1702 = DIRECTION ( 'NONE',  ( -0.000000000000000000, 1.000000000000000000, 0.000000000000000000 ) ) ;
#1703 = ORIENTED_EDGE ( 'NONE', *, *, #4051, .T. ) ;
#1704 = ORIENTED_EDGE ( 'NONE', *, *, #2190, .T. ) ;
#1705 = EDGE_CURVE ( 'NONE', #3925, #2219, #1384, .T. ) ;
#1706 = DIRECTION ( 'NONE',  ( 0.000000000000000000, -1.000000000000000000, 0.000000000000000000 ) ) ;
#1707 = ORIENTED_EDGE ( 'NONE', *, *, #4128, .F. ) ;
#1708 = LINE ( 'NONE', #4121, #650 ) ;
#1709 = AXIS2_PLACEMENT_3D ( 'NONE', #1046, #2682, #4310 ) ;
#1710 = FACE_OUTER_BOUND ( 'NONE', #481, .T. ) ;
#1711 = DIRECTION ( 'NONE',  ( 1.000000000000000000, 0.000000000000000000, 0.000000000000000000 ) ) ;
#1712 = EDGE_CURVE ( 'NONE', #341, #4247, #1038, .T. ) ;
#1713 = DIRECTION ( 'NONE',  ( 0.000000000000000000, 1.000000000000000000, 0.000000000000000000 ) ) ;
#1714 = EDGE_LOOP ( 'NONE', ( #495, #4429, #4884, #2448 ) ) ;
#1715 = AXIS2_PLACEMENT_3D ( 'NONE', #1696, #787, #2010 ) ;
#1716 = DIRECTION ( 'NONE',  ( -1.000000000000000000, 0.000000000000000000, 0.000000000000000000 ) ) ;
#1717 = VECTOR ( 'NONE', #2514, 39.37007874015748143 ) ;
#1718 = CARTESIAN_POINT ( 'NONE',  ( 1.510897080430673389, -0.07446819474792892857, 0.1259842519685039353 ) ) ;
#1719 = CIRCLE ( 'NONE', #2403, 0.009845000097158516927 ) ;
#1720 = EDGE_CURVE ( 'NONE', #3013, #2749, #634, .T. ) ;
#1721 = PLANE ( 'NONE',  #4942 ) ;
#1722 = CARTESIAN_POINT ( 'NONE',  ( 1.252911530692153663, 0.3310436162757008360, 0.1259842519685039353 ) ) ;
#1723 = VECTOR ( 'NONE', #2903, 39.37007874015748143 ) ;
#1724 = CARTESIAN_POINT ( 'NONE',  ( 1.193856412581917326, 0.1223821989528663390, 0.05905511811023622659 ) ) ;
#1725 = ORIENTED_EDGE ( 'NONE', *, *, #4812, .T. ) ;
#1726 = DIRECTION ( 'NONE',  ( 0.000000000000000000, 1.000000000000000000, 0.000000000000000000 ) ) ;
#1727 = ORIENTED_EDGE ( 'NONE', *, *, #3052, .T. ) ;
#1728 = DIRECTION ( 'NONE',  ( 0.000000000000000000, 1.000000000000000000, -1.486905836551550065E-14 ) ) ;
#1729 = EDGE_CURVE ( 'NONE', #4203, #4746, #1405, .T. ) ;
#1730 = DIRECTION ( 'NONE',  ( 0.000000000000000000, 1.000000000000000000, 0.000000000000000000 ) ) ;
#1731 = ORIENTED_EDGE ( 'NONE', *, *, #4630, .F. ) ;
#1732 = ORIENTED_EDGE ( 'NONE', *, *, #3843, .F. ) ;
#1733 = CARTESIAN_POINT ( 'NONE',  ( 1.491212041060598459, -0.05084614750382669690, -0.1102362204724409434 ) ) ;
#1734 = EDGE_LOOP ( 'NONE', ( #4115, #4875, #5241, #5247 ) ) ;
#1735 = PLANE ( 'NONE',  #1681 ) ;
#1736 = EDGE_CURVE ( 'NONE', #4693, #2996, #4275, .T. ) ;
#1737 = CARTESIAN_POINT ( 'NONE',  ( 1.644760244983787700, -0.05478315537781906774, 0.1259842519685039353 ) ) ;
#1738 = ORIENTED_EDGE ( 'NONE', *, *, #1742, .F. ) ;
#1739 = PLANE ( 'NONE',  #1301 ) ;
#1740 = DIRECTION ( 'NONE',  ( -0.7071067811865670016, -0.7071067811865280328, 0.000000000000000000 ) ) ;
#1741 = ORIENTED_EDGE ( 'NONE', *, *, #2190, .F. ) ;
#1742 = EDGE_CURVE ( 'NONE', #4855, #1431, #1820, .T. ) ;
#1743 = DIRECTION ( 'NONE',  ( 0.000000000000000000, 0.000000000000000000, -1.000000000000000000 ) ) ;
#1744 = LINE ( 'NONE', #2978, #2135 ) ;
#1745 = LINE ( 'NONE', #4971, #3853 ) ;
#1746 = FACE_OUTER_BOUND ( 'NONE', #2851, .T. ) ;
#1747 = DIRECTION ( 'NONE',  ( 0.000000000000000000, -1.000000000000000000, 0.000000000000000000 ) ) ;
#1748 = ORIENTED_EDGE ( 'NONE', *, *, #4647, .F. ) ;
#1749 = CARTESIAN_POINT ( 'NONE',  ( 1.296218617306338805, -0.05478315537781906774, 0.1102362204724409434 ) ) ;
#1750 = EDGE_CURVE ( 'NONE', #770, #1255, #3103, .T. ) ;
#1751 = CARTESIAN_POINT ( 'NONE',  ( 1.274676607989728261, -0.07446819474792892857, -0.1102362204724409434 ) ) ;
#1752 = CARTESIAN_POINT ( 'NONE',  ( 1.337557199983492318, 0.1066341674568033471, -0.1259842519685039353 ) ) ;
#1753 = VECTOR ( 'NONE', #3513, 39.37007874015748143 ) ;
#1754 = ORIENTED_EDGE ( 'NONE', *, *, #4603, .F. ) ;
#1755 = ORIENTED_EDGE ( 'NONE', *, *, #590, .F. ) ;
#1756 =( NAMED_UNIT ( * ) SI_UNIT ( $, .STERADIAN. ) SOLID_ANGLE_UNIT ( ) );
#1757 = VERTEX_POINT ( 'NONE', #3447 ) ;
#1758 = EDGE_CURVE ( 'NONE', #4607, #2904, #1434, .T. ) ;
#1759 = CARTESIAN_POINT ( 'NONE',  ( 1.274676607989728261, -0.07446819474792892857, 0.1259842519685039353 ) ) ;
#1760 = VECTOR ( 'NONE', #4742, 39.37007874015748143 ) ;
#1761 = LINE ( 'NONE', #184, #1769 ) ;
#1762 = LINE ( 'NONE', #4147, #178 ) ;
#1763 = ORIENTED_EDGE ( 'NONE', *, *, #2404, .T. ) ;
#1764 = PLANE ( 'NONE',  #1041 ) ;
#1765 = CARTESIAN_POINT ( 'NONE',  ( 1.625070308777141870, -0.2092602722875436805, 0.04133858267716536417 ) ) ;
#1766 = EDGE_LOOP ( 'NONE', ( #3691, #2021, #3118, #73 ) ) ;
#1767 = CIRCLE ( 'NONE', #1500, 0.009891732283464897690 ) ;
#1768 = EDGE_CURVE ( 'NONE', #4588, #4264, #3128, .T. ) ;
#1769 = VECTOR ( 'NONE', #3826, 39.37007874015748143 ) ;
#1770 =( LENGTH_UNIT ( ) NAMED_UNIT ( * ) SI_UNIT ( $, .METRE. ) );
#1771 = EDGE_LOOP ( 'NONE', ( #1479, #4035, #4634, #1989 ) ) ;
#1772 = EDGE_CURVE ( 'NONE', #1498, #2267, #3046, .T. ) ;
#1773 = DIRECTION ( 'NONE',  ( 0.000000000000000000, 1.000000000000000000, 0.000000000000000000 ) ) ;
#1774 = VECTOR ( 'NONE', #2675, 39.37007874015748143 ) ;
#1775 = LINE ( 'NONE', #2232, #2739 ) ;
#1776 = VECTOR ( 'NONE', #4295, 39.37007874015748143 ) ;
#1777 = PLANE ( 'NONE',  #3910 ) ;
#1778 = ORIENTED_EDGE ( 'NONE', *, *, #4096, .T. ) ;
#1779 = DIRECTION ( 'NONE',  ( 0.000000000000000000, 0.000000000000000000, -1.000000000000000000 ) ) ;
#1780 = VECTOR ( 'NONE', #784, 39.37007874015748143 ) ;
#1781 = DIRECTION ( 'NONE',  ( 0.000000000000000000, 0.000000000000000000, -1.000000000000000000 ) ) ;
#1782 = DIRECTION ( 'NONE',  ( 1.000000000000000000, 0.000000000000000000, 0.000000000000000000 ) ) ;
#1783 = ORIENTED_EDGE ( 'NONE', *, *, #2261, .F. ) ;
#1784 = VERTEX_POINT ( 'NONE', #4328 ) ;
#1785 = CARTESIAN_POINT ( 'NONE',  ( 1.546330151296830602, -0.05478315537781906774, 0.1259842519685039353 ) ) ;
#1786 = ORIENTED_EDGE ( 'NONE', *, *, #3010, .F. ) ;
#1787 = CARTESIAN_POINT ( 'NONE',  ( 1.241214489478889904, -0.2092853712438586533, -0.05708661417322834220 ) ) ;
#1788 = VERTEX_POINT ( 'NONE', #4703 ) ;
#1789 = ADVANCED_FACE ( 'NONE', ( #4301 ), #5119, .F. ) ;
#1790 = DIRECTION ( 'NONE',  ( 0.000000000000000000, -1.000000000000000000, 0.000000000000000000 ) ) ;
#1791 = ORIENTED_EDGE ( 'NONE', *, *, #937, .F. ) ;
#1792 = CARTESIAN_POINT ( 'NONE',  ( 1.140706806282704822, 0.1066341674568033471, 0.1259842519685039353 ) ) ;
#1793 = LINE ( 'NONE', #3421, #1254 ) ;
#1794 = VERTEX_POINT ( 'NONE', #612 ) ;
#1795 = VECTOR ( 'NONE', #2931, 39.37007874015748143 ) ;
#1796 = FACE_OUTER_BOUND ( 'NONE', #2502, .T. ) ;
#1797 = DIRECTION ( 'NONE',  ( -1.000000000000000000, -1.132880637372596148E-14, 1.096671114469778078E-31 ) ) ;
#1798 = VERTEX_POINT ( 'NONE', #2248 ) ;
#1799 = DIRECTION ( 'NONE',  ( 1.632680918566375160E-14, 1.000000000000000000, -9.680376540049299926E-18 ) ) ;
#1800 = VECTOR ( 'NONE', #3233, 39.37007874015748143 ) ;
#1801 = DIRECTION ( 'NONE',  ( -1.000000000000000000, 4.625929269271509777E-14, 0.000000000000000000 ) ) ;
#1802 = EDGE_CURVE ( 'NONE', #2133, #3663, #3881, .T. ) ;
#1803 = DIRECTION ( 'NONE',  ( 0.000000000000000000, 0.000000000000000000, -1.000000000000000000 ) ) ;
#1804 = VERTEX_POINT ( 'NONE', #2699 ) ;
#1805 = AXIS2_PLACEMENT_3D ( 'NONE', #4778, #2647, #4272 ) ;
#1806 = DIRECTION ( 'NONE',  ( 0.000000000000000000, 0.000000000000000000, -1.000000000000000000 ) ) ;
#1807 = CARTESIAN_POINT ( 'NONE',  ( 1.235306529249574847, -0.01541307663768504144, 0.1259842519685039353 ) ) ;
#1808 = ADVANCED_FACE ( 'NONE', ( #1093 ), #2272, .T. ) ;
#1809 = VECTOR ( 'NONE', #1483, 39.37007874015748143 ) ;
#1810 = DIRECTION ( 'NONE',  ( 1.132880637372604036E-14, 1.000000000000000000, 0.000000000000000000 ) ) ;
#1811 = VERTEX_POINT ( 'NONE', #162 ) ;
#1812 = ORIENTED_EDGE ( 'NONE', *, *, #4635, .F. ) ;
#1813 = CARTESIAN_POINT ( 'NONE',  ( 1.331651688172468706, 0.3310436162757008360, 0.05905511811023622659 ) ) ;
#1814 = ORIENTED_EDGE ( 'NONE', *, *, #2379, .T. ) ;
#1815 = CIRCLE ( 'NONE', #2580, 0.009845000097158516927 ) ;
#1816 = VERTEX_POINT ( 'NONE', #240 ) ;
#1817 = CARTESIAN_POINT ( 'NONE',  ( 1.081651688172472481, -0.08627921836996831073, -0.1259842519685039353 ) ) ;
#1818 = ORIENTED_EDGE ( 'NONE', *, *, #2411, .F. ) ;
#1819 = DIRECTION ( 'NONE',  ( -1.000000000000000000, 4.869399230812180366E-15, -6.938893903907220805E-14 ) ) ;
#1820 = LINE ( 'NONE', #1467, #1089 ) ;
#1821 = ORIENTED_EDGE ( 'NONE', *, *, #965, .T. ) ;
#1822 = EDGE_CURVE ( 'NONE', #767, #3654, #3566, .T. ) ;
#1823 = DIRECTION ( 'NONE',  ( 1.000000000000000000, 0.000000000000000000, 0.000000000000000000 ) ) ;
#1824 = VERTEX_POINT ( 'NONE', #3832 ) ;
#1825 = LINE ( 'NONE', #3454, #5107 ) ;
#1826 = EDGE_CURVE ( 'NONE', #3054, #284, #1793, .T. ) ;
#1827 = LINE ( 'NONE', #2659, #2311 ) ;
#1828 = CARTESIAN_POINT ( 'NONE',  ( 1.428219915076354596, -0.05478315537781906774, 0.1259842519685039353 ) ) ;
#1829 = VERTEX_POINT ( 'NONE', #3022 ) ;
#1830 = CARTESIAN_POINT ( 'NONE',  ( 1.489132003133110338, -0.05478315537781906774, 0.1102362204724409434 ) ) ;
#1831 = EDGE_CURVE ( 'NONE', #3275, #1906, #4648, .T. ) ;
#1832 = CARTESIAN_POINT ( 'NONE',  ( 1.231369489381731297, -0.2092853712438586533, 0.1259842519685039353 ) ) ;
#1833 = PLANE ( 'NONE',  #4120 ) ;
#1834 = ORIENTED_EDGE ( 'NONE', *, *, #4274, .T. ) ;
#1835 = VERTEX_POINT ( 'NONE', #3857 ) ;
#1836 = CARTESIAN_POINT ( 'NONE',  ( 1.428219915076354596, -0.2092602722875436805, 0.1259842519685039353 ) ) ;
#1837 = ORIENTED_EDGE ( 'NONE', *, *, #1557, .F. ) ;
#1838 = EDGE_CURVE ( 'NONE', #5168, #1194, #3202, .T. ) ;
#1839 = ORIENTED_EDGE ( 'NONE', *, *, #5090, .T. ) ;
#1840 = CARTESIAN_POINT ( 'NONE',  ( 1.274676607989728261, -0.05084614750382669690, 0.1102362204724409434 ) ) ;
#1841 = DIRECTION ( 'NONE',  ( 0.000000000000000000, 0.000000000000000000, -1.000000000000000000 ) ) ;
#1842 = ORIENTED_EDGE ( 'NONE', *, *, #1802, .T. ) ;
#1843 = VECTOR ( 'NONE', #4978, 39.37007874015748143 ) ;
#1844 = DIRECTION ( 'NONE',  ( 1.000000000000000000, -1.632680918566375160E-14, 0.000000000000000000 ) ) ;
#1845 = PLANE ( 'NONE',  #4020 ) ;
#1846 = AXIS2_PLACEMENT_3D ( 'NONE', #719, #1976, #1172 ) ;
#1847 = CARTESIAN_POINT ( 'NONE',  ( 1.252911530692153663, 0.3310436162757008360, 0.1259842519685039353 ) ) ;
#1848 = EDGE_CURVE ( 'NONE', #399, #3663, #392, .T. ) ;
#1849 = CARTESIAN_POINT ( 'NONE',  ( 1.337557199983492318, 0.1066341674568033471, -0.1102362204724409434 ) ) ;
#1850 = AXIS2_PLACEMENT_3D ( 'NONE', #3366, #3720, #4985 ) ;
#1851 = LINE ( 'NONE', #3139, #4403 ) ;
#1852 = FACE_OUTER_BOUND ( 'NONE', #684, .T. ) ;
#1853 = EDGE_CURVE ( 'NONE', #5109, #5267, #2375, .T. ) ;
#1854 = VECTOR ( 'NONE', #983, 39.37007874015748143 ) ;
#1855 = DIRECTION ( 'NONE',  ( 0.000000000000000000, -1.000000000000000000, 9.680376540049299926E-18 ) ) ;
#1856 = ORIENTED_EDGE ( 'NONE', *, *, #4337, .T. ) ;
#1857 = LINE ( 'NONE', #3089, #1691 ) ;
#1858 = CARTESIAN_POINT ( 'NONE',  ( 1.361179247227586764, 0.03970503359852826930, 0.1259842519685039353 ) ) ;
#1859 = VECTOR ( 'NONE', #423, 39.37007874015748143 ) ;
#1860 = LINE ( 'NONE', #3491, #1127 ) ;
#1861 = ORIENTED_EDGE ( 'NONE', *, *, #2824, .T. ) ;
#1862 = ORIENTED_EDGE ( 'NONE', *, *, #3824, .T. ) ;
#1863 = LINE ( 'NONE', #5111, #5008 ) ;
#1864 = VERTEX_POINT ( 'NONE', #3665 ) ;
#1865 = AXIS2_PLACEMENT_3D ( 'NONE', #3630, #285, #2016 ) ;
#1866 = ORIENTED_EDGE ( 'NONE', *, *, #774, .F. ) ;
#1867 = LINE ( 'NONE', #3498, #1124 ) ;
#1868 = EDGE_CURVE ( 'NONE', #1948, #3928, #5248, .T. ) ;
#1869 = VERTEX_POINT ( 'NONE', #1623 ) ;
#1870 = DIRECTION ( 'NONE',  ( 0.000000000000000000, -1.000000000000000000, 0.000000000000000000 ) ) ;
#1871 = ORIENTED_EDGE ( 'NONE', *, *, #2087, .T. ) ;
#1872 = DIRECTION ( 'NONE',  ( 0.000000000000000000, 1.000000000000000000, -9.680376540049299926E-18 ) ) ;
#1873 = DIRECTION ( 'NONE',  ( 0.000000000000000000, 0.000000000000000000, -1.000000000000000000 ) ) ;
#1874 = EDGE_CURVE ( 'NONE', #138, #4203, #2779, .T. ) ;
#1875 = DIRECTION ( 'NONE',  ( 0.7071067811865280328, -0.7071067811865670016, 0.000000000000000000 ) ) ;
#1876 = VERTEX_POINT ( 'NONE', #3982 ) ;
#1877 = VECTOR ( 'NONE', #95, 39.37007874015748143 ) ;
#1878 = LINE ( 'NONE', #4712, #3075 ) ;
#1879 = CARTESIAN_POINT ( 'NONE',  ( 1.252911530692153663, 0.3310436162757008360, -0.05905511811023622659 ) ) ;
#1880 = FACE_OUTER_BOUND ( 'NONE', #5181, .T. ) ;
#1881 = VECTOR ( 'NONE', #863, 39.37007874015748143 ) ;
#1882 = CARTESIAN_POINT ( 'NONE',  ( 1.081651688172480474, -0.01541307663766153767, -0.1102362204724409434 ) ) ;
#1883 = EDGE_LOOP ( 'NONE', ( #835, #4665, #179, #4999, #4364, #4326, #2641, #1624, #5051, #1924, #1247, #4336, #1401, #2962, #1129, #4476, #5061, #4923, #1433, #2215 ) ) ;
#1884 = LINE ( 'NONE', #355, #5264 ) ;
#1885 = AXIS2_PLACEMENT_3D ( 'NONE', #1683, #4935, #2002 ) ;
#1886 = EDGE_CURVE ( 'NONE', #1824, #4176, #715, .T. ) ;
#1887 = CARTESIAN_POINT ( 'NONE',  ( 1.296218617306338805, -0.2092853712438586533, -0.1259842519685039353 ) ) ;
#1888 = DIRECTION ( 'NONE',  ( -0.000000000000000000, 1.000000000000000000, 0.000000000000000000 ) ) ;
#1889 = AXIS2_PLACEMENT_3D ( 'NONE', #447, #1220, #2858 ) ;
#1890 = VERTEX_POINT ( 'NONE', #316 ) ;
#1891 = VERTEX_POINT ( 'NONE', #4007 ) ;
#1892 = PLANE ( 'NONE',  #2206 ) ;
#1893 = ORIENTED_EDGE ( 'NONE', *, *, #5015, .T. ) ;
#1894 = VECTOR ( 'NONE', #4870, 39.37007874015748143 ) ;
#1895 = ORIENTED_EDGE ( 'NONE', *, *, #1404, .F. ) ;
#1896 = CARTESIAN_POINT ( 'NONE',  ( 1.274676607989728261, -0.05084614750382669690, 0.1259842519685039353 ) ) ;
#1897 = ORIENTED_EDGE ( 'NONE', *, *, #4578, .F. ) ;
#1898 = APPLICATION_PROTOCOL_DEFINITION ( 'draft international standard', 'automotive_design', 1998, #4599 ) ;
#1899 = DIRECTION ( 'NONE',  ( 0.000000000000000000, 1.000000000000000000, 0.000000000000000000 ) ) ;
#1900 = CARTESIAN_POINT ( 'NONE',  ( 1.489132003133110338, -0.05478315537781906774, 0.1259842519685039353 ) ) ;
#1901 = ORIENTED_EDGE ( 'NONE', *, *, #3789, .F. ) ;
#1902 = CARTESIAN_POINT ( 'NONE',  ( 1.213541451951996031, 0.3310436162757008360, -0.05905511811023622659 ) ) ;
#1903 = EDGE_CURVE ( 'NONE', #4710, #2982, #4807, .T. ) ;
#1904 = PLANE ( 'NONE',  #2277 ) ;
#1905 = DIRECTION ( 'NONE',  ( -1.000000000000000000, 0.000000000000000000, 0.000000000000000000 ) ) ;
#1906 = VERTEX_POINT ( 'NONE', #4883 ) ;
#1907 = ORIENTED_EDGE ( 'NONE', *, *, #642, .F. ) ;
#1908 = EDGE_CURVE ( 'NONE', #2292, #628, #1168, .T. ) ;
#1909 = CARTESIAN_POINT ( 'NONE',  ( 1.233226491322078733, 0.1066341674568033471, -0.1259842519685039353 ) ) ;
#1910 = CARTESIAN_POINT ( 'NONE',  ( 1.699761924392952706, -0.05478315537781906774, -0.1102362204724409434 ) ) ;
#1911 = CARTESIAN_POINT ( 'NONE',  ( 1.251059457582212708, -0.2093104702001736261, -0.04133858267716536417 ) ) ;
#1912 = ORIENTED_EDGE ( 'NONE', *, *, #4306, .T. ) ;
#1913 = CARTESIAN_POINT ( 'NONE',  ( 1.644760244983787700, -0.05478315537781906774, -0.05708661417322834220 ) ) ;
#1914 = DIRECTION ( 'NONE',  ( -1.000000000000000000, 0.000000000000000000, 0.000000000000000000 ) ) ;
#1915 = DIRECTION ( 'NONE',  ( 1.000000000000000000, 0.000000000000000000, 0.000000000000000000 ) ) ;
#1916 = VERTEX_POINT ( 'NONE', #4406 ) ;
#1917 = ORIENTED_EDGE ( 'NONE', *, *, #551, .T. ) ;
#1918 = EDGE_CURVE ( 'NONE', #3228, #1794, #2328, .T. ) ;
#1919 = LINE ( 'NONE', #4775, #5178 ) ;
#1920 = VERTEX_POINT ( 'NONE', #1541 ) ;
#1921 = CARTESIAN_POINT ( 'NONE',  ( 1.625070308777141870, -0.05478315537781142802, -0.1259842519685039353 ) ) ;
#1922 = DIRECTION ( 'NONE',  ( 0.000000000000000000, 0.000000000000000000, -1.000000000000000000 ) ) ;
#1923 = SURFACE_STYLE_FILL_AREA ( #290 ) ;
#1924 = ORIENTED_EDGE ( 'NONE', *, *, #3371, .F. ) ;
#1925 = CARTESIAN_POINT ( 'NONE',  ( 1.268659562188216627, 0.03970503359852826930, 0.1259842519685039353 ) ) ;
#1926 = DIRECTION ( 'NONE',  ( 0.000000000000000000, 1.000000000000000000, 0.000000000000000000 ) ) ;
#1927 = CARTESIAN_POINT ( 'NONE',  ( 1.550267159170830578, -0.01541307663768504144, 0.1259842519685039353 ) ) ;
#1928 = VERTEX_POINT ( 'NONE', #4782 ) ;
#1929 = CLOSED_SHELL ( 'NONE', ( #3045, #4916, #3975, #5123, #2625, #5177, #3496, #4043, #350, #1808, #3436, #2027, #3562, #4421, #2941, #2068, #2678, #377, #733, #3721, #1080, #3893, #5272, #273, #88, #2762, #917, #5047, #3575, #1208, #1131, #3399, #4690, #4931, #4886, #3808, #1629, #363, #4894, #5020, #2423, #2575, #889, #4485, #1438, #4717, #3758, #2223, #636, #1291, #3206, #4600, #1314, #5053, #1543, #1458, #3624, #3295, #448, #3999, #3741, #3633, #166, #1956, #2636, #2438, #1072, #5259, #2546, #560, #4206, #4387, #418, #1672, #4547, #2847, #2009, #297, #4145, #3641, #1372, #1233, #4304, #5027, #1261, #815, #3334, #876 ) ) ;
#1930 = VECTOR ( 'NONE', #3049, 39.37007874015748143 ) ;
#1931 = DIRECTION ( 'NONE',  ( 0.000000000000000000, 0.000000000000000000, 1.000000000000000000 ) ) ;
#1932 = PLANE ( 'NONE',  #1193 ) ;
#1933 = EDGE_CURVE ( 'NONE', #4761, #1376, #340, .T. ) ;
#1934 = LINE ( 'NONE', #1882, #2713 ) ;
#1935 = DIRECTION ( 'NONE',  ( 0.000000000000000000, -3.644377050371479832E-17, 1.000000000000000000 ) ) ;
#1936 = VECTOR ( 'NONE', #543, 39.37007874015748143 ) ;
#1937 = CARTESIAN_POINT ( 'NONE',  ( 1.069840664550433251, -0.2890351238817558954, -0.05708661417322834220 ) ) ;
#1938 = AXIS2_PLACEMENT_3D ( 'NONE', #4768, #2336, #300 ) ;
#1939 = CARTESIAN_POINT ( 'NONE',  ( 1.646723852084220674, -0.08627921836996831073, 0.1259842519685039353 ) ) ;
#1940 = ADVANCED_FACE ( 'NONE', ( #1196 ), #2400, .F. ) ;
#1941 = EDGE_LOOP ( 'NONE', ( #3830, #1116, #1402, #4974 ) ) ;
#1942 = EDGE_LOOP ( 'NONE', ( #688, #4456, #5149, #825 ) ) ;
#1943 = PLANE ( 'NONE',  #1947 ) ;
#1944 = EDGE_LOOP ( 'NONE', ( #979, #3977, #331, #4769 ) ) ;
#1945 = VECTOR ( 'NONE', #3465, 39.37007874015748143 ) ;
#1946 = DIRECTION ( 'NONE',  ( 1.000000000000000000, 0.000000000000000000, 0.000000000000000000 ) ) ;
#1947 = AXIS2_PLACEMENT_3D ( 'NONE', #3579, #4136, #4876 ) ;
#1948 = VERTEX_POINT ( 'NONE', #4461 ) ;
#1949 = DIRECTION ( 'NONE',  ( 1.000000000000000000, -4.869399230812180366E-15, 0.000000000000000000 ) ) ;
#1950 = DIRECTION ( 'NONE',  ( 0.000000000000000000, 0.000000000000000000, -1.000000000000000000 ) ) ;
#1951 = VERTEX_POINT ( 'NONE', #3614 ) ;
#1952 = DIRECTION ( 'NONE',  ( -1.000000000000000000, 0.000000000000000000, 0.000000000000000000 ) ) ;
#1953 = EDGE_CURVE ( 'NONE', #1320, #1229, #1223, .T. ) ;
#1954 = DIRECTION ( 'NONE',  ( -1.000000000000000000, 0.000000000000000000, 0.000000000000000000 ) ) ;
#1955 = VERTEX_POINT ( 'NONE', #367 ) ;
#1956 = ADVANCED_FACE ( 'NONE', ( #3636 ), #2861, .T. ) ;
#1957 = MANIFOLD_SOLID_BREP ( 'NONE', #1929 ) ;
#1958 = FACE_OUTER_BOUND ( 'NONE', #3821, .T. ) ;
#1959 = LINE ( 'NONE', #1529, #2465 ) ;
#1960 = EDGE_CURVE ( 'NONE', #1632, #3248, #2889, .T. ) ;
#1961 = PLANE ( 'NONE',  #4750 ) ;
#1962 = VECTOR ( 'NONE', #4920, 39.37007874015748143 ) ;
#1963 = LINE ( 'NONE', #811, #2924 ) ;
#1964 = ORIENTED_EDGE ( 'NONE', *, *, #1430, .T. ) ;
#1965 = ORIENTED_EDGE ( 'NONE', *, *, #3872, .F. ) ;
#1966 = CARTESIAN_POINT ( 'NONE',  ( 1.428219915076354596, -0.2092602722875436805, -0.05708661417322834220 ) ) ;
#1967 = ORIENTED_EDGE ( 'NONE', *, *, #1997, .T. ) ;
#1968 = EDGE_CURVE ( 'NONE', #731, #873, #4959, .T. ) ;
#1969 = AXIS2_PLACEMENT_3D ( 'NONE', #2, #2088, #4039 ) ;
#1970 = DIRECTION ( 'NONE',  ( -1.000000000000000000, 0.000000000000000000, 0.000000000000000000 ) ) ;
#1971 = EDGE_LOOP ( 'NONE', ( #264, #1197, #224, #2897 ) ) ;
#1972 = DIRECTION ( 'NONE',  ( -1.000000000000000000, 4.625929269271509777E-14, 0.000000000000000000 ) ) ;
#1973 = CARTESIAN_POINT ( 'NONE',  ( 1.081651688172472481, -0.08627921836996831073, 0.1102362204724409434 ) ) ;
#1974 = ORIENTED_EDGE ( 'NONE', *, *, #4510, .F. ) ;
#1975 = VECTOR ( 'NONE', #4214, 39.37007874015748143 ) ;
#1976 = DIRECTION ( 'NONE',  ( -1.000000000000000000, 4.625929269271250399E-14, 0.000000000000000000 ) ) ;
#1977 = CARTESIAN_POINT ( 'NONE',  ( 1.550155625180354546, -0.05478315537781906774, -0.1102362204724409434 ) ) ;
#1978 = CIRCLE ( 'NONE', #783, 0.009891732283464897690 ) ;
#1979 = VERTEX_POINT ( 'NONE', #5006 ) ;
#1980 = CARTESIAN_POINT ( 'NONE',  ( 1.625070308777141870, -0.05478315537781142802, 0.05708661417322834220 ) ) ;
#1981 = ORIENTED_EDGE ( 'NONE', *, *, #4853, .T. ) ;
#1982 = EDGE_CURVE ( 'NONE', #3129, #5222, #2563, .T. ) ;
#1983 = CARTESIAN_POINT ( 'NONE',  ( 1.550155625180354546, -0.05478315537781906774, -0.1102362204724409434 ) ) ;
#1984 = DIRECTION ( 'NONE',  ( -1.000000000000000000, 0.000000000000000000, 0.000000000000000000 ) ) ;
#1985 = EDGE_CURVE ( 'NONE', #2420, #4273, #2484, .T. ) ;
#1986 = DIRECTION ( 'NONE',  ( 0.000000000000000000, -1.000000000000000000, 1.050629497461847997E-31 ) ) ;
#1987 = CARTESIAN_POINT ( 'NONE',  ( 1.138849836336185195, -0.08627921836996831073, 0.1259842519685039353 ) ) ;
#1988 = CARTESIAN_POINT ( 'NONE',  ( 1.634915276880464452, -0.2092853712438586533, -0.04133858267716536417 ) ) ;
#1989 = ORIENTED_EDGE ( 'NONE', *, *, #2782, .T. ) ;
#1990 = VERTEX_POINT ( 'NONE', #503 ) ;
#1991 = EDGE_CURVE ( 'NONE', #3927, #4514, #3310, .T. ) ;
#1992 = DIRECTION ( 'NONE',  ( 0.000000000000000000, 1.000000000000000000, 0.000000000000000000 ) ) ;
#1993 = VERTEX_POINT ( 'NONE', #2939 ) ;
#1994 = DIRECTION ( 'NONE',  ( 0.000000000000000000, 0.000000000000000000, -1.000000000000000000 ) ) ;
#1995 = ORIENTED_EDGE ( 'NONE', *, *, #2252, .F. ) ;
#1996 = CARTESIAN_POINT ( 'NONE',  ( 1.069840664550433251, -0.2890351238817558954, 0.05708661417322834220 ) ) ;
#1997 = EDGE_CURVE ( 'NONE', #4570, #2022, #1649, .T. ) ;
#1998 = CARTESIAN_POINT ( 'NONE',  ( 1.428219883082518571, -0.2092853712438586533, 0.1259842519685039353 ) ) ;
#1999 = ORIENTED_EDGE ( 'NONE', *, *, #462, .F. ) ;
#2000 = CARTESIAN_POINT ( 'NONE',  ( 1.235306529249574847, -0.01541307663768504144, -0.1259842519685039353 ) ) ;
#2001 = CARTESIAN_POINT ( 'NONE',  ( 1.546330151296830602, -0.05478315537781906774, 0.04133858267716536417 ) ) ;
#2002 = DIRECTION ( 'NONE',  ( 1.000000000000000000, 4.625929269271509777E-14, 0.000000000000000000 ) ) ;
#2003 = FACE_OUTER_BOUND ( 'NONE', #2755, .T. ) ;
#2004 = ORIENTED_EDGE ( 'NONE', *, *, #3527, .T. ) ;
#2005 = EDGE_CURVE ( 'NONE', #4329, #86, #4932, .T. ) ;
#2006 = CARTESIAN_POINT ( 'NONE',  ( 1.447909851282999982, -0.05478315537781906774, -0.04133858267716536417 ) ) ;
#2007 = CARTESIAN_POINT ( 'NONE',  ( 1.646723852084220674, -0.01541307663768504144, 0.1259842519685039353 ) ) ;
#2008 = DIRECTION ( 'NONE',  ( 0.000000000000000000, -1.000000000000000000, 0.000000000000000000 ) ) ;
#2009 = ADVANCED_FACE ( 'NONE', ( #4117 ), #4088, .F. ) ;
#2010 = DIRECTION ( 'NONE',  ( -3.492338154230200146E-15, 1.000000000000000000, 0.000000000000000000 ) ) ;
#2011 = CYLINDRICAL_SURFACE ( 'NONE', #4623, 0.009891732283464897690 ) ;
#2012 = AXIS2_PLACEMENT_3D ( 'NONE', #5278, #4010, #1597 ) ;
#2013 = EDGE_LOOP ( 'NONE', ( #1310, #2956, #2395, #1650 ) ) ;
#2014 = CARTESIAN_POINT ( 'NONE',  ( 1.546330151296830602, -0.2112312353184807034, 0.04133858267716536417 ) ) ;
#2015 = ORIENTED_EDGE ( 'NONE', *, *, #2510, .F. ) ;
#2016 = DIRECTION ( 'NONE',  ( 0.000000000000000000, -1.000000000000000000, 0.000000000000000000 ) ) ;
#2017 = ORIENTED_EDGE ( 'NONE', *, *, #2895, .F. ) ;
#2018 = VECTOR ( 'NONE', #1682, 39.37007874015748143 ) ;
#2019 = PRODUCT_DEFINITION ( 'UNKNOWN', '', #446, #5235 ) ;
#2020 = CARTESIAN_POINT ( 'NONE',  ( 1.646723852084220674, -0.08627921836996831073, -0.1102362204724409434 ) ) ;
#2021 = ORIENTED_EDGE ( 'NONE', *, *, #4804, .T. ) ;
#2022 = VERTEX_POINT ( 'NONE', #4589 ) ;
#2023 = DIRECTION ( 'NONE',  ( 0.000000000000000000, -1.000000000000000000, 0.000000000000000000 ) ) ;
#2024 = VERTEX_POINT ( 'NONE', #1733 ) ;
#2025 = AXIS2_PLACEMENT_3D ( 'NONE', #4520, #4124, #2117 ) ;
#2026 = LINE ( 'NONE', #1147, #4409 ) ;
#2027 = ADVANCED_FACE ( 'NONE', ( #529 ), #2990, .F. ) ;
#2028 = VECTOR ( 'NONE', #3176, 39.37007874015748143 ) ;
#2029 = FACE_OUTER_BOUND ( 'NONE', #1105, .T. ) ;
#2030 = ORIENTED_EDGE ( 'NONE', *, *, #4699, .T. ) ;
#2031 = CARTESIAN_POINT ( 'NONE',  ( 1.268659562188216627, 0.1066341674568033471, -0.1259842519685039353 ) ) ;
#2032 = CARTESIAN_POINT ( 'NONE',  ( 1.634915276880464452, -0.2092853712438586533, 0.1259842519685039353 ) ) ;
#2033 = ORIENTED_EDGE ( 'NONE', *, *, #5188, .T. ) ;
#2034 = VECTOR ( 'NONE', #1806, 39.37007874015748143 ) ;
#2035 = ADVANCED_FACE ( 'NONE', ( #3338 ), #2165, .T. ) ;
#2036 = DIRECTION ( 'NONE',  ( 0.000000000000000000, 1.000000000000000000, 0.000000000000000000 ) ) ;
#2037 = EDGE_LOOP ( 'NONE', ( #722, #460, #2064, #4836 ) ) ;
#2038 = CARTESIAN_POINT ( 'NONE',  ( 1.550267159170830578, -0.07446819474792892857, 0.1259842519685039353 ) ) ;
#2039 = LINE ( 'NONE', #3243, #143 ) ;
#2040 = CARTESIAN_POINT ( 'NONE',  ( 1.069840664550433251, -0.2890351238817558954, -0.05708661417322834220 ) ) ;
#2041 = DIRECTION ( 'NONE',  ( 0.000000000000000000, 0.000000000000000000, -1.000000000000000000 ) ) ;
#2042 = CARTESIAN_POINT ( 'NONE',  ( 1.536487631611791249, -0.2102457538030161610, 0.1259842519685039353 ) ) ;
#2043 = ORIENTED_EDGE ( 'NONE', *, *, #1758, .T. ) ;
#2044 = DIRECTION ( 'NONE',  ( 1.000000000000000000, -1.132880637372604036E-14, 0.000000000000000000 ) ) ;
#2045 = VERTEX_POINT ( 'NONE', #127 ) ;
#2046 = CARTESIAN_POINT ( 'NONE',  ( 1.274676607989728261, -0.05084614750382669690, 0.1259842519685039353 ) ) ;
#2047 = ORIENTED_EDGE ( 'NONE', *, *, #110, .T. ) ;
#2048 = EDGE_CURVE ( 'NONE', #6, #3143, #851, .T. ) ;
#2049 = VECTOR ( 'NONE', #139, 39.37007874015748143 ) ;
#2050 = LINE ( 'NONE', #2180, #826 ) ;
#2051 = CARTESIAN_POINT ( 'NONE',  ( 1.438064883179677178, -0.2092853712438586533, 0.05708661417322834220 ) ) ;
#2052 = AXIS2_PLACEMENT_3D ( 'NONE', #3455, #3057, #4686 ) ;
#2053 = ORIENTED_EDGE ( 'NONE', *, *, #263, .F. ) ;
#2054 = ORIENTED_EDGE ( 'NONE', *, *, #1200, .T. ) ;
#2055 = CARTESIAN_POINT ( 'NONE',  ( 1.625070308777141870, -0.05478315537781142802, 0.1259842519685039353 ) ) ;
#2056 = ORIENTED_EDGE ( 'NONE', *, *, #3193, .T. ) ;
#2057 = ADVANCED_FACE ( 'NONE', ( #3693 ), #26, .F. ) ;
#2058 = AXIS2_PLACEMENT_3D ( 'NONE', #244, #5152, #3107 ) ;
#2059 = CARTESIAN_POINT ( 'NONE',  ( 1.526645111926748122, -0.05478315537781906774, 0.1259842519685039353 ) ) ;
#2060 = DIRECTION ( 'NONE',  ( 0.000000000000000000, 0.000000000000000000, -1.000000000000000000 ) ) ;
#2061 = DIRECTION ( 'NONE',  ( 0.000000000000000000, 0.000000000000000000, 1.000000000000000000 ) ) ;
#2062 = VECTOR ( 'NONE', #1646, 39.37007874015748143 ) ;
#2063 = DIRECTION ( 'NONE',  ( 1.000000000000000000, -4.625929269271509777E-14, 0.000000000000000000 ) ) ;
#2064 = ORIENTED_EDGE ( 'NONE', *, *, #1388, .F. ) ;
#2065 = EDGE_CURVE ( 'NONE', #1928, #295, #3718, .T. ) ;
#2066 = AXIS2_PLACEMENT_3D ( 'NONE', #4040, #3700, #2061 ) ;
#2067 = CARTESIAN_POINT ( 'NONE',  ( 1.644643814156732331, -0.05478315537781142802, -0.1259842519685039353 ) ) ;
#2068 = ADVANCED_FACE ( 'NONE', ( #2218 ), #1892, .T. ) ;
#2069 = VECTOR ( 'NONE', #1331, 39.37007874015748143 ) ;
#2070 = DIRECTION ( 'NONE',  ( 0.7071067811865670016, -0.7071067811865280328, 0.000000000000000000 ) ) ;
#2071 = PRODUCT_DEFINITION_SHAPE ( 'NONE', 'NONE',  #2019 ) ;
#2072 = DIRECTION ( 'NONE',  ( 1.000000000000000000, 0.000000000000000000, -3.011672701348629522E-17 ) ) ;
#2073 = LINE ( 'NONE', #4947, #3593 ) ;
#2074 = DIRECTION ( 'NONE',  ( 0.000000000000000000, 0.000000000000000000, 1.000000000000000000 ) ) ;
#2075 = ORIENTED_EDGE ( 'NONE', *, *, #2207, .F. ) ;
#2076 = DIRECTION ( 'NONE',  ( 0.000000000000000000, 1.000000000000000000, 0.000000000000000000 ) ) ;
#2077 = EDGE_LOOP ( 'NONE', ( #4700, #2137, #2216, #186 ) ) ;
#2078 = CARTESIAN_POINT ( 'NONE',  ( 1.233226491322078733, 0.1066341674568033471, -0.1259842519685039353 ) ) ;
#2079 = ORIENTED_EDGE ( 'NONE', *, *, #3888, .F. ) ;
#2080 = DIRECTION ( 'NONE',  ( 0.000000000000000000, 0.000000000000000000, 1.000000000000000000 ) ) ;
#2081 = EDGE_CURVE ( 'NONE', #4983, #3228, #1863, .T. ) ;
#2082 = CARTESIAN_POINT ( 'NONE',  ( 1.296218617306338805, -0.05478315537781906774, 0.1102362204724409434 ) ) ;
#2083 = ORIENTED_EDGE ( 'NONE', *, *, #536, .T. ) ;
#2084 = ORIENTED_EDGE ( 'NONE', *, *, #4641, .F. ) ;
#2085 = VERTEX_POINT ( 'NONE', #629 ) ;
#2086 = CARTESIAN_POINT ( 'NONE',  ( 1.138849836336185195, -0.01541307663768504144, 0.1259842519685039353 ) ) ;
#2087 = EDGE_CURVE ( 'NONE', #4588, #4555, #233, .T. ) ;
#2088 = DIRECTION ( 'NONE',  ( 0.000000000000000000, 0.000000000000000000, 1.000000000000000000 ) ) ;
#2089 = LINE ( 'NONE', #4888, #696 ) ;
#2090 = CARTESIAN_POINT ( 'NONE',  ( 1.140706806282704822, 0.1066341674568033471, -0.1102362204724409434 ) ) ;
#2091 = VERTEX_POINT ( 'NONE', #2188 ) ;
#2092 = DIRECTION ( 'NONE',  ( 0.000000000000000000, 0.000000000000000000, -1.000000000000000000 ) ) ;
#2093 = CARTESIAN_POINT ( 'NONE',  ( 1.235306529249574847, -0.01541307663768504144, 0.1259842519685039353 ) ) ;
#2094 = LINE ( 'NONE', #3626, #3467 ) ;
#2095 = DIRECTION ( 'NONE',  ( 1.000000000000000000, 0.000000000000000000, 0.000000000000000000 ) ) ;
#2096 = EDGE_CURVE ( 'NONE', #767, #3250, #3822, .T. ) ;
#2097 = CARTESIAN_POINT ( 'NONE',  ( 1.268659562188216627, 0.1066341674568033471, 0.1259842519685039353 ) ) ;
#2098 = ORIENTED_EDGE ( 'NONE', *, *, #2153, .F. ) ;
#2099 = CARTESIAN_POINT ( 'NONE',  ( 1.589525703920500188, 0.1341932225749063179, 0.06692913385826770867 ) ) ;
#2100 = ORIENTED_EDGE ( 'NONE', *, *, #2968, .T. ) ;
#2101 = CARTESIAN_POINT ( 'NONE',  ( 1.193856412581917326, 0.1341932225749063179, -0.05905511811023622659 ) ) ;
#2102 = ORIENTED_EDGE ( 'NONE', *, *, #203, .F. ) ;
#2103 = VECTOR ( 'NONE', #4839, 39.37007874015748143 ) ;
#2104 = EDGE_CURVE ( 'NONE', #1829, #2614, #1004, .T. ) ;
#2105 = VECTOR ( 'NONE', #2072, 39.37007874015748143 ) ;
#2106 = DIRECTION ( 'NONE',  ( 0.000000000000000000, 0.000000000000000000, 1.000000000000000000 ) ) ;
#2107 = ORIENTED_EDGE ( 'NONE', *, *, #2228, .F. ) ;
#2108 = ORIENTED_EDGE ( 'NONE', *, *, #2775, .T. ) ;
#2109 = CARTESIAN_POINT ( 'NONE',  ( 1.646723852084220674, -0.01541307663768504144, 0.1259842519685039353 ) ) ;
#2110 = VERTEX_POINT ( 'NONE', #977 ) ;
#2111 = VECTOR ( 'NONE', #3468, 39.37007874015748143 ) ;
#2112 = DIRECTION ( 'NONE',  ( -6.938893903907220805E-14, 0.000000000000000000, 1.000000000000000000 ) ) ;
#2113 = LINE ( 'NONE', #3751, #265 ) ;
#2114 = VECTOR ( 'NONE', #701, 39.37007874015748143 ) ;
#2115 = ORIENTED_EDGE ( 'NONE', *, *, #4977, .T. ) ;
#2116 = CARTESIAN_POINT ( 'NONE',  ( 1.241214489478889904, -0.2092853712438586533, 0.04133858267716536417 ) ) ;
#2117 = DIRECTION ( 'NONE',  ( -1.000000000000000000, 0.000000000000000000, 0.000000000000000000 ) ) ;
#2118 = ORIENTED_EDGE ( 'NONE', *, *, #4891, .F. ) ;
#2119 = EDGE_CURVE ( 'NONE', #1140, #3462, #654, .T. ) ;
#2120 = VECTOR ( 'NONE', #4854, 39.37007874015748143 ) ;
#2121 = CARTESIAN_POINT ( 'NONE',  ( 1.550267159170830578, -0.01541307663768504144, 0.1259842519685039353 ) ) ;
#2122 = VECTOR ( 'NONE', #1298, 39.37007874015748143 ) ;
#2123 = PLANE ( 'NONE',  #2372 ) ;
#2124 = CARTESIAN_POINT ( 'NONE',  ( 1.081651688172480474, -0.01541307663766153767, 0.1102362204724409434 ) ) ;
#2125 = LINE ( 'NONE', #3763, #2239 ) ;
#2126 = DIRECTION ( 'NONE',  ( 4.625929269271250399E-14, 1.000000000000000000, 0.000000000000000000 ) ) ;
#2127 = VERTEX_POINT ( 'NONE', #1486 ) ;
#2128 = PLANE ( 'NONE',  #5095 ) ;
#2129 = ORIENTED_EDGE ( 'NONE', *, *, #1953, .T. ) ;
#2130 = EDGE_CURVE ( 'NONE', #3268, #2671, #3493, .T. ) ;
#2131 = DIRECTION ( 'NONE',  ( -1.000000000000000000, 0.000000000000000000, 0.000000000000000000 ) ) ;
#2132 = DIRECTION ( 'NONE',  ( 1.000000000000000000, 0.000000000000000000, 0.000000000000000000 ) ) ;
#2133 = VERTEX_POINT ( 'NONE', #1030 ) ;
#2134 = EDGE_LOOP ( 'NONE', ( #664, #1270, #1871, #2115 ) ) ;
#2135 = VECTOR ( 'NONE', #3373, 39.37007874015748143 ) ;
#2136 = CARTESIAN_POINT ( 'NONE',  ( 1.138849836336185195, -0.08627921836996831073, 0.1259842519685039353 ) ) ;
#2137 = ORIENTED_EDGE ( 'NONE', *, *, #2228, .T. ) ;
#2138 = EDGE_CURVE ( 'NONE', #236, #4348, #3039, .T. ) ;
#2139 = DIRECTION ( 'NONE',  ( 1.000000000000000000, 0.000000000000000000, 0.000000000000000000 ) ) ;
#2140 = AXIS2_PLACEMENT_3D ( 'NONE', #3596, #3190, #5210 ) ;
#2141 = CYLINDRICAL_SURFACE ( 'NONE', #1625, 0.009845000097158516927 ) ;
#2142 = FACE_OUTER_BOUND ( 'NONE', #3635, .T. ) ;
#2143 = CARTESIAN_POINT ( 'NONE',  ( 1.164328853526799490, 0.1066341674568033471, 0.1259842519685039353 ) ) ;
#2144 = ORIENTED_EDGE ( 'NONE', *, *, #185, .T. ) ;
#2145 = AXIS2_PLACEMENT_3D ( 'NONE', #1439, #3077, #4707 ) ;
#2146 = DIRECTION ( 'NONE',  ( -1.000000000000000000, 0.000000000000000000, 0.000000000000000000 ) ) ;
#2147 = AXIS2_PLACEMENT_3D ( 'NONE', #1329, #3855, #2918 ) ;
#2148 = EDGE_CURVE ( 'NONE', #3528, #2832, #3095, .T. ) ;
#2149 = DIRECTION ( 'NONE',  ( 0.000000000000000000, 0.000000000000000000, 1.000000000000000000 ) ) ;
#2150 = VECTOR ( 'NONE', #927, 39.37007874015748143 ) ;
#2151 = CARTESIAN_POINT ( 'NONE',  ( 1.361179247227586764, 0.1066341674567956588, -0.1259842519685039353 ) ) ;
#2152 = CARTESIAN_POINT ( 'NONE',  ( 1.536487631611791249, -0.2102457538030161610, 0.05708661417322834220 ) ) ;
#2153 = EDGE_CURVE ( 'NONE', #4230, #871, #154, .T. ) ;
#2154 = AXIS2_PLACEMENT_3D ( 'NONE', #869, #616, #4529 ) ;
#2155 = CARTESIAN_POINT ( 'NONE',  ( 1.331651688172468706, 0.3310436162757008360, 0.05905511811023622659 ) ) ;
#2156 = VERTEX_POINT ( 'NONE', #4239 ) ;
#2157 = DIRECTION ( 'NONE',  ( 1.000000000000000000, 0.000000000000000000, 0.000000000000000000 ) ) ;
#2158 = EDGE_LOOP ( 'NONE', ( #5159, #4454, #4076, #4384 ) ) ;
#2159 = PLANE ( 'NONE',  #5244 ) ;
#2160 = AXIS2_PLACEMENT_3D ( 'NONE', #2595, #4646, #2515 ) ;
#2161 = CARTESIAN_POINT ( 'NONE',  ( 1.699761924392941159, -0.08627921836996831073, -0.1259842519685039353 ) ) ;
#2162 = EDGE_CURVE ( 'NONE', #1876, #276, #4268, .T. ) ;
#2163 = ORIENTED_EDGE ( 'NONE', *, *, #1772, .F. ) ;
#2164 = ORIENTED_EDGE ( 'NONE', *, *, #4344, .T. ) ;
#2165 = CYLINDRICAL_SURFACE ( 'NONE', #4170, 0.009845000097158516927 ) ;
#2166 = ORIENTED_EDGE ( 'NONE', *, *, #2389, .T. ) ;
#2167 = CARTESIAN_POINT ( 'NONE',  ( 1.625070308777141870, -0.2092602722875436805, 0.05708661417322834220 ) ) ;
#2168 = CARTESIAN_POINT ( 'NONE',  ( 1.252911530692153663, 0.3310436162757008360, 0.05905511811023622659 ) ) ;
#2169 = EDGE_CURVE ( 'NONE', #2843, #1567, #1259, .T. ) ;
#2170 = EDGE_LOOP ( 'NONE', ( #1151, #1323, #1593, #978 ) ) ;
#2171 = CARTESIAN_POINT ( 'NONE',  ( 1.164328853526799490, 0.03970503359853590208, 0.1259842519685039353 ) ) ;
#2172 = CARTESIAN_POINT ( 'NONE',  ( 1.550267159170830578, -0.01541307663768504144, -0.1259842519685039353 ) ) ;
#2173 = VERTEX_POINT ( 'NONE', #4217 ) ;
#2174 = CARTESIAN_POINT ( 'NONE',  ( 1.337557199983492318, 0.1066341674568033471, 0.1259842519685039353 ) ) ;
#2175 = DIRECTION ( 'NONE',  ( 1.000000000000000000, -5.551115123125780178E-14, 0.000000000000000000 ) ) ;
#2176 = LINE ( 'NONE', #3005, #3245 ) ;
#2177 = DIRECTION ( 'NONE',  ( 0.000000000000000000, 0.000000000000000000, -1.000000000000000000 ) ) ;
#2178 = VERTEX_POINT ( 'NONE', #3066 ) ;
#2179 = DIRECTION ( 'NONE',  ( 0.000000000000000000, 1.000000000000000000, 0.000000000000000000 ) ) ;
#2180 = CARTESIAN_POINT ( 'NONE',  ( 1.294361647359807188, -0.05084614750382669690, -0.1102362204724409434 ) ) ;
#2181 = EDGE_CURVE ( 'NONE', #4704, #2173, #261, .T. ) ;
#2182 = EDGE_CURVE ( 'NONE', #182, #2267, #3876, .T. ) ;
#2183 = CARTESIAN_POINT ( 'NONE',  ( 1.331651688172468706, 0.3310436162757008360, 0.1259842519685039353 ) ) ;
#2184 = LINE ( 'NONE', #4537, #5126 ) ;
#2185 = VECTOR ( 'NONE', #4213, 39.37007874015748143 ) ;
#2186 = ORIENTED_EDGE ( 'NONE', *, *, #2980, .T. ) ;
#2187 = ORIENTED_EDGE ( 'NONE', *, *, #3471, .T. ) ;
#2188 = CARTESIAN_POINT ( 'NONE',  ( 1.231369521375566878, -0.2092602722875436805, -0.05708661417322834220 ) ) ;
#2189 = ORIENTED_EDGE ( 'NONE', *, *, #4402, .T. ) ;
#2190 = EDGE_CURVE ( 'NONE', #873, #2668, #3899, .T. ) ;
#2191 = AXIS2_PLACEMENT_3D ( 'NONE', #2289, #3519, #3546 ) ;
#2192 = ORIENTED_EDGE ( 'NONE', *, *, #2768, .F. ) ;
#2193 = LINE ( 'NONE', #3390, #2571 ) ;
#2194 = ORIENTED_EDGE ( 'NONE', *, *, #3458, .T. ) ;
#2195 = CARTESIAN_POINT ( 'NONE',  ( 1.193856412581917326, 0.1223821989528663390, -0.05905511811023622659 ) ) ;
#2196 = CARTESIAN_POINT ( 'NONE',  ( 1.292281609432311296, 0.3310436162757008360, 0.1259842519685039353 ) ) ;
#2197 = VERTEX_POINT ( 'NONE', #1378 ) ;
#2198 = VECTOR ( 'NONE', #4785, 39.37007874015748143 ) ;
#2199 = DIRECTION ( 'NONE',  ( -1.000000000000000000, 0.000000000000000000, 0.000000000000000000 ) ) ;
#2200 = EDGE_CURVE ( 'NONE', #2273, #1419, #3015, .T. ) ;
#2201 = CARTESIAN_POINT ( 'NONE',  ( 1.526595899328326400, -0.2102457538030161610, 0.05708661417322834220 ) ) ;
#2202 = VECTOR ( 'NONE', #1747, 39.37007874015748143 ) ;
#2203 = SURFACE_STYLE_USAGE ( .BOTH. , #196 ) ;
#2204 = VERTEX_POINT ( 'NONE', #1813 ) ;
#2205 = DIRECTION ( 'NONE',  ( 0.000000000000000000, 0.000000000000000000, -1.000000000000000000 ) ) ;
#2206 = AXIS2_PLACEMENT_3D ( 'NONE', #954, #549, #4696 ) ;
#2207 = EDGE_CURVE ( 'NONE', #1277, #2292, #3441, .T. ) ;
#2208 = CARTESIAN_POINT ( 'NONE',  ( 1.699761924392952706, -0.01541307663766153767, 0.1259842519685039353 ) ) ;
#2209 = AXIS2_PLACEMENT_3D ( 'NONE', #444, #1240, #972 ) ;
#2210 = DIRECTION ( 'NONE',  ( 0.000000000000000000, 0.000000000000000000, -1.000000000000000000 ) ) ;
#2211 = ORIENTED_EDGE ( 'NONE', *, *, #4195, .T. ) ;
#2212 = CARTESIAN_POINT ( 'NONE',  ( 1.164328853526799490, 0.1066341674568033471, 0.1102362204724409434 ) ) ;
#2213 = CARTESIAN_POINT ( 'NONE',  ( 1.589525703920500188, 0.1341932225749063179, -0.06692913385826770867 ) ) ;
#2214 = CARTESIAN_POINT ( 'NONE',  ( 1.489132003133110338, -0.05478315537781906774, -0.1259842519685039353 ) ) ;
#2215 = ORIENTED_EDGE ( 'NONE', *, *, #4083, .F. ) ;
#2216 = ORIENTED_EDGE ( 'NONE', *, *, #1243, .F. ) ;
#2217 = EDGE_CURVE ( 'NONE', #126, #1677, #1919, .T. ) ;
#2218 = FACE_OUTER_BOUND ( 'NONE', #3717, .T. ) ;
#2219 = VERTEX_POINT ( 'NONE', #1162 ) ;
#2220 = VERTEX_POINT ( 'NONE', #4351 ) ;
#2221 = DIRECTION ( 'NONE',  ( -1.000000000000000000, 0.000000000000000000, 0.000000000000000000 ) ) ;
#2222 = DIRECTION ( 'NONE',  ( 1.000000000000000000, 0.000000000000000000, 0.000000000000000000 ) ) ;
#2223 = ADVANCED_FACE ( 'NONE', ( #734 ), #3606, .F. ) ;
#2224 = DIRECTION ( 'NONE',  ( 0.000000000000000000, 0.000000000000000000, -1.000000000000000000 ) ) ;
#2225 = ORIENTED_EDGE ( 'NONE', *, *, #1908, .T. ) ;
#2226 = AXIS2_PLACEMENT_3D ( 'NONE', #868, #4073, #3325 ) ;
#2227 = CARTESIAN_POINT ( 'NONE',  ( 1.646723852084220674, -0.01541307663768504144, -0.1102362204724409434 ) ) ;
#2228 = EDGE_CURVE ( 'NONE', #640, #5057, #4748, .T. ) ;
#2229 = CIRCLE ( 'NONE', #940, 0.009891732283464897690 ) ;
#2230 = ORIENTED_EDGE ( 'NONE', *, *, #881, .F. ) ;
#2231 = DIRECTION ( 'NONE',  ( -1.000000000000000000, 0.000000000000000000, 0.000000000000000000 ) ) ;
#2232 = CARTESIAN_POINT ( 'NONE',  ( 1.510897080430677164, -0.05084614750383433662, -0.1259842519685039353 ) ) ;
#2233 = EDGE_CURVE ( 'NONE', #390, #1491, #1535, .T. ) ;
#2234 = LINE ( 'NONE', #1828, #2970 ) ;
#2235 = ORIENTED_EDGE ( 'NONE', *, *, #4373, .T. ) ;
#2236 = VECTOR ( 'NONE', #1970, 39.37007874015748143 ) ;
#2237 = DIRECTION ( 'NONE',  ( 0.000000000000000000, 1.000000000000000000, 0.000000000000000000 ) ) ;
#2238 = LINE ( 'NONE', #4584, #220 ) ;
#2239 = VECTOR ( 'NONE', #3299, 39.37007874015748143 ) ;
#2240 = LINE ( 'NONE', #3063, #2495 ) ;
#2241 = ORIENTED_EDGE ( 'NONE', *, *, #4662, .T. ) ;
#2242 = CARTESIAN_POINT ( 'NONE',  ( 1.241214489478889904, -0.2092853712438586533, 0.04133858267716536417 ) ) ;
#2243 = ORIENTED_EDGE ( 'NONE', *, *, #926, .T. ) ;
#2244 = ADVANCED_FACE ( 'NONE', ( #4848 ), #1115, .F. ) ;
#2245 = ORIENTED_EDGE ( 'NONE', *, *, #1960, .T. ) ;
#2246 = CARTESIAN_POINT ( 'NONE',  ( 1.296218617306338805, -0.01541307663766153767, -0.1102362204724409434 ) ) ;
#2247 = ORIENTED_EDGE ( 'NONE', *, *, #47, .F. ) ;
#2248 = CARTESIAN_POINT ( 'NONE',  ( 1.646723852084220674, -0.01541307663768504144, -0.1259842519685039353 ) ) ;
#2249 = ORIENTED_EDGE ( 'NONE', *, *, #5098, .T. ) ;
#2250 = CARTESIAN_POINT ( 'NONE',  ( 1.428219915076354596, -0.05478315537781906774, 0.05708661417322834220 ) ) ;
#2251 = DIRECTION ( 'NONE',  ( 1.000000000000000000, 0.000000000000000000, 0.000000000000000000 ) ) ;
#2252 = EDGE_CURVE ( 'NONE', #4401, #1051, #4246, .T. ) ;
#2253 = DIRECTION ( 'NONE',  ( 4.625929269271509777E-14, 1.000000000000000000, 0.000000000000000000 ) ) ;
#2254 = CYLINDRICAL_SURFACE ( 'NONE', #5130, 0.009845000097158516927 ) ;
#2255 = EDGE_LOOP ( 'NONE', ( #4505, #3037, #817, #251 ) ) ;
#2256 = DIRECTION ( 'NONE',  ( 0.000000000000000000, -1.000000000000000000, -3.644377050371479832E-17 ) ) ;
#2257 = PLANE ( 'NONE',  #4443 ) ;
#2258 = CARTESIAN_POINT ( 'NONE',  ( 1.510897080430677164, -0.05084614750383433662, 0.1259842519685039353 ) ) ;
#2259 = ORIENTED_EDGE ( 'NONE', *, *, #5195, .F. ) ;
#2260 = CARTESIAN_POINT ( 'NONE',  ( 1.351336727542547411, 0.3113585769056220753, -0.05905511811023622659 ) ) ;
#2261 = EDGE_CURVE ( 'NONE', #4369, #1219, #683, .T. ) ;
#2262 = DIRECTION ( 'NONE',  ( 0.000000000000000000, 0.000000000000000000, 1.000000000000000000 ) ) ;
#2263 = DIRECTION ( 'NONE',  ( 1.000000000000000000, 0.000000000000000000, 0.000000000000000000 ) ) ;
#2264 = ORIENTED_EDGE ( 'NONE', *, *, #3731, .F. ) ;
#2265 = ORIENTED_EDGE ( 'NONE', *, *, #969, .F. ) ;
#2266 = DIRECTION ( 'NONE',  ( 1.000000000000000000, 0.000000000000000000, 0.000000000000000000 ) ) ;
#2267 = VERTEX_POINT ( 'NONE', #1966 ) ;
#2268 = EDGE_CURVE ( 'NONE', #2944, #1928, #4052, .T. ) ;
#2269 = ORIENTED_EDGE ( 'NONE', *, *, #3660, .T. ) ;
#2270 = DIRECTION ( 'NONE',  ( 0.000000000000000000, -1.000000000000000000, -3.644377050371479832E-17 ) ) ;
#2271 = ORIENTED_EDGE ( 'NONE', *, *, #1389, .T. ) ;
#2272 = CYLINDRICAL_SURFACE ( 'NONE', #829, 0.01574803149606299885 ) ;
#2273 = VERTEX_POINT ( 'NONE', #3120 ) ;
#2274 = AXIS2_PLACEMENT_3D ( 'NONE', #99, #1728, #3359 ) ;
#2275 = DIRECTION ( 'NONE',  ( -4.625929269271459290E-14, -1.000000000000000000, 0.000000000000000000 ) ) ;
#2276 = CARTESIAN_POINT ( 'NONE',  ( 1.164328853526799490, 0.1066341674568033471, -0.1259842519685039353 ) ) ;
#2277 = AXIS2_PLACEMENT_3D ( 'NONE', #5096, #2251, #3535 ) ;
#2278 = DIRECTION ( 'NONE',  ( -0.7071067811866059705, -0.7071067811864890640, -3.066586833366434581E-17 ) ) ;
#2279 = ORIENTED_EDGE ( 'NONE', *, *, #2947, .T. ) ;
#2280 = EDGE_CURVE ( 'NONE', #2904, #3339, #4457, .T. ) ;
#2281 = CARTESIAN_POINT ( 'NONE',  ( 1.193856412581917326, 0.1223821989528663390, -0.06692913385826770867 ) ) ;
#2282 = AXIS2_PLACEMENT_3D ( 'NONE', #691, #2732, #3587 ) ;
#2283 = CARTESIAN_POINT ( 'NONE',  ( 1.699761924392941159, 0.1184451910788427292, -0.1102362204724409434 ) ) ;
#2284 = DIRECTION ( 'NONE',  ( 3.492338154230200146E-15, -1.000000000000000000, 0.000000000000000000 ) ) ;
#2285 = VECTOR ( 'NONE', #3792, 39.37007874015748143 ) ;
#2286 = LINE ( 'NONE', #674, #567 ) ;
#2287 = ORIENTED_EDGE ( 'NONE', *, *, #4963, .T. ) ;
#2288 = CARTESIAN_POINT ( 'NONE',  ( 1.140706806282704822, 0.1066341674568033471, 0.1259842519685039353 ) ) ;
#2289 = CARTESIAN_POINT ( 'NONE',  ( -1.088107366759409445, -4.589399965618111032, 0.1259842519685039353 ) ) ;
#2290 = VECTOR ( 'NONE', #4320, 39.37007874015748143 ) ;
#2291 = DIRECTION ( 'NONE',  ( -0.7071067811865474617, 0.7071067811865474617, 0.000000000000000000 ) ) ;
#2292 = VERTEX_POINT ( 'NONE', #2773 ) ;
#2293 = EDGE_LOOP ( 'NONE', ( #2742, #3104, #3068, #3187, #4289, #46, #1241, #3837, #2381, #21, #2102, #2084, #2735, #2722, #2601, #3150, #4050, #1428, #349, #5127 ) ) ;
#2294 = EDGE_CURVE ( 'NONE', #402, #1320, #4378, .T. ) ;
#2295 = CARTESIAN_POINT ( 'NONE',  ( 1.361179247227586764, 0.1066341674567956588, -0.1259842519685039353 ) ) ;
#2296 = ORIENTED_EDGE ( 'NONE', *, *, #4111, .F. ) ;
#2297 = AXIS2_PLACEMENT_3D ( 'NONE', #521, #2157, #2881 ) ;
#2298 = CARTESIAN_POINT ( 'NONE',  ( 1.294361647359807188, -0.01541307663768504144, 0.1259842519685039353 ) ) ;
#2299 = ORIENTED_EDGE ( 'NONE', *, *, #2673, .T. ) ;
#2300 = LINE ( 'NONE', #3932, #3644 ) ;
#2301 = EDGE_CURVE ( 'NONE', #526, #504, #4400, .T. ) ;
#2302 = DIRECTION ( 'NONE',  ( -8.673617379884032317E-15, -1.000000000000000000, 0.000000000000000000 ) ) ;
#2303 = ORIENTED_EDGE ( 'NONE', *, *, #881, .T. ) ;
#2304 = DIRECTION ( 'NONE',  ( 0.000000000000000000, 0.000000000000000000, -1.000000000000000000 ) ) ;
#2305 = DIRECTION ( 'NONE',  ( -1.000000000000000000, 1.132880637372604036E-14, -1.096671114469785960E-31 ) ) ;
#2306 = CARTESIAN_POINT ( 'NONE',  ( 1.361179247227586764, 0.1066341674567956588, 0.1102362204724409434 ) ) ;
#2307 = ORIENTED_EDGE ( 'NONE', *, *, #4992, .F. ) ;
#2308 = AXIS2_PLACEMENT_3D ( 'NONE', #465, #3352, #2095 ) ;
#2309 = EDGE_CURVE ( 'NONE', #526, #2534, #2321, .T. ) ;
#2310 = LINE ( 'NONE', #277, #861 ) ;
#2311 = VECTOR ( 'NONE', #3790, 39.37007874015748143 ) ;
#2312 = DIRECTION ( 'NONE',  ( 0.000000000000000000, 0.000000000000000000, -1.000000000000000000 ) ) ;
#2313 = VERTEX_POINT ( 'NONE', #5219 ) ;
#2314 = CARTESIAN_POINT ( 'NONE',  ( 1.361179247227586764, 0.1066341674567956588, 0.1259842519685039353 ) ) ;
#2315 = CIRCLE ( 'NONE', #4108, 0.009845000097158516927 ) ;
#2316 = DIRECTION ( 'NONE',  ( -0.000000000000000000, 1.000000000000000000, 0.000000000000000000 ) ) ;
#2317 = EDGE_CURVE ( 'NONE', #1701, #5194, #2421, .T. ) ;
#2318 = DIRECTION ( 'NONE',  ( 0.000000000000000000, 0.000000000000000000, -1.000000000000000000 ) ) ;
#2319 = VECTOR ( 'NONE', #5163, 39.37007874015748143 ) ;
#2320 = EDGE_LOOP ( 'NONE', ( #2475, #4415, #1901, #1540 ) ) ;
#2321 = LINE ( 'NONE', #333, #1178 ) ;
#2322 = ORIENTED_EDGE ( 'NONE', *, *, #2644, .T. ) ;
#2323 = VECTOR ( 'NONE', #3288, 39.37007874015748143 ) ;
#2324 = DIRECTION ( 'NONE',  ( 0.000000000000000000, 0.000000000000000000, -1.000000000000000000 ) ) ;
#2325 =( NAMED_UNIT ( * ) PLANE_ANGLE_UNIT ( ) SI_UNIT ( $, .RADIAN. ) );
#2326 = VERTEX_POINT ( 'NONE', #1086 ) ;
#2327 = VECTOR ( 'NONE', #4544, 39.37007874015748143 ) ;
#2328 = LINE ( 'NONE', #3958, #2803 ) ;
#2329 = ORIENTED_EDGE ( 'NONE', *, *, #4903, .F. ) ;
#2330 = LINE ( 'NONE', #1544, #3908 ) ;
#2331 = CARTESIAN_POINT ( 'NONE',  ( 1.235306529249574847, -0.01541307663768504144, 0.1259842519685039353 ) ) ;
#2332 = ADVANCED_FACE ( 'NONE', ( #792 ), #2394, .F. ) ;
#2333 = CARTESIAN_POINT ( 'NONE',  ( 1.138849836336185195, -0.08627921836996831073, -0.1102362204724409434 ) ) ;
#2334 = VERTEX_POINT ( 'NONE', #2723 ) ;
#2335 = DIRECTION ( 'NONE',  ( 0.000000000000000000, 1.000000000000000000, -9.680376540049299926E-18 ) ) ;
#2336 = DIRECTION ( 'NONE',  ( -0.000000000000000000, 1.000000000000000000, 0.000000000000000000 ) ) ;
#2337 = VERTEX_POINT ( 'NONE', #5167 ) ;
#2338 = LINE ( 'NONE', #3970, #2632 ) ;
#2339 = DIRECTION ( 'NONE',  ( 0.000000000000000000, -3.644377050371479832E-17, 1.000000000000000000 ) ) ;
#2340 = LINE ( 'NONE', #5266, #4370 ) ;
#2341 = ORIENTED_EDGE ( 'NONE', *, *, #4350, .T. ) ;
#2342 = ORIENTED_EDGE ( 'NONE', *, *, #256, .F. ) ;
#2343 = CARTESIAN_POINT ( 'NONE',  ( 1.193856412581917326, 0.1223821989528663390, 0.05905511811023622659 ) ) ;
#2344 = ORIENTED_EDGE ( 'NONE', *, *, #4794, .T. ) ;
#2345 = EDGE_CURVE ( 'NONE', #4247, #3099, #1513, .T. ) ;
#2346 = CARTESIAN_POINT ( 'NONE',  ( 1.069840664550433251, -0.05478315537781906774, 0.04133858267716536417 ) ) ;
#2347 =( NAMED_UNIT ( * ) SI_UNIT ( $, .STERADIAN. ) SOLID_ANGLE_UNIT ( ) );
#2348 = CARTESIAN_POINT ( 'NONE',  ( 1.361179247227586764, 0.1066341674567956588, 0.1102362204724409434 ) ) ;
#2349 = ORIENTED_EDGE ( 'NONE', *, *, #1579, .F. ) ;
#2350 = CARTESIAN_POINT ( 'NONE',  ( 1.081651688172472481, -0.08627921836996831073, 0.1259842519685039353 ) ) ;
#2351 = LINE ( 'NONE', #3986, #5079 ) ;
#2352 = DIRECTION ( 'NONE',  ( -1.000000000000000000, 0.000000000000000000, 0.000000000000000000 ) ) ;
#2353 = ORIENTED_EDGE ( 'NONE', *, *, #343, .T. ) ;
#2354 = AXIS2_PLACEMENT_3D ( 'NONE', #4327, #662, #3584 ) ;
#2355 = ADVANCED_FACE ( 'NONE', ( #308 ), #1943, .F. ) ;
#2356 = VECTOR ( 'NONE', #3489, 39.37007874015748143 ) ;
#2357 = PLANE ( 'NONE',  #3124 ) ;
#2358 = DIRECTION ( 'NONE',  ( 0.000000000000000000, 1.000000000000000000, -9.680376540049299926E-18 ) ) ;
#2359 = EDGE_CURVE ( 'NONE', #119, #4086, #4533, .T. ) ;
#2360 = CARTESIAN_POINT ( 'NONE',  ( 1.715509955889016336, -0.05478315537781906774, 0.1102362204724409434 ) ) ;
#2361 = AXIS2_PLACEMENT_3D ( 'NONE', #3697, #4171, #505 ) ;
#2362 = DIRECTION ( 'NONE',  ( 1.000000000000000000, 0.000000000000000000, 0.000000000000000000 ) ) ;
#2363 = VECTOR ( 'NONE', #132, 39.37007874015748143 ) ;
#2364 = DIRECTION ( 'NONE',  ( -1.000000000000000000, 0.000000000000000000, 0.000000000000000000 ) ) ;
#2365 = ORIENTED_EDGE ( 'NONE', *, *, #3816, .T. ) ;
#2366 = VERTEX_POINT ( 'NONE', #3713 ) ;
#2367 = CARTESIAN_POINT ( 'NONE',  ( 1.526645111926748122, -0.05478315537781906774, 0.1259842519685039353 ) ) ;
#2368 = ORIENTED_EDGE ( 'NONE', *, *, #965, .F. ) ;
#2369 = PRESENTATION_LAYER_ASSIGNMENT (  '', '', ( #492 ) ) ;
#2370 = EDGE_CURVE ( 'NONE', #2996, #2334, #45, .T. ) ;
#2371 = DIRECTION ( 'NONE',  ( 0.000000000000000000, 0.000000000000000000, 1.000000000000000000 ) ) ;
#2372 = AXIS2_PLACEMENT_3D ( 'NONE', #2093, #4524, #3294 ) ;
#2373 = ORIENTED_EDGE ( 'NONE', *, *, #2754, .T. ) ;
#2374 = CARTESIAN_POINT ( 'NONE',  ( 1.231369489381731297, -0.2092853712438586533, -0.04133858267716536417 ) ) ;
#2375 = LINE ( 'NONE', #5276, #238 ) ;
#2376 = ORIENTED_EDGE ( 'NONE', *, *, #905, .T. ) ;
#2377 = LINE ( 'NONE', #2350, #2966 ) ;
#2378 = CARTESIAN_POINT ( 'NONE',  ( 1.526595899328326400, -0.2102457538030161610, 0.1259842519685039353 ) ) ;
#2379 = EDGE_CURVE ( 'NONE', #4273, #3502, #4678, .T. ) ;
#2380 = CYLINDRICAL_SURFACE ( 'NONE', #4277, 0.009891732283464897690 ) ;
#2381 = ORIENTED_EDGE ( 'NONE', *, *, #1604, .F. ) ;
#2382 = CARTESIAN_POINT ( 'NONE',  ( 1.294361647359807188, -0.05084614750382669690, 0.1259842519685039353 ) ) ;
#2383 = ORIENTED_EDGE ( 'NONE', *, *, #785, .T. ) ;
#2384 = FACE_OUTER_BOUND ( 'NONE', #3364, .T. ) ;
#2385 = EDGE_CURVE ( 'NONE', #443, #3637, #1669, .T. ) ;
#2386 = CARTESIAN_POINT ( 'NONE',  ( 1.272596570062232368, 0.3113585769056220753, -0.05905511811023622659 ) ) ;
#2387 = DIRECTION ( 'NONE',  ( 0.000000000000000000, 0.000000000000000000, -1.000000000000000000 ) ) ;
#2388 = VECTOR ( 'NONE', #2126, 39.37007874015748143 ) ;
#2389 = EDGE_CURVE ( 'NONE', #2366, #4821, #20, .T. ) ;
#2390 = LINE ( 'NONE', #1185, #1894 ) ;
#2391 = VERTEX_POINT ( 'NONE', #2527 ) ;
#2392 = ORIENTED_EDGE ( 'NONE', *, *, #596, .T. ) ;
#2393 = VECTOR ( 'NONE', #4018, 39.37007874015748143 ) ;
#2394 = PLANE ( 'NONE',  #1865 ) ;
#2395 = ORIENTED_EDGE ( 'NONE', *, *, #1736, .F. ) ;
#2396 =( GEOMETRIC_REPRESENTATION_CONTEXT ( 3 ) GLOBAL_UNCERTAINTY_ASSIGNED_CONTEXT ( ( #754 ) ) GLOBAL_UNIT_ASSIGNED_CONTEXT ( ( #4628, #964, #3836 ) ) REPRESENTATION_CONTEXT ( 'NONE', 'WORKASPACE' ) );
#2397 = CARTESIAN_POINT ( 'NONE',  ( 1.268659562188216627, 0.03970503359852826930, -0.1259842519685039353 ) ) ;
#2398 = EDGE_LOOP ( 'NONE', ( #2906, #849, #5059, #3577 ) ) ;
#2399 = LINE ( 'NONE', #2348, #985 ) ;
#2400 = PLANE ( 'NONE',  #4500 ) ;
#2401 = VERTEX_POINT ( 'NONE', #2933 ) ;
#2402 = DIRECTION ( 'NONE',  ( -1.541976423090450077E-15, -1.000000000000000000, 0.000000000000000000 ) ) ;
#2403 = AXIS2_PLACEMENT_3D ( 'NONE', #4166, #2106, #2132 ) ;
#2404 = EDGE_CURVE ( 'NONE', #4048, #3419, #2476, .T. ) ;
#2405 = LINE ( 'NONE', #4758, #1244 ) ;
#2406 = LINE ( 'NONE', #828, #864 ) ;
#2407 = AXIS2_PLACEMENT_3D ( 'NONE', #4682, #3734, #4553 ) ;
#2408 = ORIENTED_EDGE ( 'NONE', *, *, #3854, .F. ) ;
#2409 = CARTESIAN_POINT ( 'NONE',  ( 1.231369521375566878, -0.05478315537781906774, 0.1259842519685039353 ) ) ;
#2410 = EDGE_CURVE ( 'NONE', #163, #5222, #874, .T. ) ;
#2411 = EDGE_CURVE ( 'NONE', #1955, #589, #3303, .T. ) ;
#2412 = VECTOR ( 'NONE', #2972, 39.37007874015748143 ) ;
#2413 = CARTESIAN_POINT ( 'NONE',  ( 1.164328853526799490, 0.1066341674568033471, 0.1259842519685039353 ) ) ;
#2414 = DIRECTION ( 'NONE',  ( 0.000000000000000000, 0.000000000000000000, -1.000000000000000000 ) ) ;
#2415 = LINE ( 'NONE', #3678, #59 ) ;
#2416 = FACE_OUTER_BOUND ( 'NONE', #1883, .T. ) ;
#2417 = DIRECTION ( 'NONE',  ( 1.000000000000000000, 0.000000000000000000, 0.000000000000000000 ) ) ;
#2418 = VERTEX_POINT ( 'NONE', #471 ) ;
#2419 = DIRECTION ( 'NONE',  ( 0.000000000000000000, 0.000000000000000000, 1.000000000000000000 ) ) ;
#2420 = VERTEX_POINT ( 'NONE', #4556 ) ;
#2421 = LINE ( 'NONE', #2801, #750 ) ;
#2422 = VERTEX_POINT ( 'NONE', #922 ) ;
#2423 = ADVANCED_FACE ( 'NONE', ( #3252 ), #2128, .F. ) ;
#2424 = LINE ( 'NONE', #4850, #183 ) ;
#2425 = ORIENTED_EDGE ( 'NONE', *, *, #479, .T. ) ;
#2426 = VERTEX_POINT ( 'NONE', #2101 ) ;
#2427 = CARTESIAN_POINT ( 'NONE',  ( 1.634915276880464452, -0.2092853712438586533, -0.05708661417322834220 ) ) ;
#2428 = ORIENTED_EDGE ( 'NONE', *, *, #3371, .T. ) ;
#2429 = ADVANCED_FACE ( 'NONE', ( #3739 ), #72, .F. ) ;
#2430 = CARTESIAN_POINT ( 'NONE',  ( 1.438064883179677178, -0.2092853712438586533, -0.05708661417322834220 ) ) ;
#2431 = CARTESIAN_POINT ( 'NONE',  ( 1.069840664550433251, -0.05478315537781906774, 0.04133858267716536417 ) ) ;
#2432 = LINE ( 'NONE', #2409, #2323 ) ;
#2433 = CARTESIAN_POINT ( 'NONE',  ( 1.634915276880464452, -0.2092853712438586533, 0.04133858267716536417 ) ) ;
#2434 = ORIENTED_EDGE ( 'NONE', *, *, #2935, .T. ) ;
#2435 = DIRECTION ( 'NONE',  ( 1.000000000000000000, 0.000000000000000000, 0.000000000000000000 ) ) ;
#2436 = VECTOR ( 'NONE', #2765, 39.37007874015748143 ) ;
#2437 = ORIENTED_EDGE ( 'NONE', *, *, #3883, .T. ) ;
#2438 = ADVANCED_FACE ( 'NONE', ( #895 ), #1644, .T. ) ;
#2439 = DIRECTION ( 'NONE',  ( 0.000000000000000000, 0.000000000000000000, -1.000000000000000000 ) ) ;
#2440 = VECTOR ( 'NONE', #2305, 39.37007874015748143 ) ;
#2441 = CARTESIAN_POINT ( 'NONE',  ( 1.235194995259094597, -0.01541307663766153767, -0.1259842519685039353 ) ) ;
#2442 = LINE ( 'NONE', #3707, #4267 ) ;
#2443 = CARTESIAN_POINT ( 'NONE',  ( 1.251059457582212708, -0.2093104702001736261, 0.04133858267716536417 ) ) ;
#2444 = EDGE_CURVE ( 'NONE', #1677, #358, #3766, .T. ) ;
#2445 = VECTOR ( 'NONE', #2916, 39.37007874015748143 ) ;
#2446 = ORIENTED_EDGE ( 'NONE', *, *, #2596, .F. ) ;
#2447 = DIRECTION ( 'NONE',  ( 0.000000000000000000, 0.000000000000000000, -1.000000000000000000 ) ) ;
#2448 = ORIENTED_EDGE ( 'NONE', *, *, #4764, .T. ) ;
#2449 = CARTESIAN_POINT ( 'NONE',  ( 1.140706806282704822, 0.03970503359853590208, 0.1259842519685039353 ) ) ;
#2450 = ORIENTED_EDGE ( 'NONE', *, *, #2317, .T. ) ;
#2451 = VECTOR ( 'NONE', #3961, 39.37007874015748143 ) ;
#2452 = CARTESIAN_POINT ( 'NONE',  ( 1.699761924392952706, -0.01541307663766153767, 0.1259842519685039353 ) ) ;
#2453 = EDGE_CURVE ( 'NONE', #3980, #2045, #3356, .T. ) ;
#2454 = ORIENTED_EDGE ( 'NONE', *, *, #2200, .T. ) ;
#2455 = ORIENTED_EDGE ( 'NONE', *, *, #3483, .F. ) ;
#2456 = ORIENTED_EDGE ( 'NONE', *, *, #135, .T. ) ;
#2457 = VECTOR ( 'NONE', #4357, 39.37007874015748143 ) ;
#2458 = PLANE ( 'NONE',  #2623 ) ;
#2459 = VECTOR ( 'NONE', #181, 39.37007874015748143 ) ;
#2460 = DIRECTION ( 'NONE',  ( 0.000000000000000000, 0.000000000000000000, 1.000000000000000000 ) ) ;
#2461 = EDGE_CURVE ( 'NONE', #2729, #2219, #816, .T. ) ;
#2462 = DIRECTION ( 'NONE',  ( 0.000000000000000000, 1.000000000000000000, 0.000000000000000000 ) ) ;
#2463 = LINE ( 'NONE', #5185, #3141 ) ;
#2464 = ORIENTED_EDGE ( 'NONE', *, *, #1848, .T. ) ;
#2465 = VECTOR ( 'NONE', #1577, 39.37007874015748143 ) ;
#2466 = CARTESIAN_POINT ( 'NONE',  ( 1.361179247227586764, 0.1066341674567956588, 0.1259842519685039353 ) ) ;
#2467 = ORIENTED_EDGE ( 'NONE', *, *, #2583, .F. ) ;
#2468 = DIRECTION ( 'NONE',  ( 0.000000000000000000, 1.486905836551550065E-14, 1.000000000000000000 ) ) ;
#2469 = EDGE_CURVE ( 'NONE', #1275, #4226, #416, .T. ) ;
#2470 = LINE ( 'NONE', #4471, #1582 ) ;
#2471 = CARTESIAN_POINT ( 'NONE',  ( 1.252911530692153663, 0.3310436162757008360, 0.1259842519685039353 ) ) ;
#2472 = CARTESIAN_POINT ( 'NONE',  ( 1.251059457582212708, -0.2093104702001736261, -0.05708661417322834220 ) ) ;
#2473 = ORIENTED_EDGE ( 'NONE', *, *, #4257, .T. ) ;
#2474 = LINE ( 'NONE', #2905, #1190 ) ;
#2475 = ORIENTED_EDGE ( 'NONE', *, *, #1982, .T. ) ;
#2476 = LINE ( 'NONE', #4582, #4844 ) ;
#2477 = ORIENTED_EDGE ( 'NONE', *, *, #1177, .F. ) ;
#2478 = VECTOR ( 'NONE', #2044, 39.37007874015748143 ) ;
#2479 = ADVANCED_FACE ( 'NONE', ( #3278 ), #4901, .T. ) ;
#2480 = DIRECTION ( 'NONE',  ( 1.000000000000000000, 0.000000000000000000, 0.000000000000000000 ) ) ;
#2481 = AXIS2_PLACEMENT_3D ( 'NONE', #4445, #1634, #3213 ) ;
#2482 = EDGE_LOOP ( 'NONE', ( #3279, #2587, #1821, #3612 ) ) ;
#2483 = ORIENTED_EDGE ( 'NONE', *, *, #1067, .T. ) ;
#2484 = LINE ( 'NONE', #1351, #3481 ) ;
#2485 = ORIENTED_EDGE ( 'NONE', *, *, #1736, .T. ) ;
#2486 = VECTOR ( 'NONE', #1174, 39.37007874015748143 ) ;
#2487 = FACE_OUTER_BOUND ( 'NONE', #3532, .T. ) ;
#2488 = DIRECTION ( 'NONE',  ( -1.000000000000000000, 0.000000000000000000, 0.000000000000000000 ) ) ;
#2489 = VERTEX_POINT ( 'NONE', #4718 ) ;
#2490 = CARTESIAN_POINT ( 'NONE',  ( 1.634915276880464452, -0.2092853712438586533, 0.1259842519685039353 ) ) ;
#2491 = VECTOR ( 'NONE', #3225, 39.37007874015748143 ) ;
#2492 = CARTESIAN_POINT ( 'NONE',  ( 1.550267159170830578, -0.01541307663768504144, -0.1102362204724409434 ) ) ;
#2493 = VERTEX_POINT ( 'NONE', #2260 ) ;
#2494 = ADVANCED_FACE ( 'NONE', ( #5078 ), #4231, .F. ) ;
#2495 = VECTOR ( 'NONE', #177, 39.37007874015748143 ) ;
#2496 = CARTESIAN_POINT ( 'NONE',  ( 1.625070276783306067, -0.2092853712438586533, 0.05708661417322834220 ) ) ;
#2497 = CARTESIAN_POINT ( 'NONE',  ( 1.371021766912626116, 0.3310436162757008360, -0.05905511811023622659 ) ) ;
#2498 = EDGE_CURVE ( 'NONE', #1387, #911, #1420, .T. ) ;
#2499 = CARTESIAN_POINT ( 'NONE',  ( 1.625070308777141870, -0.05478315537781142802, 0.1259842519685039353 ) ) ;
#2500 = LINE ( 'NONE', #2124, #938 ) ;
#2501 = LINE ( 'NONE', #4922, #1723 ) ;
#2502 = EDGE_LOOP ( 'NONE', ( #49, #5063, #52, #1965 ) ) ;
#2503 = LINE ( 'NONE', #2852, #4523 ) ;
#2504 = ORIENTED_EDGE ( 'NONE', *, *, #785, .F. ) ;
#2505 = CARTESIAN_POINT ( 'NONE',  ( 1.252911530692153663, 0.3310436162757008360, -0.05905511811023622659 ) ) ;
#2506 = ORIENTED_EDGE ( 'NONE', *, *, #1480, .F. ) ;
#2507 = PLANE ( 'NONE',  #3088 ) ;
#2508 = ORIENTED_EDGE ( 'NONE', *, *, #4777, .F. ) ;
#2509 = ORIENTED_EDGE ( 'NONE', *, *, #5195, .T. ) ;
#2510 = EDGE_CURVE ( 'NONE', #1051, #2197, #4290, .T. ) ;
#2511 = DIRECTION ( 'NONE',  ( 0.000000000000000000, 0.000000000000000000, 1.000000000000000000 ) ) ;
#2512 = ORIENTED_EDGE ( 'NONE', *, *, #2808, .F. ) ;
#2513 = CARTESIAN_POINT ( 'NONE',  ( 1.646723852084220674, -0.08627921836996831073, 0.1259842519685039353 ) ) ;
#2514 = DIRECTION ( 'NONE',  ( 1.000000000000000000, 0.000000000000000000, 0.000000000000000000 ) ) ;
#2515 = DIRECTION ( 'NONE',  ( 0.000000000000000000, -1.000000000000000000, -3.644377050371479832E-17 ) ) ;
#2516 = CARTESIAN_POINT ( 'NONE',  ( 1.337557199983492318, 0.1066341674568033471, 0.1102362204724409434 ) ) ;
#2517 = ORIENTED_EDGE ( 'NONE', *, *, #94, .T. ) ;
#2518 = FACE_OUTER_BOUND ( 'NONE', #3934, .T. ) ;
#2519 = ORIENTED_EDGE ( 'NONE', *, *, #1423, .F. ) ;
#2520 = EDGE_CURVE ( 'NONE', #1990, #5174, #2688, .T. ) ;
#2521 = FACE_OUTER_BOUND ( 'NONE', #1189, .T. ) ;
#2522 = FACE_BOUND ( 'NONE', #4194, .T. ) ;
#2523 = DIRECTION ( 'NONE',  ( -1.000000000000000000, 0.000000000000000000, 0.000000000000000000 ) ) ;
#2524 = EDGE_CURVE ( 'NONE', #640, #4855, #570, .T. ) ;
#2525 = CARTESIAN_POINT ( 'NONE',  ( 1.361179247227586764, 0.03970503359852826930, 0.1259842519685039353 ) ) ;
#2526 = EDGE_LOOP ( 'NONE', ( #976, #3040, #1536, #4873 ) ) ;
#2527 = CARTESIAN_POINT ( 'NONE',  ( 1.231369521375566878, -0.05478315537781906774, 0.04133858267716536417 ) ) ;
#2528 = VERTEX_POINT ( 'NONE', #2212 ) ;
#2529 = VECTOR ( 'NONE', #599, 39.37007874015748143 ) ;
#2530 = AXIS2_PLACEMENT_3D ( 'NONE', #2040, #3732, #437 ) ;
#2531 = CARTESIAN_POINT ( 'NONE',  ( 1.646723852084220674, -0.08627921836996831073, 0.1259842519685039353 ) ) ;
#2532 = ORIENTED_EDGE ( 'NONE', *, *, #3210, .T. ) ;
#2533 = VERTEX_POINT ( 'NONE', #2635 ) ;
#2534 = VERTEX_POINT ( 'NONE', #225 ) ;
#2535 = VECTOR ( 'NONE', #882, 39.37007874015748143 ) ;
#2536 = DIRECTION ( 'NONE',  ( 1.000000000000000000, -5.551115123125780178E-14, 0.000000000000000000 ) ) ;
#2537 = DIRECTION ( 'NONE',  ( 1.000000000000000000, 0.000000000000000000, 0.000000000000000000 ) ) ;
#2538 = EDGE_CURVE ( 'NONE', #4800, #2643, #174, .T. ) ;
#2539 = DIRECTION ( 'NONE',  ( 0.000000000000000000, 0.000000000000000000, -1.000000000000000000 ) ) ;
#2540 = AXIS2_PLACEMENT_3D ( 'NONE', #944, #2581, #1631 ) ;
#2541 = ORIENTED_EDGE ( 'NONE', *, *, #1750, .F. ) ;
#2542 = CARTESIAN_POINT ( 'NONE',  ( 1.491212041060598459, -0.01541307663768504144, 0.1259842519685039353 ) ) ;
#2543 = CARTESIAN_POINT ( 'NONE',  ( 1.213541451951996031, 0.3310436162757008360, 0.05905511811023622659 ) ) ;
#2544 = ORIENTED_EDGE ( 'NONE', *, *, #2233, .F. ) ;
#2545 = AXIS2_PLACEMENT_3D ( 'NONE', #1248, #2887, #452 ) ;
#2546 = ADVANCED_FACE ( 'NONE', ( #646 ), #4636, .T. ) ;
#2547 = LINE ( 'NONE', #4651, #3509 ) ;
#2548 = AXIS2_PLACEMENT_3D ( 'NONE', #5135, #4019, #1986 ) ;
#2549 = DIRECTION ( 'NONE',  ( 0.000000000000000000, 0.000000000000000000, -1.000000000000000000 ) ) ;
#2550 = ADVANCED_FACE ( 'NONE', ( #3844 ), #545, .F. ) ;
#2551 = DIRECTION ( 'NONE',  ( 0.000000000000000000, 0.000000000000000000, -1.000000000000000000 ) ) ;
#2552 = DIRECTION ( 'NONE',  ( 0.000000000000000000, -1.000000000000000000, 0.000000000000000000 ) ) ;
#2553 = CARTESIAN_POINT ( 'NONE',  ( 1.164328853526799490, 0.1066341674568033471, 0.1102362204724409434 ) ) ;
#2554 = ORIENTED_EDGE ( 'NONE', *, *, #3608, .F. ) ;
#2555 = DIRECTION ( 'NONE',  ( 0.000000000000000000, -1.000000000000000000, 0.000000000000000000 ) ) ;
#2556 = ORIENTED_EDGE ( 'NONE', *, *, #4990, .F. ) ;
#2557 = EDGE_CURVE ( 'NONE', #2681, #3268, #1857, .T. ) ;
#2558 = CARTESIAN_POINT ( 'NONE',  ( 1.069840664550433251, -0.05478315537781906774, 0.05708661417322834220 ) ) ;
#2559 = FACE_OUTER_BOUND ( 'NONE', #4530, .T. ) ;
#2560 = ORIENTED_EDGE ( 'NONE', *, *, #4356, .T. ) ;
#2561 = ORIENTED_EDGE ( 'NONE', *, *, #4726, .F. ) ;
#2562 = AXIS2_PLACEMENT_3D ( 'NONE', #4450, #841, #438 ) ;
#2563 = LINE ( 'NONE', #4982, #68 ) ;
#2564 = EDGE_LOOP ( 'NONE', ( #966, #3406, #197, #4824 ) ) ;
#2565 = CARTESIAN_POINT ( 'NONE',  ( 1.447909851282999982, -0.2093104702001736261, -0.04133858267716536417 ) ) ;
#2566 = AXIS2_PLACEMENT_3D ( 'NONE', #4208, #4632, #2579 ) ;
#2567 = PLANE ( 'NONE',  #3340 ) ;
#2568 = FACE_OUTER_BOUND ( 'NONE', #595, .T. ) ;
#2569 = CARTESIAN_POINT ( 'NONE',  ( 1.233226491322074958, 0.03970503359852826930, 0.1259842519685039353 ) ) ;
#2570 = ORIENTED_EDGE ( 'NONE', *, *, #74, .F. ) ;
#2571 = VECTOR ( 'NONE', #5011, 39.37007874015748143 ) ;
#2572 = DIRECTION ( 'NONE',  ( -1.000000000000000000, 0.000000000000000000, 0.000000000000000000 ) ) ;
#2573 = FACE_OUTER_BOUND ( 'NONE', #2564, .T. ) ;
#2574 = CIRCLE ( 'NONE', #3255, 0.009891732283464897690 ) ;
#2575 = ADVANCED_FACE ( 'NONE', ( #3870 ), #3488, .F. ) ;
#2576 = ADVANCED_FACE ( 'NONE', ( #4212 ), #3033, .F. ) ;
#2577 = CARTESIAN_POINT ( 'NONE',  ( 1.069840664550433251, -0.2890351238817558954, 0.04133858267716536417 ) ) ;
#2578 = VECTOR ( 'NONE', #31, 39.37007874015748143 ) ;
#2579 = DIRECTION ( 'NONE',  ( 1.000000000000000000, 0.000000000000000000, 0.000000000000000000 ) ) ;
#2580 = AXIS2_PLACEMENT_3D ( 'NONE', #2116, #3021, #2994 ) ;
#2581 = DIRECTION ( 'NONE',  ( 1.000000000000000000, 0.000000000000000000, 0.000000000000000000 ) ) ;
#2582 = VERTEX_POINT ( 'NONE', #1830 ) ;
#2583 = EDGE_CURVE ( 'NONE', #2326, #4830, #3060, .T. ) ;
#2584 = CARTESIAN_POINT ( 'NONE',  ( 1.526645111926748122, -0.05478315537781906774, -0.04133858267716536417 ) ) ;
#2585 = CARTESIAN_POINT ( 'NONE',  ( 1.491212041060598459, -0.05084614750382669690, -0.1259842519685039353 ) ) ;
#2586 = DIRECTION ( 'NONE',  ( -4.625929269271459290E-14, -1.000000000000000000, 0.000000000000000000 ) ) ;
#2587 = ORIENTED_EDGE ( 'NONE', *, *, #3552, .T. ) ;
#2588 = EDGE_LOOP ( 'NONE', ( #982, #1670, #4000, #2763, #3442, #2307, #791, #4730, #2758, #2556, #952, #875, #3392, #3924, #1333, #3702, #3261, #3177, #1520, #5143, #4822, #2296, #387, #3913, #3457, #908, #3747, #151 ) ) ;
#2589 = EDGE_CURVE ( 'NONE', #1990, #2045, #4689, .T. ) ;
#2590 = DIRECTION ( 'NONE',  ( 1.000000000000000000, 0.000000000000000000, 0.000000000000000000 ) ) ;
#2591 = VERTEX_POINT ( 'NONE', #2983 ) ;
#2592 = ORIENTED_EDGE ( 'NONE', *, *, #1341, .F. ) ;
#2593 = PLANE ( 'NONE',  #4614 ) ;
#2594 = ORIENTED_EDGE ( 'NONE', *, *, #4315, .T. ) ;
#2595 = CARTESIAN_POINT ( 'NONE',  ( 1.069840664550433251, -0.2890351238817558954, -0.05708661417322834220 ) ) ;
#2596 = EDGE_CURVE ( 'NONE', #1051, #4369, #4608, .T. ) ;
#2597 = DIRECTION ( 'NONE',  ( 1.000000000000000000, 0.000000000000000000, 0.000000000000000000 ) ) ;
#2598 = ORIENTED_EDGE ( 'NONE', *, *, #5208, .T. ) ;
#2599 = CARTESIAN_POINT ( 'NONE',  ( 1.644760244983787700, -0.2093104702001736261, 0.1259842519685039353 ) ) ;
#2600 = CARTESIAN_POINT ( 'NONE',  ( 1.447909851282999982, -0.05478315537781906774, 0.04133858267716536417 ) ) ;
#2601 = ORIENTED_EDGE ( 'NONE', *, *, #4350, .F. ) ;
#2602 = LINE ( 'NONE', #3028, #4438 ) ;
#2603 = ADVANCED_FACE ( 'NONE', ( #3814 ), #146, .F. ) ;
#2604 = DIRECTION ( 'NONE',  ( -1.000000000000000000, 0.000000000000000000, 0.000000000000000000 ) ) ;
#2605 = FACE_OUTER_BOUND ( 'NONE', #2588, .T. ) ;
#2606 = ORIENTED_EDGE ( 'NONE', *, *, #5041, .T. ) ;
#2607 = CARTESIAN_POINT ( 'NONE',  ( 1.069840664550433251, -0.2890351238817558954, 0.04133858267716536417 ) ) ;
#2608 = FACE_OUTER_BOUND ( 'NONE', #3877, .T. ) ;
#2609 = ADVANCED_FACE ( 'NONE', ( #755 ), #1155, .F. ) ;
#2610 = CARTESIAN_POINT ( 'NONE',  ( 1.138849836336185195, -0.08627921836996831073, -0.1259842519685039353 ) ) ;
#2611 = VERTEX_POINT ( 'NONE', #703 ) ;
#2612 = ORIENTED_EDGE ( 'NONE', *, *, #4573, .T. ) ;
#2613 = CARTESIAN_POINT ( 'NONE',  ( 1.371021766912626116, 0.3310436162757008360, -0.05905511811023622659 ) ) ;
#2614 = VERTEX_POINT ( 'NONE', #3572 ) ;
#2615 = CIRCLE ( 'NONE', #3902, 0.009891732283464897690 ) ;
#2616 = EDGE_CURVE ( 'NONE', #3666, #2611, #5160, .T. ) ;
#2617 = ORIENTED_EDGE ( 'NONE', *, *, #7, .T. ) ;
#2618 = DIRECTION ( 'NONE',  ( -1.000000000000000000, 0.000000000000000000, 0.000000000000000000 ) ) ;
#2619 = ORIENTED_EDGE ( 'NONE', *, *, #2538, .F. ) ;
#2620 = CARTESIAN_POINT ( 'NONE',  ( 1.193856412581917326, 0.3113585769056299024, -0.05905511811023622659 ) ) ;
#2621 = CARTESIAN_POINT ( 'NONE',  ( 1.140706806282704822, 0.1066341674568033471, -0.1259842519685039353 ) ) ;
#2622 = ORIENTED_EDGE ( 'NONE', *, *, #218, .F. ) ;
#2623 = AXIS2_PLACEMENT_3D ( 'NONE', #2059, #2537, #3285 ) ;
#2624 = LINE ( 'NONE', #3909, #1159 ) ;
#2625 = ADVANCED_FACE ( 'NONE', ( #3599 ), #726, .F. ) ;
#2626 = VECTOR ( 'NONE', #1257, 39.37007874015748143 ) ;
#2627 = FACE_OUTER_BOUND ( 'NONE', #578, .T. ) ;
#2628 = ORIENTED_EDGE ( 'NONE', *, *, #3649, .T. ) ;
#2629 = CARTESIAN_POINT ( 'NONE',  ( 1.550267159170830578, -0.07446819474792892857, -0.1102362204724409434 ) ) ;
#2630 = VECTOR ( 'NONE', #4642, 39.37007874015748143 ) ;
#2631 = CYLINDRICAL_SURFACE ( 'NONE', #3504, 0.009845000097158516927 ) ;
#2632 = VECTOR ( 'NONE', #2716, 39.37007874015748143 ) ;
#2633 = FACE_OUTER_BOUND ( 'NONE', #4270, .T. ) ;
#2634 = ORIENTED_EDGE ( 'NONE', *, *, #4119, .T. ) ;
#2635 = CARTESIAN_POINT ( 'NONE',  ( 1.081651688172472481, -0.08627921836996831073, -0.1102362204724409434 ) ) ;
#2636 = ADVANCED_FACE ( 'NONE', ( #2793 ), #3995, .T. ) ;
#2637 = LINE ( 'NONE', #5022, #565 ) ;
#2638 = CARTESIAN_POINT ( 'NONE',  ( 1.550267159170830578, -0.01541307663768504144, 0.1259842519685039353 ) ) ;
#2639 = LINE ( 'NONE', #3247, #354 ) ;
#2640 = VERTEX_POINT ( 'NONE', #2386 ) ;
#2641 = ORIENTED_EDGE ( 'NONE', *, *, #4056, .F. ) ;
#2642 = DIRECTION ( 'NONE',  ( 0.000000000000000000, 1.000000000000000000, 0.000000000000000000 ) ) ;
#2643 = VERTEX_POINT ( 'NONE', #5213 ) ;
#2644 = EDGE_CURVE ( 'NONE', #103, #1794, #3921, .T. ) ;
#2645 = EDGE_CURVE ( 'NONE', #4329, #1647, #2338, .T. ) ;
#2646 = CARTESIAN_POINT ( 'NONE',  ( 1.526645111926748122, -0.2092602722875436805, -0.04133858267716536417 ) ) ;
#2647 = DIRECTION ( 'NONE',  ( -0.000000000000000000, 1.000000000000000000, 0.000000000000000000 ) ) ;
#2648 = EDGE_LOOP ( 'NONE', ( #259, #4649, #4293, #5277, #4238, #507, #3682, #3043 ) ) ;
#2649 = DIRECTION ( 'NONE',  ( 0.000000000000000000, 1.000000000000000000, 0.000000000000000000 ) ) ;
#2650 = ORIENTED_EDGE ( 'NONE', *, *, #4647, .T. ) ;
#2651 = VECTOR ( 'NONE', #2414, 39.37007874015748143 ) ;
#2652 = DIRECTION ( 'NONE',  ( 0.000000000000000000, 0.000000000000000000, -1.000000000000000000 ) ) ;
#2653 = DIRECTION ( 'NONE',  ( 0.000000000000000000, 0.000000000000000000, -1.000000000000000000 ) ) ;
#2654 = AXIS2_PLACEMENT_3D ( 'NONE', #3450, #4991, #1408 ) ;
#2655 = ORIENTED_EDGE ( 'NONE', *, *, #4446, .T. ) ;
#2656 = EDGE_CURVE ( 'NONE', #680, #3054, #1884, .T. ) ;
#2657 = CARTESIAN_POINT ( 'NONE',  ( 1.526645111926748122, -0.05478315537781906774, -0.05708661417322834220 ) ) ;
#2658 = VECTOR ( 'NONE', #480, 39.37007874015748143 ) ;
#2659 = CARTESIAN_POINT ( 'NONE',  ( 1.231369521375566878, -0.05478315537781906774, -0.04133858267716536417 ) ) ;
#2660 = CARTESIAN_POINT ( 'NONE',  ( 1.546330151296830602, -0.05478315537781906774, -0.04133858267716536417 ) ) ;
#2661 = EDGE_LOOP ( 'NONE', ( #3311, #286, #4802, #2446, #1995 ) ) ;
#2662 = EDGE_CURVE ( 'NONE', #3099, #2178, #1959, .T. ) ;
#2663 = VECTOR ( 'NONE', #3383, 39.37007874015748143 ) ;
#2664 = DIRECTION ( 'NONE',  ( 1.000000000000000000, 0.000000000000000000, 0.000000000000000000 ) ) ;
#2665 = CARTESIAN_POINT ( 'NONE',  ( 1.138849836336185195, -0.01541307663768504144, 0.1259842519685039353 ) ) ;
#2666 = AXIS2_PLACEMENT_3D ( 'NONE', #1396, #3035, #4664 ) ;
#2667 = DIRECTION ( 'NONE',  ( 1.000000000000000000, 0.000000000000000000, 0.000000000000000000 ) ) ;
#2668 = VERTEX_POINT ( 'NONE', #1913 ) ;
#2669 = ORIENTED_EDGE ( 'NONE', *, *, #397, .T. ) ;
#2670 = CARTESIAN_POINT ( 'NONE',  ( 1.491212041060598459, -0.01541307663768504144, -0.1259842519685039353 ) ) ;
#2671 = VERTEX_POINT ( 'NONE', #280 ) ;
#2672 = ORIENTED_EDGE ( 'NONE', *, *, #2645, .F. ) ;
#2673 = EDGE_CURVE ( 'NONE', #338, #984, #3214, .T. ) ;
#2674 = DIRECTION ( 'NONE',  ( 0.000000000000000000, 0.000000000000000000, 1.000000000000000000 ) ) ;
#2675 = DIRECTION ( 'NONE',  ( 0.000000000000000000, -1.000000000000000000, -3.644377050371479832E-17 ) ) ;
#2676 = ORIENTED_EDGE ( 'NONE', *, *, #2081, .T. ) ;
#2677 = CARTESIAN_POINT ( 'NONE',  ( 1.428219915076354596, -0.05478315537781906774, 0.1259842519685039353 ) ) ;
#2678 = ADVANCED_FACE ( 'NONE', ( #3517 ), #1554, .T. ) ;
#2679 = DIRECTION ( 'NONE',  ( 0.000000000000000000, 0.000000000000000000, -1.000000000000000000 ) ) ;
#2680 = LINE ( 'NONE', #639, #5212 ) ;
#2681 = VERTEX_POINT ( 'NONE', #2819 ) ;
#2682 = DIRECTION ( 'NONE',  ( -5.523497634951010508E-15, -1.000000000000000000, -3.832696406740750323E-28 ) ) ;
#2683 = CARTESIAN_POINT ( 'NONE',  ( 1.644643814156732331, -0.05478315537781906774, 0.1102362204724409434 ) ) ;
#2684 = LINE ( 'NONE', #3916, #2821 ) ;
#2685 = EDGE_CURVE ( 'NONE', #2418, #4666, #4448, .T. ) ;
#2686 = CARTESIAN_POINT ( 'NONE',  ( 1.140706806282716590, -0.01541307663766153767, 0.1417322834645669549 ) ) ;
#2687 = ORIENTED_EDGE ( 'NONE', *, *, #1164, .F. ) ;
#2688 = LINE ( 'NONE', #3435, #2725 ) ;
#2689 = DIRECTION ( 'NONE',  ( -1.000000000000000000, 0.000000000000000000, 0.000000000000000000 ) ) ;
#2690 = EDGE_CURVE ( 'NONE', #3907, #2273, #1133, .T. ) ;
#2691 = CARTESIAN_POINT ( 'NONE',  ( 1.646723852084220674, -0.01541307663768504144, 0.1259842519685039353 ) ) ;
#2692 = ORIENTED_EDGE ( 'NONE', *, *, #672, .T. ) ;
#2693 = ORIENTED_EDGE ( 'NONE', *, *, #2461, .F. ) ;
#2694 = CARTESIAN_POINT ( 'NONE',  ( 1.069840664550433251, -0.05478315537781906774, -0.05708661417322834220 ) ) ;
#2695 = ORIENTED_EDGE ( 'NONE', *, *, #2169, .T. ) ;
#2696 = ORIENTED_EDGE ( 'NONE', *, *, #3223, .T. ) ;
#2697 = CARTESIAN_POINT ( 'NONE',  ( 1.235194995259094597, -0.01541307663766153767, 0.1102362204724409434 ) ) ;
#2698 = PLANE ( 'NONE',  #2354 ) ;
#2699 = CARTESIAN_POINT ( 'NONE',  ( 1.294361647359807188, -0.05084614750382669690, 0.1102362204724409434 ) ) ;
#2700 = EDGE_LOOP ( 'NONE', ( #3875, #44, #1703, #4560 ) ) ;
#2701 = CARTESIAN_POINT ( 'NONE',  ( 1.069840664550433251, -0.2890351238817558954, 0.05708661417322834220 ) ) ;
#2702 = VECTOR ( 'NONE', #5172, 39.37007874015748143 ) ;
#2703 = EDGE_CURVE ( 'NONE', #1349, #680, #4770, .T. ) ;
#2704 = CARTESIAN_POINT ( 'NONE',  ( 1.428219915076354596, -0.2092602722875436805, 0.1259842519685039353 ) ) ;
#2705 = CARTESIAN_POINT ( 'NONE',  ( 1.550267159170830578, -0.01541307663768504144, -0.1102362204724409434 ) ) ;
#2706 = VECTOR ( 'NONE', #2362, 39.37007874015748143 ) ;
#2707 = ORIENTED_EDGE ( 'NONE', *, *, #4128, .T. ) ;
#2708 = ORIENTED_EDGE ( 'NONE', *, *, #1250, .T. ) ;
#2709 = EDGE_CURVE ( 'NONE', #1275, #5249, #1107, .T. ) ;
#2710 = AXIS2_PLACEMENT_3D ( 'NONE', #3130, #5202, #2402 ) ;
#2711 = LINE ( 'NONE', #4418, #4486 ) ;
#2712 = DIRECTION ( 'NONE',  ( 1.000000000000000000, 3.973475752755394907E-14, 0.000000000000000000 ) ) ;
#2713 = VECTOR ( 'NONE', #3542, 39.37007874015748143 ) ;
#2714 = DIRECTION ( 'NONE',  ( -1.000000000000000000, 4.625929269271250399E-14, 0.000000000000000000 ) ) ;
#2715 = ORIENTED_EDGE ( 'NONE', *, *, #5075, .T. ) ;
#2716 = DIRECTION ( 'NONE',  ( 1.000000000000000000, 3.973475752755394907E-14, 0.000000000000000000 ) ) ;
#2717 = ADVANCED_FACE ( 'NONE', ( #1078 ), #676, .F. ) ;
#2718 = FACE_OUTER_BOUND ( 'NONE', #3973, .T. ) ;
#2719 = AXIS2_PLACEMENT_3D ( 'NONE', #360, #4027, #1139 ) ;
#2720 = FACE_OUTER_BOUND ( 'NONE', #2320, .T. ) ;
#2721 = ORIENTED_EDGE ( 'NONE', *, *, #4726, .T. ) ;
#2722 = ORIENTED_EDGE ( 'NONE', *, *, #2130, .F. ) ;
#2723 = CARTESIAN_POINT ( 'NONE',  ( 1.489132003133110338, -0.01541307663766153767, -0.1102362204724409434 ) ) ;
#2724 = EDGE_LOOP ( 'NONE', ( #3736, #3355, #658, #1224, #2163 ) ) ;
#2725 = VECTOR ( 'NONE', #3407, 39.37007874015748143 ) ;
#2726 = EDGE_CURVE ( 'NONE', #681, #3907, #3191, .T. ) ;
#2727 = DIRECTION ( 'NONE',  ( 4.625929269271459290E-14, 1.000000000000000000, -9.680376540049299926E-18 ) ) ;
#2728 = EDGE_LOOP ( 'NONE', ( #2353, #2043, #368, #860 ) ) ;
#2729 = VERTEX_POINT ( 'NONE', #37 ) ;
#2730 = CARTESIAN_POINT ( 'NONE',  ( 1.526595899328326400, -0.2102457538030161610, 0.1259842519685039353 ) ) ;
#2731 = EDGE_LOOP ( 'NONE', ( #1738, #3032, #80, #1087 ) ) ;
#2732 = DIRECTION ( 'NONE',  ( 1.000000000000000000, 0.000000000000000000, 0.000000000000000000 ) ) ;
#2733 = CARTESIAN_POINT ( 'NONE',  ( 1.644760244983787700, -0.05478315537781906774, 0.04133858267716536417 ) ) ;
#2734 = CARTESIAN_POINT ( 'NONE',  ( 1.428219883082518571, -0.2092853712438586533, 0.1259842519685039353 ) ) ;
#2735 = ORIENTED_EDGE ( 'NONE', *, *, #4812, .F. ) ;
#2736 = VECTOR ( 'NONE', #4475, 39.37007874015748143 ) ;
#2737 = LINE ( 'NONE', #1130, #53 ) ;
#2738 = LINE ( 'NONE', #643, #1114 ) ;
#2739 = VECTOR ( 'NONE', #943, 39.37007874015748143 ) ;
#2740 = EDGE_CURVE ( 'NONE', #1419, #2493, #4044, .T. ) ;
#2741 = LINE ( 'NONE', #2686, #3476 ) ;
#2742 = ORIENTED_EDGE ( 'NONE', *, *, #551, .F. ) ;
#2743 = DIRECTION ( 'NONE',  ( 0.000000000000000000, 0.000000000000000000, -1.000000000000000000 ) ) ;
#2744 = VECTOR ( 'NONE', #5179, 39.37007874015748143 ) ;
#2745 = DIRECTION ( 'NONE',  ( -1.000000000000000000, 0.000000000000000000, 0.000000000000000000 ) ) ;
#2746 = CARTESIAN_POINT ( 'NONE',  ( 1.550267159170830578, -0.01541307663768504144, 0.1259842519685039353 ) ) ;
#2747 = AXIS2_PLACEMENT_3D ( 'NONE', #4431, #4114, #5221 ) ;
#2748 = EDGE_LOOP ( 'NONE', ( #4534, #4265, #3950, #2259 ) ) ;
#2749 = VERTEX_POINT ( 'NONE', #3647 ) ;
#2750 = DIRECTION ( 'NONE',  ( -0.7071067811865280328, 0.7071067811865670016, 3.066586833366849349E-17 ) ) ;
#2751 = ORIENTED_EDGE ( 'NONE', *, *, #3134, .T. ) ;
#2752 = AXIS2_PLACEMENT_3D ( 'NONE', #4489, #831, #1655 ) ;
#2753 = CYLINDRICAL_SURFACE ( 'NONE', #13, 0.009845000097158516927 ) ;
#2754 = EDGE_CURVE ( 'NONE', #4299, #5109, #12, .T. ) ;
#2755 = EDGE_LOOP ( 'NONE', ( #2230, #2940, #5165, #1246 ) ) ;
#2756 = CARTESIAN_POINT ( 'NONE',  ( 1.296218617306338805, -0.05478315537781906774, -0.1102362204724409434 ) ) ;
#2757 = DIRECTION ( 'NONE',  ( 0.000000000000000000, 0.000000000000000000, -1.000000000000000000 ) ) ;
#2758 = ORIENTED_EDGE ( 'NONE', *, *, #608, .F. ) ;
#2759 = LINE ( 'NONE', #4385, #1506 ) ;
#2760 = PLANE ( 'NONE',  #3735 ) ;
#2761 = FACE_OUTER_BOUND ( 'NONE', #833, .T. ) ;
#2762 = ADVANCED_FACE ( 'NONE', ( #1661 ), #2123, .F. ) ;
#2763 = ORIENTED_EDGE ( 'NONE', *, *, #1065, .F. ) ;
#2764 = ORIENTED_EDGE ( 'NONE', *, *, #3692, .F. ) ;
#2765 = DIRECTION ( 'NONE',  ( 0.000000000000000000, 0.000000000000000000, -1.000000000000000000 ) ) ;
#2766 = CARTESIAN_POINT ( 'NONE',  ( 1.140706806282704822, 0.03970503359853590208, 0.1102362204724409434 ) ) ;
#2767 = CARTESIAN_POINT ( 'NONE',  ( 1.390706806282705266, 0.3113585769056220753, 0.1259842519685039353 ) ) ;
#2768 = EDGE_CURVE ( 'NONE', #3772, #1632, #3705, .T. ) ;
#2769 = DIRECTION ( 'NONE',  ( 1.000000000000000000, -4.625929269271509777E-14, 0.000000000000000000 ) ) ;
#2770 = CARTESIAN_POINT ( 'NONE',  ( 1.428219883082518571, -0.2092853712438586533, -0.05708661417322834220 ) ) ;
#2771 = ORIENTED_EDGE ( 'NONE', *, *, #5015, .F. ) ;
#2772 = ORIENTED_EDGE ( 'NONE', *, *, #1772, .T. ) ;
#2773 = CARTESIAN_POINT ( 'NONE',  ( 1.164328853526799490, 0.03970503359853590208, 0.1259842519685039353 ) ) ;
#2774 = ORIENTED_EDGE ( 'NONE', *, *, #2824, .F. ) ;
#2775 = EDGE_CURVE ( 'NONE', #2085, #4693, #1694, .T. ) ;
#2776 = CARTESIAN_POINT ( 'NONE',  ( 1.296218617306338805, -0.01541307663766153767, -0.1102362204724409434 ) ) ;
#2777 = VERTEX_POINT ( 'NONE', #4100 ) ;
#2778 = CARTESIAN_POINT ( 'NONE',  ( 1.491212041060598459, -0.05084614750382669690, 0.1259842519685039353 ) ) ;
#2779 = LINE ( 'NONE', #1566, #2120 ) ;
#2780 = ORIENTED_EDGE ( 'NONE', *, *, #956, .T. ) ;
#2781 = FACE_OUTER_BOUND ( 'NONE', #4902, .T. ) ;
#2782 = EDGE_CURVE ( 'NONE', #1680, #2418, #4496, .T. ) ;
#2783 = DIRECTION ( 'NONE',  ( 1.000000000000000000, 0.000000000000000000, 0.000000000000000000 ) ) ;
#2784 = DIRECTION ( 'NONE',  ( 4.869399230812180366E-15, 1.000000000000000000, 0.000000000000000000 ) ) ;
#2785 = ORIENTED_EDGE ( 'NONE', *, *, #2656, .F. ) ;
#2786 = DIRECTION ( 'NONE',  ( -1.000000000000000000, 0.000000000000000000, 0.000000000000000000 ) ) ;
#2787 = ORIENTED_EDGE ( 'NONE', *, *, #4825, .T. ) ;
#2788 = AXIS2_PLACEMENT_3D ( 'NONE', #4189, #3011, #4637 ) ;
#2789 = EDGE_CURVE ( 'NONE', #1916, #359, #2989, .T. ) ;
#2790 = VECTOR ( 'NONE', #1663, 39.37007874015748143 ) ;
#2791 = CARTESIAN_POINT ( 'NONE',  ( 1.699761924392941159, 0.1341932225749137841, 0.1259842519685039353 ) ) ;
#2792 = CARTESIAN_POINT ( 'NONE',  ( 1.510897080430673389, -0.07446819474792892857, 0.1259842519685039353 ) ) ;
#2793 = FACE_OUTER_BOUND ( 'NONE', #4906, .T. ) ;
#2794 = CIRCLE ( 'NONE', #4159, 0.009845000097158516927 ) ;
#2795 = PLANE ( 'NONE',  #4066 ) ;
#2796 = VECTOR ( 'NONE', #3346, 39.37007874015748143 ) ;
#2797 = FACE_OUTER_BOUND ( 'NONE', #5023, .T. ) ;
#2798 = ORIENTED_EDGE ( 'NONE', *, *, #239, .F. ) ;
#2799 = VERTEX_POINT ( 'NONE', #488 ) ;
#2800 = EDGE_CURVE ( 'NONE', #894, #681, #63, .T. ) ;
#2801 = CARTESIAN_POINT ( 'NONE',  ( 1.294361647359807188, -0.01541307663768504144, -0.1259842519685039353 ) ) ;
#2802 = ORIENTED_EDGE ( 'NONE', *, *, #4794, .F. ) ;
#2803 = VECTOR ( 'NONE', #4829, 39.37007874015748143 ) ;
#2804 = DIRECTION ( 'NONE',  ( 1.000000000000000000, 1.132880637372596148E-14, 0.000000000000000000 ) ) ;
#2805 = VECTOR ( 'NONE', #1726, 39.37007874015748143 ) ;
#2806 = VERTEX_POINT ( 'NONE', #2950 ) ;
#2807 = DIRECTION ( 'NONE',  ( -1.000000000000000000, 0.000000000000000000, 0.000000000000000000 ) ) ;
#2808 = EDGE_CURVE ( 'NONE', #236, #3959, #3323, .T. ) ;
#2809 = DIRECTION ( 'NONE',  ( 0.000000000000000000, 1.000000000000000000, 0.000000000000000000 ) ) ;
#2810 = ORIENTED_EDGE ( 'NONE', *, *, #2309, .F. ) ;
#2811 = PLANE ( 'NONE',  #3560 ) ;
#2812 = CARTESIAN_POINT ( 'NONE',  ( 1.536487631611791249, -0.2102457538030161610, 0.1259842519685039353 ) ) ;
#2813 = VERTEX_POINT ( 'NONE', #4970 ) ;
#2814 = DIRECTION ( 'NONE',  ( 5.551115123125780178E-14, 1.000000000000000000, 0.000000000000000000 ) ) ;
#2815 = LINE ( 'NONE', #4444, #727 ) ;
#2816 = LINE ( 'NONE', #2413, #260 ) ;
#2817 = EDGE_CURVE ( 'NONE', #1757, #4358, #865, .T. ) ;
#2818 = VECTOR ( 'NONE', #2439, 39.37007874015748143 ) ;
#2819 = CARTESIAN_POINT ( 'NONE',  ( 1.138849836336185195, -0.01541307663768504144, 0.1259842519685039353 ) ) ;
#2820 = CARTESIAN_POINT ( 'NONE',  ( 1.510897080430677164, -0.05084614750383433662, 0.1259842519685039353 ) ) ;
#2821 = VECTOR ( 'NONE', #353, 39.37007874015748143 ) ;
#2822 = PLANE ( 'NONE',  #2562 ) ;
#2823 = CARTESIAN_POINT ( 'NONE',  ( 1.235306529249574847, -0.01541307663768504144, 0.1102362204724409434 ) ) ;
#2824 = EDGE_CURVE ( 'NONE', #3114, #822, #90, .T. ) ;
#2825 = ORIENTED_EDGE ( 'NONE', *, *, #4366, .T. ) ;
#2826 = VERTEX_POINT ( 'NONE', #2928 ) ;
#2827 = VECTOR ( 'NONE', #2060, 39.37007874015748143 ) ;
#2828 = CARTESIAN_POINT ( 'NONE',  ( 1.491212041060598459, -0.01541307663768504144, 0.1259842519685039353 ) ) ;
#2829 = VERTEX_POINT ( 'NONE', #837 ) ;
#2830 = VECTOR ( 'NONE', #3470, 39.37007874015748143 ) ;
#2831 = CARTESIAN_POINT ( 'NONE',  ( 1.138849836336185195, -0.08627921836996831073, 0.1259842519685039353 ) ) ;
#2832 = VERTEX_POINT ( 'NONE', #4550 ) ;
#2833 = ORIENTED_EDGE ( 'NONE', *, *, #4777, .T. ) ;
#2834 = CARTESIAN_POINT ( 'NONE',  ( 1.069840664550433251, -0.2890351238817558954, 0.05708661417322834220 ) ) ;
#2835 = ORIENTED_EDGE ( 'NONE', *, *, #4251, .F. ) ;
#2836 = AXIS2_PLACEMENT_3D ( 'NONE', #525, #3796, #1782 ) ;
#2837 = CARTESIAN_POINT ( 'NONE',  ( 1.625070308777141870, -0.05478315537781906774, -0.05708661417322834220 ) ) ;
#2838 = EDGE_CURVE ( 'NONE', #4240, #138, #407, .T. ) ;
#2839 = DIRECTION ( 'NONE',  ( 0.000000000000000000, 0.000000000000000000, 1.000000000000000000 ) ) ;
#2840 = VECTOR ( 'NONE', #2417, 39.37007874015748143 ) ;
#2841 = CARTESIAN_POINT ( 'NONE',  ( 1.337557199983492318, 0.1066341674568033471, 0.1102362204724409434 ) ) ;
#2842 = DIRECTION ( 'NONE',  ( 0.000000000000000000, -1.000000000000000000, 0.000000000000000000 ) ) ;
#2843 = VERTEX_POINT ( 'NONE', #1636 ) ;
#2844 = CARTESIAN_POINT ( 'NONE',  ( 1.241214489478889904, -0.2092853712438586533, 0.1259842519685039353 ) ) ;
#2845 = ORIENTED_EDGE ( 'NONE', *, *, #1968, .F. ) ;
#2846 = DIRECTION ( 'NONE',  ( 1.000000000000000000, 0.000000000000000000, 0.000000000000000000 ) ) ;
#2847 = ADVANCED_FACE ( 'NONE', ( #2521 ), #4154, .F. ) ;
#2848 = LINE ( 'NONE', #4101, #226 ) ;
#2849 = CYLINDRICAL_SURFACE ( 'NONE', #5110, 0.009891732283464897690 ) ;
#2850 = CARTESIAN_POINT ( 'NONE',  ( 1.251059457582212708, -0.05478315537781906774, 0.1259842519685039353 ) ) ;
#2851 = EDGE_LOOP ( 'NONE', ( #3920, #655, #209, #1398 ) ) ;
#2852 = CARTESIAN_POINT ( 'NONE',  ( 1.550155625180354546, -0.2092853712438586533, -0.1259842519685039353 ) ) ;
#2853 = ORIENTED_EDGE ( 'NONE', *, *, #1960, .F. ) ;
#2854 = DIRECTION ( 'NONE',  ( 0.000000000000000000, 0.000000000000000000, -1.000000000000000000 ) ) ;
#2855 = EDGE_LOOP ( 'NONE', ( #1660, #1584, #5017, #4390 ) ) ;
#2856 = EDGE_CURVE ( 'NONE', #2334, #1514, #4866, .T. ) ;
#2857 = FACE_OUTER_BOUND ( 'NONE', #2077, .T. ) ;
#2858 = DIRECTION ( 'NONE',  ( 1.000000000000000000, 4.625929269271509777E-14, 0.000000000000000000 ) ) ;
#2859 = ORIENTED_EDGE ( 'NONE', *, *, #3241, .T. ) ;
#2860 = ORIENTED_EDGE ( 'NONE', *, *, #4416, .T. ) ;
#2861 = PLANE ( 'NONE',  #5091 ) ;
#2862 = VERTEX_POINT ( 'NONE', #4470 ) ;
#2863 = LINE ( 'NONE', #3801, #2535 ) ;
#2864 = FACE_BOUND ( 'NONE', #3096, .T. ) ;
#2865 = CARTESIAN_POINT ( 'NONE',  ( 1.235194995259094597, -0.01541307663766153767, 0.1259842519685039353 ) ) ;
#2866 = CARTESIAN_POINT ( 'NONE',  ( 1.361179247227586764, 0.1066341674567956588, 0.1259842519685039353 ) ) ;
#2867 = VERTEX_POINT ( 'NONE', #2038 ) ;
#2868 = EDGE_CURVE ( 'NONE', #4240, #2862, #3677, .T. ) ;
#2869 = FACE_OUTER_BOUND ( 'NONE', #4302, .T. ) ;
#2870 = VECTOR ( 'NONE', #3110, 39.37007874015748143 ) ;
#2871 = EDGE_CURVE ( 'NONE', #762, #3502, #1232, .T. ) ;
#2872 = DIRECTION ( 'NONE',  ( -0.7071067811865670016, -0.7071067811865280328, -3.066586833366604679E-17 ) ) ;
#2873 = AXIS2_PLACEMENT_3D ( 'NONE', #693, #3590, #1199 ) ;
#2874 = PLANE ( 'NONE',  #2530 ) ;
#2875 = LINE ( 'NONE', #4896, #5197 ) ;
#2876 = CARTESIAN_POINT ( 'NONE',  ( 1.447909851282999982, -0.05478315537781906774, 0.1259842519685039353 ) ) ;
#2877 = VECTOR ( 'NONE', #3558, 39.37007874015748143 ) ;
#2878 = ORIENTED_EDGE ( 'NONE', *, *, #3453, .T. ) ;
#2879 = CARTESIAN_POINT ( 'NONE',  ( 1.268659562188216627, 0.1066341674568033471, 0.1102362204724409434 ) ) ;
#2880 = ORIENTED_EDGE ( 'NONE', *, *, #2703, .F. ) ;
#2881 = DIRECTION ( 'NONE',  ( 0.000000000000000000, 0.000000000000000000, 1.000000000000000000 ) ) ;
#2882 = EDGE_LOOP ( 'NONE', ( #3428, #923, #4376, #3158 ) ) ;
#2883 = VECTOR ( 'NONE', #1503, 39.37007874015748143 ) ;
#2884 = CARTESIAN_POINT ( 'NONE',  ( 1.646723852084220674, -0.01541307663768504144, -0.1259842519685039353 ) ) ;
#2885 = EDGE_LOOP ( 'NONE', ( #3370, #157, #1021, #4224 ) ) ;
#2886 = EDGE_CURVE ( 'NONE', #284, #2829, #4602, .T. ) ;
#2887 = DIRECTION ( 'NONE',  ( -1.000000000000000000, 0.000000000000000000, 0.000000000000000000 ) ) ;
#2888 = ORIENTED_EDGE ( 'NONE', *, *, #3163, .F. ) ;
#2889 = CIRCLE ( 'NONE', #3397, 0.009845000097158516927 ) ;
#2890 = DIRECTION ( 'NONE',  ( 0.000000000000000000, 0.000000000000000000, -1.000000000000000000 ) ) ;
#2891 = VECTOR ( 'NONE', #947, 39.37007874015748143 ) ;
#2892 = CARTESIAN_POINT ( 'NONE',  ( 1.634915276880464452, -0.2092853712438586533, 0.05708661417322834220 ) ) ;
#2893 = ORIENTED_EDGE ( 'NONE', *, *, #3061, .T. ) ;
#2894 = LINE ( 'NONE', #4519, #4204 ) ;
#2895 = EDGE_CURVE ( 'NONE', #3842, #2110, #1364, .T. ) ;
#2896 = CARTESIAN_POINT ( 'NONE',  ( 1.251059457582212708, -0.05478315537781906774, 0.05708661417322834220 ) ) ;
#2897 = ORIENTED_EDGE ( 'NONE', *, *, #4091, .F. ) ;
#2898 = DIRECTION ( 'NONE',  ( 0.000000000000000000, 0.000000000000000000, -1.000000000000000000 ) ) ;
#2899 = CARTESIAN_POINT ( 'NONE',  ( 1.699761924392941159, -0.08627921836996831073, 0.1259842519685039353 ) ) ;
#2900 = PLANE ( 'NONE',  #912 ) ;
#2901 = EDGE_CURVE ( 'NONE', #4936, #1701, #4284, .T. ) ;
#2902 = DIRECTION ( 'NONE',  ( 0.000000000000000000, 0.000000000000000000, -1.000000000000000000 ) ) ;
#2903 = DIRECTION ( 'NONE',  ( 0.000000000000000000, 0.000000000000000000, 1.000000000000000000 ) ) ;
#2904 = VERTEX_POINT ( 'NONE', #1442 ) ;
#2905 = CARTESIAN_POINT ( 'NONE',  ( 1.550267159170830578, -0.01541307663768504144, 0.1259842519685039353 ) ) ;
#2906 = ORIENTED_EDGE ( 'NONE', *, *, #2379, .F. ) ;
#2907 = DIRECTION ( 'NONE',  ( 0.000000000000000000, 1.000000000000000000, 0.000000000000000000 ) ) ;
#2908 = ORIENTED_EDGE ( 'NONE', *, *, #153, .T. ) ;
#2909 = VECTOR ( 'NONE', #2149, 39.37007874015748143 ) ;
#2910 = EDGE_CURVE ( 'NONE', #1615, #1643, #2602, .T. ) ;
#2911 = CARTESIAN_POINT ( 'NONE',  ( 1.644760244983787700, -0.2093104702001736261, 0.1259842519685039353 ) ) ;
#2912 = CIRCLE ( 'NONE', #3597, 0.009891732283464897690 ) ;
#2913 = ORIENTED_EDGE ( 'NONE', *, *, #3132, .F. ) ;
#2914 = ORIENTED_EDGE ( 'NONE', *, *, #5113, .T. ) ;
#2915 = EDGE_LOOP ( 'NONE', ( #1591, #2504, #4296, #2532 ) ) ;
#2916 = DIRECTION ( 'NONE',  ( 0.000000000000000000, 1.000000000000000000, 0.000000000000000000 ) ) ;
#2917 = ADVANCED_FACE ( 'NONE', ( #1338 ), #219, .F. ) ;
#2918 = DIRECTION ( 'NONE',  ( 0.000000000000000000, 0.000000000000000000, 1.000000000000000000 ) ) ;
#2919 = CARTESIAN_POINT ( 'NONE',  ( 1.361179247227586764, 0.1066341674567956588, -0.1102362204724409434 ) ) ;
#2920 = VECTOR ( 'NONE', #795, 39.37007874015748143 ) ;
#2921 = LINE ( 'NONE', #4545, #1509 ) ;
#2922 = ORIENTED_EDGE ( 'NONE', *, *, #2444, .T. ) ;
#2923 = EDGE_CURVE ( 'NONE', #2640, #163, #3839, .T. ) ;
#2924 = VECTOR ( 'NONE', #3681, 39.37007874015748143 ) ;
#2925 = DIRECTION ( 'NONE',  ( -1.000000000000000000, 0.000000000000000000, 0.000000000000000000 ) ) ;
#2926 = ORIENTED_EDGE ( 'NONE', *, *, #326, .T. ) ;
#2927 = CIRCLE ( 'NONE', #3699, 0.009845000097158516927 ) ;
#2928 = CARTESIAN_POINT ( 'NONE',  ( 1.644643814156732331, -0.01541307663766153767, 0.1102362204724409434 ) ) ;
#2929 = DIRECTION ( 'NONE',  ( 0.000000000000000000, 1.000000000000000000, 0.000000000000000000 ) ) ;
#2930 = CARTESIAN_POINT ( 'NONE',  ( 1.231369521375566878, -0.05478315537781906774, -0.05708661417322834220 ) ) ;
#2931 = DIRECTION ( 'NONE',  ( 0.000000000000000000, 0.000000000000000000, -1.000000000000000000 ) ) ;
#2932 = VERTEX_POINT ( 'NONE', #4207 ) ;
#2933 = CARTESIAN_POINT ( 'NONE',  ( 1.311966648802390001, 0.3113585769056220753, 0.05905511811023622659 ) ) ;
#2934 = ORIENTED_EDGE ( 'NONE', *, *, #2217, .F. ) ;
#2935 = EDGE_CURVE ( 'NONE', #3663, #2489, #3480, .T. ) ;
#2936 = DIRECTION ( 'NONE',  ( 0.000000000000000000, 0.000000000000000000, -1.000000000000000000 ) ) ;
#2937 = ORIENTED_EDGE ( 'NONE', *, *, #1153, .T. ) ;
#2938 = ORIENTED_EDGE ( 'NONE', *, *, #2685, .T. ) ;
#2939 = CARTESIAN_POINT ( 'NONE',  ( 1.292281609432311296, 0.3310436162757008360, 0.05905511811023622659 ) ) ;
#2940 = ORIENTED_EDGE ( 'NONE', *, *, #1090, .T. ) ;
#2941 = ADVANCED_FACE ( 'NONE', ( #4227 ), #3002, .T. ) ;
#2942 = LINE ( 'NONE', #853, #1165 ) ;
#2943 = LINE ( 'NONE', #3019, #942 ) ;
#2944 = VERTEX_POINT ( 'NONE', #3788 ) ;
#2945 = CARTESIAN_POINT ( 'NONE',  ( 1.231369489381731297, -0.2092853712438586533, -0.05708661417322834220 ) ) ;
#2946 = PLANE ( 'NONE',  #4669 ) ;
#2947 = EDGE_CURVE ( 'NONE', #1955, #5168, #967, .T. ) ;
#2948 = LINE ( 'NONE', #5044, #3777 ) ;
#2949 = EDGE_CURVE ( 'NONE', #1916, #1567, #514, .T. ) ;
#2950 = CARTESIAN_POINT ( 'NONE',  ( 1.644643814156732331, -0.01541307663766153767, -0.1102362204724409434 ) ) ;
#2951 = CARTESIAN_POINT ( 'NONE',  ( 1.550155625180354546, -0.05478315537781906774, 0.1417322834645669549 ) ) ;
#2952 = DIRECTION ( 'NONE',  ( 0.000000000000000000, 0.000000000000000000, -1.000000000000000000 ) ) ;
#2953 = CARTESIAN_POINT ( 'NONE',  ( 1.292281609432311296, 0.3310436162757008360, 0.1259842519685039353 ) ) ;
#2954 = ORIENTED_EDGE ( 'NONE', *, *, #1065, .T. ) ;
#2955 = CARTESIAN_POINT ( 'NONE',  ( 1.069840664550433251, -0.05478315537781906774, -0.04133858267716536417 ) ) ;
#2956 = ORIENTED_EDGE ( 'NONE', *, *, #2370, .F. ) ;
#2957 = VECTOR ( 'NONE', #2262, 39.37007874015748143 ) ;
#2958 = CARTESIAN_POINT ( 'NONE',  ( 1.235306529249574847, -0.01541307663768504144, -0.1259842519685039353 ) ) ;
#2959 = VECTOR ( 'NONE', #1522, 39.37007874015748143 ) ;
#2960 = DIRECTION ( 'NONE',  ( 0.000000000000000000, 0.000000000000000000, 1.000000000000000000 ) ) ;
#2961 = ORIENTED_EDGE ( 'NONE', *, *, #3256, .F. ) ;
#2962 = ORIENTED_EDGE ( 'NONE', *, *, #2901, .F. ) ;
#2963 = APPLICATION_CONTEXT ( 'automotive_design' ) ;
#2964 = CARTESIAN_POINT ( 'NONE',  ( 1.550155625180354546, -0.2092853712438586533, 0.1259842519685039353 ) ) ;
#2965 = EDGE_LOOP ( 'NONE', ( #3259, #4003, #155, #1397 ) ) ;
#2966 = VECTOR ( 'NONE', #3984, 39.37007874015748143 ) ;
#2967 = CARTESIAN_POINT ( 'NONE',  ( 1.644760244983787700, -0.05478315537781906774, 0.05708661417322834220 ) ) ;
#2968 = EDGE_CURVE ( 'NONE', #4821, #3842, #115, .T. ) ;
#2969 = CARTESIAN_POINT ( 'NONE',  ( 1.550267159170830578, -0.07446819474792892857, 0.1259842519685039353 ) ) ;
#2970 = VECTOR ( 'NONE', #4687, 39.37007874015748143 ) ;
#2971 = ORIENTED_EDGE ( 'NONE', *, *, #1985, .T. ) ;
#2972 = DIRECTION ( 'NONE',  ( 0.000000000000000000, -1.000000000000000000, 9.680376540049299926E-18 ) ) ;
#2973 = DIRECTION ( 'NONE',  ( 0.000000000000000000, -1.000000000000000000, 0.000000000000000000 ) ) ;
#2974 = ORIENTED_EDGE ( 'NONE', *, *, #1191, .F. ) ;
#2975 = VECTOR ( 'NONE', #208, 39.37007874015748143 ) ;
#2976 = PLANE ( 'NONE',  #1023 ) ;
#2977 = AXIS2_PLACEMENT_3D ( 'NONE', #2314, #1182, #252 ) ;
#2978 = CARTESIAN_POINT ( 'NONE',  ( 1.164328853526799490, 0.03970503359853590208, 0.1259842519685039353 ) ) ;
#2979 = CARTESIAN_POINT ( 'NONE',  ( 1.550267159170830578, -0.07446819474792892857, 0.1259842519685039353 ) ) ;
#2980 = EDGE_CURVE ( 'NONE', #413, #2337, #1744, .T. ) ;
#2981 = CARTESIAN_POINT ( 'NONE',  ( 1.646723852084220674, -0.01541307663768504144, 0.1259842519685039353 ) ) ;
#2982 = VERTEX_POINT ( 'NONE', #4993 ) ;
#2983 = CARTESIAN_POINT ( 'NONE',  ( 1.646723852084220674, -0.01541307663768504144, 0.1102362204724409434 ) ) ;
#2984 = DIRECTION ( 'NONE',  ( 0.000000000000000000, 0.000000000000000000, -1.000000000000000000 ) ) ;
#2985 = EDGE_CURVE ( 'NONE', #1431, #1488, #540, .T. ) ;
#2986 = FACE_OUTER_BOUND ( 'NONE', #1473, .T. ) ;
#2987 = ORIENTED_EDGE ( 'NONE', *, *, #3175, .F. ) ;
#2988 = VERTEX_POINT ( 'NONE', #3402 ) ;
#2989 = CIRCLE ( 'NONE', #337, 0.009845000097158516927 ) ;
#2990 = PLANE ( 'NONE',  #836 ) ;
#2991 = ORIENTED_EDGE ( 'NONE', *, *, #1430, .F. ) ;
#2992 = VECTOR ( 'NONE', #1576, 39.37007874015748143 ) ;
#2993 = LINE ( 'NONE', #4543, #4447 ) ;
#2994 = DIRECTION ( 'NONE',  ( 1.000000000000000000, 0.000000000000000000, 0.000000000000000000 ) ) ;
#2995 = CARTESIAN_POINT ( 'NONE',  ( 1.644760244983787700, -0.2093104702001736261, 0.1259842519685039353 ) ) ;
#2996 = VERTEX_POINT ( 'NONE', #5046 ) ;
#2997 = DIRECTION ( 'NONE',  ( 0.000000000000000000, 1.000000000000000000, 0.000000000000000000 ) ) ;
#2998 = VECTOR ( 'NONE', #907, 39.37007874015748143 ) ;
#2999 = EDGE_CURVE ( 'NONE', #4710, #3114, #991, .T. ) ;
#3000 = DIRECTION ( 'NONE',  ( 0.000000000000000000, 0.000000000000000000, 1.000000000000000000 ) ) ;
#3001 = ORIENTED_EDGE ( 'NONE', *, *, #3394, .F. ) ;
#3002 = PLANE ( 'NONE',  #4016 ) ;
#3003 = EDGE_CURVE ( 'NONE', #5194, #1928, #1016, .T. ) ;
#3004 = AXIS2_PLACEMENT_3D ( 'NONE', #1847, #1410, #5099 ) ;
#3005 = CARTESIAN_POINT ( 'NONE',  ( 1.644760244983787700, -0.05478315537781906774, 0.1259842519685039353 ) ) ;
#3006 = VECTOR ( 'NONE', #3393, 39.37007874015748143 ) ;
#3007 = DIRECTION ( 'NONE',  ( 0.000000000000000000, 0.000000000000000000, -1.000000000000000000 ) ) ;
#3008 = ORIENTED_EDGE ( 'NONE', *, *, #3660, .F. ) ;
#3009 = CARTESIAN_POINT ( 'NONE',  ( 1.294361647359807188, -0.01541307663768504144, -0.1102362204724409434 ) ) ;
#3010 = EDGE_CURVE ( 'NONE', #1349, #1951, #1825, .T. ) ;
#3011 = DIRECTION ( 'NONE',  ( -1.000000000000000000, 0.000000000000000000, 0.000000000000000000 ) ) ;
#3012 = CARTESIAN_POINT ( 'NONE',  ( 1.510897080430677164, -0.05084614750383433662, 0.1102362204724409434 ) ) ;
#3013 = VERTEX_POINT ( 'NONE', #3055 ) ;
#3014 = ORIENTED_EDGE ( 'NONE', *, *, #695, .F. ) ;
#3015 = LINE ( 'NONE', #2613, #1598 ) ;
#3016 = ORIENTED_EDGE ( 'NONE', *, *, #5253, .F. ) ;
#3017 = EDGE_CURVE ( 'NONE', #1219, #2197, #4685, .T. ) ;
#3018 = ORIENTED_EDGE ( 'NONE', *, *, #1908, .F. ) ;
#3019 = CARTESIAN_POINT ( 'NONE',  ( 1.069840664550433251, -0.05478315537781906774, 0.04133858267716536417 ) ) ;
#3020 = ORIENTED_EDGE ( 'NONE', *, *, #897, .F. ) ;
#3021 = DIRECTION ( 'NONE',  ( 0.000000000000000000, 0.000000000000000000, 1.000000000000000000 ) ) ;
#3022 = CARTESIAN_POINT ( 'NONE',  ( 1.337557199983492318, 0.03970503359852826930, 0.1102362204724409434 ) ) ;
#3023 = ORIENTED_EDGE ( 'NONE', *, *, #4242, .F. ) ;
#3024 = CARTESIAN_POINT ( 'NONE',  ( 1.447909851282999982, -0.2093104702001736261, 0.04133858267716536417 ) ) ;
#3025 = DIRECTION ( 'NONE',  ( 0.000000000000000000, 0.000000000000000000, -1.000000000000000000 ) ) ;
#3026 = EDGE_CURVE ( 'NONE', #2988, #847, #3511, .T. ) ;
#3027 = EDGE_LOOP ( 'NONE', ( #35, #1447, #1297, #4950 ) ) ;
#3028 = CARTESIAN_POINT ( 'NONE',  ( 1.550267159170830578, -0.01541307663768504144, 0.1259842519685039353 ) ) ;
#3029 = PLANE ( 'NONE',  #2566 ) ;
#3030 = EDGE_CURVE ( 'NONE', #2813, #3302, #1878, .T. ) ;
#3031 = LINE ( 'NONE', #4657, #489 ) ;
#3032 = ORIENTED_EDGE ( 'NONE', *, *, #513, .T. ) ;
#3033 = PLANE ( 'NONE',  #3917 ) ;
#3034 = CARTESIAN_POINT ( 'NONE',  ( 1.081651688172472481, 0.1184451910788504175, 0.1259842519685039353 ) ) ;
#3035 = DIRECTION ( 'NONE',  ( 0.000000000000000000, 0.000000000000000000, 1.000000000000000000 ) ) ;
#3036 = VECTOR ( 'NONE', #1047, 39.37007874015748143 ) ;
#3037 = ORIENTED_EDGE ( 'NONE', *, *, #571, .T. ) ;
#3038 = ORIENTED_EDGE ( 'NONE', *, *, #3145, .F. ) ;
#3039 = LINE ( 'NONE', #4667, #3570 ) ;
#3040 = ORIENTED_EDGE ( 'NONE', *, *, #256, .T. ) ;
#3041 = VECTOR ( 'NONE', #1292, 39.37007874015748143 ) ;
#3042 = DIRECTION ( 'NONE',  ( 0.000000000000000000, 0.000000000000000000, -1.000000000000000000 ) ) ;
#3043 = ORIENTED_EDGE ( 'NONE', *, *, #3026, .T. ) ;
#3044 = DIRECTION ( 'NONE',  ( -1.000000000000000000, 0.000000000000000000, 0.000000000000000000 ) ) ;
#3045 = ADVANCED_FACE ( 'NONE', ( #247 ), #5128, .F. ) ;
#3046 = LINE ( 'NONE', #3906, #1774 ) ;
#3047 = ORIENTED_EDGE ( 'NONE', *, *, #1480, .T. ) ;
#3048 = AXIS2_PLACEMENT_3D ( 'NONE', #2599, #2199, #5227 ) ;
#3049 = DIRECTION ( 'NONE',  ( 1.000000000000000000, 0.000000000000000000, 0.000000000000000000 ) ) ;
#3050 = VECTOR ( 'NONE', #1062, 39.37007874015748143 ) ;
#3051 = FACE_OUTER_BOUND ( 'NONE', #798, .T. ) ;
#3052 = EDGE_CURVE ( 'NONE', #1525, #4936, #641, .T. ) ;
#3053 = CYLINDRICAL_SURFACE ( 'NONE', #2407, 0.009845000097158516927 ) ;
#3054 = VERTEX_POINT ( 'NONE', #2099 ) ;
#3055 = CARTESIAN_POINT ( 'NONE',  ( 1.526645111926748122, -0.2092602722875436805, 0.05708661417322834220 ) ) ;
#3056 = VECTOR ( 'NONE', #5270, 39.37007874015748143 ) ;
#3057 = DIRECTION ( 'NONE',  ( 1.000000000000000000, 0.000000000000000000, 0.000000000000000000 ) ) ;
#3058 = PLANE ( 'NONE',  #3652 ) ;
#3059 = VERTEX_POINT ( 'NONE', #1698 ) ;
#3060 = LINE ( 'NONE', #3009, #2891 ) ;
#3061 = EDGE_CURVE ( 'NONE', #911, #762, #4504, .T. ) ;
#3062 = DIRECTION ( 'NONE',  ( 0.000000000000000000, 0.000000000000000000, 1.000000000000000000 ) ) ;
#3063 = CARTESIAN_POINT ( 'NONE',  ( 1.069840664550433251, -0.05478315537781906774, 0.04133858267716536417 ) ) ;
#3064 = ORIENTED_EDGE ( 'NONE', *, *, #3930, .F. ) ;
#3065 = ORIENTED_EDGE ( 'NONE', *, *, #3404, .T. ) ;
#3066 = CARTESIAN_POINT ( 'NONE',  ( 1.193856412581917326, 0.1341932225749063179, 0.05905511811023622659 ) ) ;
#3067 = ORIENTED_EDGE ( 'NONE', *, *, #1148, .T. ) ;
#3068 = ORIENTED_EDGE ( 'NONE', *, *, #3824, .F. ) ;
#3069 = CARTESIAN_POINT ( 'NONE',  ( 1.241214489478889904, -0.2092853712438586533, 0.1259842519685039353 ) ) ;
#3070 = VECTOR ( 'NONE', #2447, 39.37007874015748143 ) ;
#3071 =( CONVERSION_BASED_UNIT ( 'INCH', #4382 ) LENGTH_UNIT ( ) NAMED_UNIT ( #5049 ) );
#3072 = CARTESIAN_POINT ( 'NONE',  ( 1.331651688172468706, 0.3310436162757008360, -0.05905511811023622659 ) ) ;
#3073 = ORIENTED_EDGE ( 'NONE', *, *, #1537, .F. ) ;
#3074 = EDGE_CURVE ( 'NONE', #2366, #4704, #4455, .T. ) ;
#3075 = VECTOR ( 'NONE', #3914, 39.37007874015748143 ) ;
#3076 = CARTESIAN_POINT ( 'NONE',  ( 1.213541451951992256, 0.3310436162756932865, 0.05905511811023622659 ) ) ;
#3077 = DIRECTION ( 'NONE',  ( 3.011672701348629522E-17, 0.000000000000000000, 1.000000000000000000 ) ) ;
#3078 = CARTESIAN_POINT ( 'NONE',  ( 1.371021766912626116, 0.3310436162757008360, 0.1259842519685039353 ) ) ;
#3079 = VECTOR ( 'NONE', #1366, 39.37007874015748143 ) ;
#3080 = ORIENTED_EDGE ( 'NONE', *, *, #2596, .T. ) ;
#3081 = CARTESIAN_POINT ( 'NONE',  ( 1.337557199983492318, 0.1066341674568033471, 0.1259842519685039353 ) ) ;
#3082 = EDGE_CURVE ( 'NONE', #2133, #5045, #2503, .T. ) ;
#3083 = AXIS2_PLACEMENT_3D ( 'NONE', #1977, #372, #4516 ) ;
#3084 = LINE ( 'NONE', #4713, #3036 ) ;
#3085 = DIRECTION ( 'NONE',  ( 0.000000000000000000, 0.000000000000000000, -1.000000000000000000 ) ) ;
#3086 = CARTESIAN_POINT ( 'NONE',  ( 1.296218617306338805, -0.2092853712438586533, 0.1259842519685039353 ) ) ;
#3087 = ORIENTED_EDGE ( 'NONE', *, *, #4711, .F. ) ;
#3088 = AXIS2_PLACEMENT_3D ( 'NONE', #3307, #1702, #1322 ) ;
#3089 = CARTESIAN_POINT ( 'NONE',  ( 1.138849836336185195, -0.01541307663768504144, 0.1259842519685039353 ) ) ;
#3090 = DIRECTION ( 'NONE',  ( 0.000000000000000000, 0.000000000000000000, -1.000000000000000000 ) ) ;
#3091 = VECTOR ( 'NONE', #4709, 39.37007874015748143 ) ;
#3092 = DIRECTION ( 'NONE',  ( 0.000000000000000000, 0.000000000000000000, 1.000000000000000000 ) ) ;
#3093 = ORIENTED_EDGE ( 'NONE', *, *, #1267, .F. ) ;
#3094 = ADVANCED_FACE ( 'NONE', ( #844 ), #1612, .F. ) ;
#3095 = LINE ( 'NONE', #5084, #5261 ) ;
#3096 = EDGE_LOOP ( 'NONE', ( #2271, #3137, #1539, #3209 ) ) ;
#3097 = AXIS2_PLACEMENT_3D ( 'NONE', #2490, #457, #4014 ) ;
#3098 = CARTESIAN_POINT ( 'NONE',  ( 1.550155625180354546, -0.01541307663766153767, 0.1417322834645669549 ) ) ;
#3099 = VERTEX_POINT ( 'NONE', #1724 ) ;
#3100 = CARTESIAN_POINT ( 'NONE',  ( 1.292281609432311296, 0.3310436162757008360, 0.05905511811023622659 ) ) ;
#3101 = CARTESIAN_POINT ( 'NONE',  ( 1.550155625180354546, -0.01541307663766153767, 0.1259842519685039353 ) ) ;
#3102 = EDGE_CURVE ( 'NONE', #19, #17, #4354, .T. ) ;
#3103 = LINE ( 'NONE', #2730, #149 ) ;
#3104 = ORIENTED_EDGE ( 'NONE', *, *, #3458, .F. ) ;
#3105 = CARTESIAN_POINT ( 'NONE',  ( 1.138849836336185195, -0.01541307663768504144, -0.1102362204724409434 ) ) ;
#3106 = DIRECTION ( 'NONE',  ( -1.000000000000000000, 0.000000000000000000, 0.000000000000000000 ) ) ;
#3107 = DIRECTION ( 'NONE',  ( 0.000000000000000000, 0.000000000000000000, -1.000000000000000000 ) ) ;
#3108 = EDGE_CURVE ( 'NONE', #3497, #4218, #4160, .T. ) ;
#3109 = ORIENTED_EDGE ( 'NONE', *, *, #1563, .T. ) ;
#3110 = DIRECTION ( 'NONE',  ( 1.000000000000000000, 1.132880637372596148E-14, 0.000000000000000000 ) ) ;
#3111 = DIRECTION ( 'NONE',  ( 0.000000000000000000, -1.000000000000000000, 9.680376540049299926E-18 ) ) ;
#3112 = EDGE_CURVE ( 'NONE', #2643, #1829, #3328, .T. ) ;
#3113 = DIRECTION ( 'NONE',  ( 0.000000000000000000, 0.000000000000000000, 1.000000000000000000 ) ) ;
#3114 = VERTEX_POINT ( 'NONE', #813 ) ;
#3115 = CARTESIAN_POINT ( 'NONE',  ( 1.294361647359807188, -0.05084614750382669690, 0.1259842519685039353 ) ) ;
#3116 = DIRECTION ( 'NONE',  ( 0.000000000000000000, 0.000000000000000000, -1.000000000000000000 ) ) ;
#3117 = PLANE ( 'NONE',  #1295 ) ;
#3118 = ORIENTED_EDGE ( 'NONE', *, *, #3544, .T. ) ;
#3119 = ORIENTED_EDGE ( 'NONE', *, *, #2726, .T. ) ;
#3120 = CARTESIAN_POINT ( 'NONE',  ( 1.390706806282705266, 0.3113585769056220753, -0.05905511811023622659 ) ) ;
#3121 = ORIENTED_EDGE ( 'NONE', *, *, #1750, .T. ) ;
#3122 = CARTESIAN_POINT ( 'NONE',  ( 1.491212041060598459, -0.01541307663768504144, 0.1259842519685039353 ) ) ;
#3123 = ORIENTED_EDGE ( 'NONE', *, *, #4799, .T. ) ;
#3124 = AXIS2_PLACEMENT_3D ( 'NONE', #3567, #1074, #5183 ) ;
#3125 = CARTESIAN_POINT ( 'NONE',  ( 1.081651688172472481, 0.1184451910788427292, -0.1102362204724409434 ) ) ;
#3126 = ORIENTED_EDGE ( 'NONE', *, *, #1423, .T. ) ;
#3127 = DIRECTION ( 'NONE',  ( 1.000000000000000000, 0.000000000000000000, 0.000000000000000000 ) ) ;
#3128 = LINE ( 'NONE', #3472, #3050 ) ;
#3129 = VERTEX_POINT ( 'NONE', #43 ) ;
#3130 = CARTESIAN_POINT ( 'NONE',  ( 1.193856412581917326, 0.3113585769056299024, 0.1259842519685039353 ) ) ;
#3131 = VECTOR ( 'NONE', #2769, 39.37007874015748143 ) ;
#3132 = EDGE_CURVE ( 'NONE', #2867, #3940, #2474, .T. ) ;
#3133 = FACE_OUTER_BOUND ( 'NONE', #1941, .T. ) ;
#3134 = EDGE_CURVE ( 'NONE', #1891, #822, #3301, .T. ) ;
#3135 = CARTESIAN_POINT ( 'NONE',  ( 1.550155625180354546, -0.05478315537781906774, 0.1102362204724409434 ) ) ;
#3136 = CIRCLE ( 'NONE', #2361, 0.009845000097158516927 ) ;
#3137 = ORIENTED_EDGE ( 'NONE', *, *, #1011, .T. ) ;
#3138 = AXIS2_PLACEMENT_3D ( 'NONE', #268, #3531, #5148 ) ;
#3139 = CARTESIAN_POINT ( 'NONE',  ( 1.390706806282705266, 0.1341932225749137841, 0.05905511811023622659 ) ) ;
#3140 = CARTESIAN_POINT ( 'NONE',  ( 1.699761924392941159, 0.1184451910788427292, 0.1259842519685039353 ) ) ;
#3141 = VECTOR ( 'NONE', #3113, 39.37007874015748143 ) ;
#3142 = DIRECTION ( 'NONE',  ( 0.000000000000000000, -1.000000000000000000, 0.000000000000000000 ) ) ;
#3143 = VERTEX_POINT ( 'NONE', #872 ) ;
#3144 = CARTESIAN_POINT ( 'NONE',  ( 1.164328853526799490, 0.1066341674568033471, 0.1259842519685039353 ) ) ;
#3145 = EDGE_CURVE ( 'NONE', #4260, #1891, #4874, .T. ) ;
#3146 = CARTESIAN_POINT ( 'NONE',  ( 1.644760244983787700, -0.2093104702001736261, -0.05708661417322834220 ) ) ;
#3147 = AXIS2_PLACEMENT_3D ( 'NONE', #3952, #3549, #1188 ) ;
#3148 = CARTESIAN_POINT ( 'NONE',  ( 1.438064883179677178, -0.2092853712438586533, -0.05708661417322834220 ) ) ;
#3149 = ORIENTED_EDGE ( 'NONE', *, *, #2616, .F. ) ;
#3150 = ORIENTED_EDGE ( 'NONE', *, *, #1838, .F. ) ;
#3151 = DIRECTION ( 'NONE',  ( 0.000000000000000000, 0.000000000000000000, -1.000000000000000000 ) ) ;
#3152 = VERTEX_POINT ( 'NONE', #3737 ) ;
#3153 = EDGE_CURVE ( 'NONE', #990, #1668, #469, .T. ) ;
#3154 = DIRECTION ( 'NONE',  ( 0.000000000000000000, 0.000000000000000000, 1.000000000000000000 ) ) ;
#3155 = ORIENTED_EDGE ( 'NONE', *, *, #1388, .T. ) ;
#3156 = LINE ( 'NONE', #4355, #2702 ) ;
#3157 = SURFACE_STYLE_USAGE ( .BOTH. , #1519 ) ;
#3158 = ORIENTED_EDGE ( 'NONE', *, *, #3223, .F. ) ;
#3159 = CARTESIAN_POINT ( 'NONE',  ( 1.371021766912626116, 0.3310436162757008360, 0.1259842519685039353 ) ) ;
#3160 = DIRECTION ( 'NONE',  ( -1.000000000000000000, 0.000000000000000000, 0.000000000000000000 ) ) ;
#3161 = CARTESIAN_POINT ( 'NONE',  ( 1.337557199983492318, 0.1066341674568033471, -0.1102362204724409434 ) ) ;
#3162 = VERTEX_POINT ( 'NONE', #2014 ) ;
#3163 = EDGE_CURVE ( 'NONE', #3059, #4983, #893, .T. ) ;
#3164 = VECTOR ( 'NONE', #198, 39.37007874015748143 ) ;
#3165 = CARTESIAN_POINT ( 'NONE',  ( 1.233226491322078733, 0.1066341674568033471, 0.1102362204724409434 ) ) ;
#3166 = DIRECTION ( 'NONE',  ( 1.000000000000000000, 0.000000000000000000, 0.000000000000000000 ) ) ;
#3167 = ADVANCED_FACE ( 'NONE', ( #3764 ), #3354, .F. ) ;
#3168 = DIRECTION ( 'NONE',  ( -0.7071067811866059705, -0.7071067811864890640, -3.066586833366434581E-17 ) ) ;
#3169 = AXIS2_PLACEMENT_3D ( 'NONE', #3640, #2839, #1570 ) ;
#3170 = FACE_BOUND ( 'NONE', #3220, .T. ) ;
#3171 = CARTESIAN_POINT ( 'NONE',  ( 1.274676607989728261, -0.07446819474792892857, -0.1259842519685039353 ) ) ;
#3172 = VECTOR ( 'NONE', #1060, 39.37007874015748143 ) ;
#3173 = ORIENTED_EDGE ( 'NONE', *, *, #625, .T. ) ;
#3174 = EDGE_LOOP ( 'NONE', ( #2934, #3776, #5226, #128 ) ) ;
#3175 = EDGE_CURVE ( 'NONE', #358, #3152, #1238, .T. ) ;
#3176 = DIRECTION ( 'NONE',  ( 1.000000000000000000, -4.625929269271509777E-14, 0.000000000000000000 ) ) ;
#3177 = ORIENTED_EDGE ( 'NONE', *, *, #389, .F. ) ;
#3178 = VECTOR ( 'NONE', #4317, 39.37007874015748143 ) ;
#3179 = CARTESIAN_POINT ( 'NONE',  ( 1.296218617306338805, -0.05478315537783488842, 0.1259842519685039353 ) ) ;
#3180 = LINE ( 'NONE', #1119, #1073 ) ;
#3181 = EDGE_CURVE ( 'NONE', #5249, #3059, #1216, .T. ) ;
#3182 = DIRECTION ( 'NONE',  ( 0.000000000000000000, 1.000000000000000000, 0.000000000000000000 ) ) ;
#3183 = ORIENTED_EDGE ( 'NONE', *, *, #5253, .T. ) ;
#3184 = LINE ( 'NONE', #3105, #736 ) ;
#3185 = FACE_OUTER_BOUND ( 'NONE', #1426, .T. ) ;
#3186 = DIRECTION ( 'NONE',  ( 0.000000000000000000, 0.000000000000000000, 1.000000000000000000 ) ) ;
#3187 = ORIENTED_EDGE ( 'NONE', *, *, #804, .F. ) ;
#3188 = CARTESIAN_POINT ( 'NONE',  ( 1.361179247227586764, 0.1066341674567956588, 0.1259842519685039353 ) ) ;
#3189 = EDGE_CURVE ( 'NONE', #3940, #1387, #4973, .T. ) ;
#3190 = DIRECTION ( 'NONE',  ( 0.000000000000000000, 0.000000000000000000, -1.000000000000000000 ) ) ;
#3191 = LINE ( 'NONE', #435, #1262 ) ;
#3192 = DIRECTION ( 'NONE',  ( 0.000000000000000000, 1.000000000000000000, 0.000000000000000000 ) ) ;
#3193 = EDGE_CURVE ( 'NONE', #2489, #2806, #3276, .T. ) ;
#3194 = CARTESIAN_POINT ( 'NONE',  ( 1.337557199983492318, 0.03970503359852826930, -0.1102362204724409434 ) ) ;
#3195 = ORIENTED_EDGE ( 'NONE', *, *, #656, .T. ) ;
#3196 = ORIENTED_EDGE ( 'NONE', *, *, #3210, .F. ) ;
#3197 = CARTESIAN_POINT ( 'NONE',  ( 1.536487631611791249, -0.2102457538030161610, -0.04133858267716536417 ) ) ;
#3198 = EDGE_LOOP ( 'NONE', ( #2118, #361, #3300, #3109 ) ) ;
#3199 = DIRECTION ( 'NONE',  ( 0.000000000000000000, 0.000000000000000000, -1.000000000000000000 ) ) ;
#3200 = EDGE_LOOP ( 'NONE', ( #1070, #4343, #899, #2506 ) ) ;
#3201 = CARTESIAN_POINT ( 'NONE',  ( 1.231369521375566878, -0.2092602722875436805, -0.04133858267716536417 ) ) ;
#3202 = LINE ( 'NONE', #1973, #4241 ) ;
#3203 = ORIENTED_EDGE ( 'NONE', *, *, #3888, .T. ) ;
#3204 = DIRECTION ( 'NONE',  ( 0.000000000000000000, -1.000000000000000000, 9.680376540049299926E-18 ) ) ;
#3205 = CARTESIAN_POINT ( 'NONE',  ( 1.510897080430673389, -0.07446819474792892857, -0.1259842519685039353 ) ) ;
#3206 = ADVANCED_FACE ( 'NONE', ( #1235 ), #1184, .F. ) ;
#3207 = CARTESIAN_POINT ( 'NONE',  ( 1.699761924392941159, -0.08627921836996831073, -0.1259842519685039353 ) ) ;
#3208 = DIRECTION ( 'NONE',  ( 1.000000000000000000, 0.000000000000000000, 0.000000000000000000 ) ) ;
#3209 = ORIENTED_EDGE ( 'NONE', *, *, #408, .T. ) ;
#3210 = EDGE_CURVE ( 'NONE', #2292, #1835, #2875, .T. ) ;
#3211 = CIRCLE ( 'NONE', #2873, 0.009845000097158516927 ) ;
#3212 = LINE ( 'NONE', #4017, #5161 ) ;
#3213 = DIRECTION ( 'NONE',  ( 0.000000000000000000, 1.000000000000000000, 0.000000000000000000 ) ) ;
#3214 = LINE ( 'NONE', #4842, #4085 ) ;
#3215 = AXIS2_PLACEMENT_3D ( 'NONE', #764, #2131, #3254 ) ;
#3216 = PLANE ( 'NONE',  #989 ) ;
#3217 = AXIS2_PLACEMENT_3D ( 'NONE', #4860, #2714, #832 ) ;
#3218 = DIRECTION ( 'NONE',  ( 0.000000000000000000, 0.000000000000000000, -1.000000000000000000 ) ) ;
#3219 = ORIENTED_EDGE ( 'NONE', *, *, #794, .T. ) ;
#3220 = EDGE_LOOP ( 'NONE', ( #760, #4237, #4783, #1999 ) ) ;
#3221 = CARTESIAN_POINT ( 'NONE',  ( 1.361179247227586764, 0.1066341674567956588, 0.1259842519685039353 ) ) ;
#3222 = ORIENTED_EDGE ( 'NONE', *, *, #948, .T. ) ;
#3223 = EDGE_CURVE ( 'NONE', #3842, #4570, #2073, .T. ) ;
#3224 = VECTOR ( 'NONE', #3775, 39.37007874015748143 ) ;
#3225 = DIRECTION ( 'NONE',  ( 0.000000000000000000, 0.000000000000000000, -1.000000000000000000 ) ) ;
#3226 = AXIS2_PLACEMENT_3D ( 'NONE', #5104, #1448, #1394 ) ;
#3227 = ORIENTED_EDGE ( 'NONE', *, *, #3415, .F. ) ;
#3228 = VERTEX_POINT ( 'NONE', #3298 ) ;
#3229 = DIRECTION ( 'NONE',  ( 0.000000000000000000, -1.000000000000000000, 0.000000000000000000 ) ) ;
#3230 = ORIENTED_EDGE ( 'NONE', *, *, #3017, .F. ) ;
#3231 = CARTESIAN_POINT ( 'NONE',  ( -1.088107366759385908, 0.1184451910788580781, 0.1259842519685039353 ) ) ;
#3232 = DIRECTION ( 'NONE',  ( 6.938893903907239737E-14, 0.000000000000000000, 1.000000000000000000 ) ) ;
#3233 = DIRECTION ( 'NONE',  ( 1.000000000000000000, -5.551115123125730637E-15, 0.000000000000000000 ) ) ;
#3234 = CARTESIAN_POINT ( 'NONE',  ( 1.274676607989728261, -0.05084614750382669690, 0.1259842519685039353 ) ) ;
#3235 = CYLINDRICAL_SURFACE ( 'NONE', #657, 0.009845000097158516927 ) ;
#3236 = ORIENTED_EDGE ( 'NONE', *, *, #1886, .F. ) ;
#3237 = ADVANCED_FACE ( 'NONE', ( #1293 ), #2822, .F. ) ;
#3238 = DIRECTION ( 'NONE',  ( -1.000000000000000000, 4.625929269271509777E-14, 0.000000000000000000 ) ) ;
#3239 = AXIS2_PLACEMENT_3D ( 'NONE', #2577, #564, #914 ) ;
#3240 = CARTESIAN_POINT ( 'NONE',  ( 1.589525703920500188, 0.1223821989528586507, 0.06692913385826770867 ) ) ;
#3241 = EDGE_CURVE ( 'NONE', #3302, #4358, #2500, .T. ) ;
#3242 = CARTESIAN_POINT ( 'NONE',  ( 1.371021766912626116, 0.3310436162757008360, 0.05905511811023622659 ) ) ;
#3243 = CARTESIAN_POINT ( 'NONE',  ( 1.294361647359807188, -0.05084614750382669690, 0.1102362204724409434 ) ) ;
#3244 = CARTESIAN_POINT ( 'NONE',  ( 1.550267159170830578, -0.07446819474792892857, 0.1102362204724409434 ) ) ;
#3245 = VECTOR ( 'NONE', #3403, 39.37007874015748143 ) ;
#3246 = DIRECTION ( 'NONE',  ( -1.000000000000000000, 0.000000000000000000, 0.000000000000000000 ) ) ;
#3247 = CARTESIAN_POINT ( 'NONE',  ( 1.193856412581917326, 0.3113585769056299024, 0.1259842519685039353 ) ) ;
#3248 = VERTEX_POINT ( 'NONE', #4499 ) ;
#3249 = DIRECTION ( 'NONE',  ( -1.000000000000000000, 0.000000000000000000, 0.000000000000000000 ) ) ;
#3250 = VERTEX_POINT ( 'NONE', #3680 ) ;
#3251 = VECTOR ( 'NONE', #4440, 39.37007874015748143 ) ;
#3252 = FACE_OUTER_BOUND ( 'NONE', #4683, .T. ) ;
#3253 = ORIENTED_EDGE ( 'NONE', *, *, #102, .F. ) ;
#3254 = DIRECTION ( 'NONE',  ( 0.000000000000000000, 0.000000000000000000, 1.000000000000000000 ) ) ;
#3255 = AXIS2_PLACEMENT_3D ( 'NONE', #3547, #3895, #2263 ) ;
#3256 = EDGE_CURVE ( 'NONE', #4137, #163, #4869, .T. ) ;
#3257 = LINE ( 'NONE', #2452, #2236 ) ;
#3258 = ORIENTED_EDGE ( 'NONE', *, *, #3102, .T. ) ;
#3259 = ORIENTED_EDGE ( 'NONE', *, *, #2886, .T. ) ;
#3260 = CARTESIAN_POINT ( 'NONE',  ( 1.081651688172472481, 0.1341932225749137841, -0.1102362204724409434 ) ) ;
#3261 = ORIENTED_EDGE ( 'NONE', *, *, #4479, .F. ) ;
#3262 = AXIS2_PLACEMENT_3D ( 'NONE', #4577, #2074, #1294 ) ;
#3263 = DIRECTION ( 'NONE',  ( 0.000000000000000000, 0.000000000000000000, 1.000000000000000000 ) ) ;
#3264 = EDGE_CURVE ( 'NONE', #2862, #5168, #2442, .T. ) ;
#3265 = LINE ( 'NONE', #4887, #1800 ) ;
#3266 = CARTESIAN_POINT ( 'NONE',  ( 1.625070308777141870, -0.2092602722875436805, 0.1259842519685039353 ) ) ;
#3267 = CARTESIAN_POINT ( 'NONE',  ( 1.233226491322078733, 0.1066341674568033471, -0.1102362204724409434 ) ) ;
#3268 = VERTEX_POINT ( 'NONE', #39 ) ;
#3269 = DIRECTION ( 'NONE',  ( -4.625929269271459290E-14, -1.000000000000000000, 0.000000000000000000 ) ) ;
#3270 = DIRECTION ( 'NONE',  ( 0.000000000000000000, 1.000000000000000000, 0.000000000000000000 ) ) ;
#3271 = FACE_BOUND ( 'NONE', #5035, .T. ) ;
#3272 = LINE ( 'NONE', #92, #4605 ) ;
#3273 = EDGE_CURVE ( 'NONE', #2045, #4299, #3272, .T. ) ;
#3274 = DIRECTION ( 'NONE',  ( 1.110223024625150072E-14, -1.000000000000000000, -4.336808689941989386E-17 ) ) ;
#3275 = VERTEX_POINT ( 'NONE', #4552 ) ;
#3276 = LINE ( 'NONE', #4899, #1531 ) ;
#3277 = ORIENTED_EDGE ( 'NONE', *, *, #2301, .T. ) ;
#3278 = FACE_OUTER_BOUND ( 'NONE', #3027, .T. ) ;
#3279 = ORIENTED_EDGE ( 'NONE', *, *, #210, .F. ) ;
#3280 = FACE_OUTER_BOUND ( 'NONE', #4283, .T. ) ;
#3281 = ORIENTED_EDGE ( 'NONE', *, *, #3358, .F. ) ;
#3282 = ORIENTED_EDGE ( 'NONE', *, *, #3322, .T. ) ;
#3283 = DIRECTION ( 'NONE',  ( 0.000000000000000000, 1.000000000000000000, 0.000000000000000000 ) ) ;
#3284 = VERTEX_POINT ( 'NONE', #4472 ) ;
#3285 = DIRECTION ( 'NONE',  ( 0.000000000000000000, 1.000000000000000000, 0.000000000000000000 ) ) ;
#3286 = LINE ( 'NONE', #4910, #1027 ) ;
#3287 = ORIENTED_EDGE ( 'NONE', *, *, #1662, .T. ) ;
#3288 = DIRECTION ( 'NONE',  ( 0.000000000000000000, 0.000000000000000000, -1.000000000000000000 ) ) ;
#3289 = LINE ( 'NONE', #112, #1339 ) ;
#3290 = EDGE_CURVE ( 'NONE', #4048, #900, #1638, .T. ) ;
#3291 = CARTESIAN_POINT ( 'NONE',  ( 1.231369521375566878, -0.05478315537781906774, 0.05708661417322834220 ) ) ;
#3292 = VECTOR ( 'NONE', #204, 39.37007874015748143 ) ;
#3293 = VERTEX_POINT ( 'NONE', #891 ) ;
#3294 = DIRECTION ( 'NONE',  ( 1.000000000000000000, 1.132880637372596148E-14, 0.000000000000000000 ) ) ;
#3295 = ADVANCED_FACE ( 'NONE', ( #1265, #491, #2522, #2416 ), #1721, .T. ) ;
#3296 = VECTOR ( 'NONE', #5136, 39.37007874015748143 ) ;
#3297 = LINE ( 'NONE', #867, #394 ) ;
#3298 = CARTESIAN_POINT ( 'NONE',  ( 1.491212041060598459, -0.01541307663768504144, 0.1102362204724409434 ) ) ;
#3299 = DIRECTION ( 'NONE',  ( 0.000000000000000000, 0.000000000000000000, 1.000000000000000000 ) ) ;
#3300 = ORIENTED_EDGE ( 'NONE', *, *, #1449, .F. ) ;
#3301 = LINE ( 'NONE', #4924, #4099 ) ;
#3302 = VERTEX_POINT ( 'NONE', #4046 ) ;
#3303 = LINE ( 'NONE', #4162, #2122 ) ;
#3304 = EDGE_LOOP ( 'NONE', ( #2687, #2859, #3664, #3047 ) ) ;
#3305 = ADVANCED_FACE ( 'NONE', ( #4131 ), #380, .F. ) ;
#3306 = VECTOR ( 'NONE', #1357, 39.37007874015748143 ) ;
#3307 = CARTESIAN_POINT ( 'NONE',  ( 1.646723852084220674, -0.08627921836996831073, 0.1259842519685039353 ) ) ;
#3308 = ORIENTED_EDGE ( 'NONE', *, *, #3533, .T. ) ;
#3309 = ORIENTED_EDGE ( 'NONE', *, *, #988, .T. ) ;
#3310 = LINE ( 'NONE', #2136, #3659 ) ;
#3311 = ORIENTED_EDGE ( 'NONE', *, *, #397, .F. ) ;
#3312 = VECTOR ( 'NONE', #901, 39.37007874015748143 ) ;
#3313 = ADVANCED_FACE ( 'NONE', ( #3733 ), #67, .F. ) ;
#3314 = CARTESIAN_POINT ( 'NONE',  ( 1.140706806282716590, -0.05478315537783488842, 0.1259842519685039353 ) ) ;
#3315 = VECTOR ( 'NONE', #4261, 39.37007874015748143 ) ;
#3316 = PLANE ( 'NONE',  #1885 ) ;
#3317 = ORIENTED_EDGE ( 'NONE', *, *, #3132, .T. ) ;
#3318 = PLANE ( 'NONE',  #2066 ) ;
#3319 = FACE_OUTER_BOUND ( 'NONE', #4458, .T. ) ;
#3320 = ORIENTED_EDGE ( 'NONE', *, *, #4322, .F. ) ;
#3321 = PLANE ( 'NONE',  #8 ) ;
#3322 = EDGE_CURVE ( 'NONE', #1586, #1376, #3761, .T. ) ;
#3323 = LINE ( 'NONE', #2899, #2818 ) ;
#3324 = DIRECTION ( 'NONE',  ( 0.000000000000000000, -1.000000000000000000, 0.000000000000000000 ) ) ;
#3325 = DIRECTION ( 'NONE',  ( 0.000000000000000000, 1.000000000000000000, 0.000000000000000000 ) ) ;
#3326 = CARTESIAN_POINT ( 'NONE',  ( 1.489132003133110338, -0.2092853712438586533, 0.1259842519685039353 ) ) ;
#3327 = ADVANCED_FACE ( 'NONE', ( #1212 ), #2849, .T. ) ;
#3328 = LINE ( 'NONE', #4554, #766 ) ;
#3329 = ORIENTED_EDGE ( 'NONE', *, *, #840, .F. ) ;
#3330 = DIRECTION ( 'NONE',  ( 0.000000000000000000, 0.000000000000000000, -1.000000000000000000 ) ) ;
#3331 = ORIENTED_EDGE ( 'NONE', *, *, #1848, .F. ) ;
#3332 = VECTOR ( 'NONE', #4129, 39.37007874015748143 ) ;
#3333 = FACE_OUTER_BOUND ( 'NONE', #4250, .T. ) ;
#3334 = ADVANCED_FACE ( 'NONE', ( #516 ), #3029, .F. ) ;
#3335 = CIRCLE ( 'NONE', #4786, 0.009845000097158516927 ) ;
#3336 = EDGE_LOOP ( 'NONE', ( #3219, #71, #2033, #3016 ) ) ;
#3337 = VERTEX_POINT ( 'NONE', #542 ) ;
#3338 = FACE_OUTER_BOUND ( 'NONE', #4861, .T. ) ;
#3339 = VERTEX_POINT ( 'NONE', #5073 ) ;
#3340 = AXIS2_PLACEMENT_3D ( 'NONE', #2969, #1308, #932 ) ;
#3341 = CARTESIAN_POINT ( 'NONE',  ( 1.699761924392941159, 0.1184451910788427292, -0.1102362204724409434 ) ) ;
#3342 = PLANE ( 'NONE',  #692 ) ;
#3343 = EDGE_CURVE ( 'NONE', #710, #1277, #1315, .T. ) ;
#3344 = DIRECTION ( 'NONE',  ( 0.000000000000000000, 1.000000000000000000, 0.000000000000000000 ) ) ;
#3345 = VECTOR ( 'NONE', #898, 39.37007874015748143 ) ;
#3346 = DIRECTION ( 'NONE',  ( 0.000000000000000000, 1.000000000000000000, 0.000000000000000000 ) ) ;
#3347 = ORIENTED_EDGE ( 'NONE', *, *, #1502, .F. ) ;
#3348 = AXIS2_PLACEMENT_3D ( 'NONE', #1722, #919, #3353 ) ;
#3349 = CARTESIAN_POINT ( 'NONE',  ( 1.438064883179677178, -0.2092853712438586533, 0.1259842519685039353 ) ) ;
#3350 = DIRECTION ( 'NONE',  ( 0.000000000000000000, 0.000000000000000000, -1.000000000000000000 ) ) ;
#3351 = EDGE_CURVE ( 'NONE', #3293, #2832, #142, .T. ) ;
#3352 = DIRECTION ( 'NONE',  ( 0.000000000000000000, 0.000000000000000000, 1.000000000000000000 ) ) ;
#3353 = DIRECTION ( 'NONE',  ( -0.7071067811865670016, 0.7071067811865280328, 0.000000000000000000 ) ) ;
#3354 = PLANE ( 'NONE',  #3931 ) ;
#3355 = ORIENTED_EDGE ( 'NONE', *, *, #687, .F. ) ;
#3356 = LINE ( 'NONE', #4477, #4508 ) ;
#3357 = ORIENTED_EDGE ( 'NONE', *, *, #2980, .F. ) ;
#3358 = EDGE_CURVE ( 'NONE', #6, #2668, #2176, .T. ) ;
#3359 = DIRECTION ( 'NONE',  ( 0.000000000000000000, -1.486905836551550065E-14, -1.000000000000000000 ) ) ;
#3360 = FACE_OUTER_BOUND ( 'NONE', #4398, .T. ) ;
#3361 = ORIENTED_EDGE ( 'NONE', *, *, #3112, .F. ) ;
#3362 = EDGE_LOOP ( 'NONE', ( #27, #3258, #1045, #2483 ) ) ;
#3363 = DIRECTION ( 'NONE',  ( 0.000000000000000000, 0.000000000000000000, -1.000000000000000000 ) ) ;
#3364 = EDGE_LOOP ( 'NONE', ( #283, #2926, #3580, #2349 ) ) ;
#3365 = EDGE_CURVE ( 'NONE', #17, #4588, #1827, .T. ) ;
#3366 = CARTESIAN_POINT ( 'NONE',  ( 1.438064883179677178, -0.2092853712438586533, -0.04133858267716536417 ) ) ;
#3367 = CARTESIAN_POINT ( 'NONE',  ( 1.233226491322074958, 0.03970503359852826930, -0.1259842519685039353 ) ) ;
#3368 = FACE_OUTER_BOUND ( 'NONE', #2915, .T. ) ;
#3369 = DIRECTION ( 'NONE',  ( 0.000000000000000000, 0.000000000000000000, -1.000000000000000000 ) ) ;
#3370 = ORIENTED_EDGE ( 'NONE', *, *, #3854, .T. ) ;
#3371 = EDGE_CURVE ( 'NONE', #295, #1891, #1775, .T. ) ;
#3372 = CARTESIAN_POINT ( 'NONE',  ( 1.536487631611791249, -0.2102457538030161610, 0.05708661417322834220 ) ) ;
#3373 = DIRECTION ( 'NONE',  ( 0.000000000000000000, 0.000000000000000000, -1.000000000000000000 ) ) ;
#3374 = ADVANCED_FACE ( 'NONE', ( #968 ), #2257, .F. ) ;
#3375 = LINE ( 'NONE', #3811, #431 ) ;
#3376 = LINE ( 'NONE', #3326, #1037 ) ;
#3377 = FACE_OUTER_BOUND ( 'NONE', #4313, .T. ) ;
#3378 = VERTEX_POINT ( 'NONE', #566 ) ;
#3379 = DIRECTION ( 'NONE',  ( 0.000000000000000000, 1.000000000000000000, 0.000000000000000000 ) ) ;
#3380 = DIRECTION ( 'NONE',  ( 0.000000000000000000, 0.000000000000000000, -1.000000000000000000 ) ) ;
#3381 = AXIS2_PLACEMENT_3D ( 'NONE', #4071, #3324, #2387 ) ;
#3382 = DIRECTION ( 'NONE',  ( 1.000000000000000000, -5.551115123125780178E-14, 0.000000000000000000 ) ) ;
#3383 = DIRECTION ( 'NONE',  ( 0.000000000000000000, 0.000000000000000000, 1.000000000000000000 ) ) ;
#3384 = EDGE_LOOP ( 'NONE', ( #2544, #4294, #2619, #759 ) ) ;
#3385 = ORIENTED_EDGE ( 'NONE', *, *, #718, .F. ) ;
#3386 = ADVANCED_FACE ( 'NONE', ( #1852 ), #2631, .T. ) ;
#3387 = CARTESIAN_POINT ( 'NONE',  ( 1.644760244983787700, -0.2093104702001736261, -0.04133858267716536417 ) ) ;
#3388 = ORIENTED_EDGE ( 'NONE', *, *, #2935, .F. ) ;
#3389 = VECTOR ( 'NONE', #3638, 39.37007874015748854 ) ;
#3390 = CARTESIAN_POINT ( 'NONE',  ( 1.069840664550433251, -0.05478315537781906774, 0.05708661417322834220 ) ) ;
#3391 = VECTOR ( 'NONE', #5093, 39.37007874015748143 ) ;
#3392 = ORIENTED_EDGE ( 'NONE', *, *, #2856, .F. ) ;
#3393 = DIRECTION ( 'NONE',  ( 0.000000000000000000, 0.000000000000000000, -1.000000000000000000 ) ) ;
#3394 = EDGE_CURVE ( 'NONE', #2932, #2749, #3375, .T. ) ;
#3395 = CARTESIAN_POINT ( 'NONE',  ( 1.268659562188216627, 0.03970503359852826930, 0.1102362204724409434 ) ) ;
#3396 = ORIENTED_EDGE ( 'NONE', *, *, #4233, .F. ) ;
#3397 = AXIS2_PLACEMENT_3D ( 'NONE', #2427, #2511, #1706 ) ;
#3398 = CARTESIAN_POINT ( 'NONE',  ( 1.235306529249574847, -0.07446819474792892857, 0.1102362204724409434 ) ) ;
#3399 = ADVANCED_FACE ( 'NONE', ( #619 ), #4604, .F. ) ;
#3400 = ORIENTED_EDGE ( 'NONE', *, *, #590, .T. ) ;
#3401 = VECTOR ( 'NONE', #1271, 39.37007874015748854 ) ;
#3402 = CARTESIAN_POINT ( 'NONE',  ( 1.589525703920500188, 0.1223821989528586507, -0.06692913385826770867 ) ) ;
#3403 = DIRECTION ( 'NONE',  ( 0.000000000000000000, 0.000000000000000000, -1.000000000000000000 ) ) ;
#3404 = EDGE_CURVE ( 'NONE', #1788, #4025, #116, .T. ) ;
#3405 = CARTESIAN_POINT ( 'NONE',  ( 1.699761924392952706, -0.01541307663766153767, 0.1259842519685039353 ) ) ;
#3406 = ORIENTED_EDGE ( 'NONE', *, *, #3843, .T. ) ;
#3407 = DIRECTION ( 'NONE',  ( -1.000000000000000000, 0.000000000000000000, 0.000000000000000000 ) ) ;
#3408 = FACE_OUTER_BOUND ( 'NONE', #2013, .T. ) ;
#3409 = DIRECTION ( 'NONE',  ( 1.000000000000000000, 0.000000000000000000, 0.000000000000000000 ) ) ;
#3410 = EDGE_LOOP ( 'NONE', ( #3087, #2692, #98, #2634 ) ) ;
#3411 = EDGE_LOOP ( 'NONE', ( #1454, #4125, #3126, #714, #5070, #2344, #796, #2517, #2249, #5040, #3522, #3800, #2509, #3767, #843, #2878, #3317, #4668, #1138, #2893 ) ) ;
#3412 = AXIS2_PLACEMENT_3D ( 'NONE', #2007, #1607, #3270 ) ;
#3413 = DIRECTION ( 'NONE',  ( -1.000000000000000000, 0.000000000000000000, 0.000000000000000000 ) ) ;
#3414 = ORIENTED_EDGE ( 'NONE', *, *, #1705, .T. ) ;
#3415 = EDGE_CURVE ( 'NONE', #2173, #4570, #3431, .T. ) ;
#3416 = VERTEX_POINT ( 'NONE', #1416 ) ;
#3417 = VECTOR ( 'NONE', #4714, 39.37007874015748143 ) ;
#3418 = LINE ( 'NONE', #4220, #2658 ) ;
#3419 = VERTEX_POINT ( 'NONE', #199 ) ;
#3420 = CARTESIAN_POINT ( 'NONE',  ( 1.489132003133110338, -0.01541307663766153767, 0.1259842519685039353 ) ) ;
#3421 = CARTESIAN_POINT ( 'NONE',  ( 1.589525703920500188, 0.1341932225749063179, 0.06692913385826770867 ) ) ;
#3422 = ORIENTED_EDGE ( 'NONE', *, *, #2087, .F. ) ;
#3423 = VECTOR ( 'NONE', #216, 39.37007874015748143 ) ;
#3424 = DIRECTION ( 'NONE',  ( 0.000000000000000000, 0.000000000000000000, -1.000000000000000000 ) ) ;
#3425 = EDGE_CURVE ( 'NONE', #4329, #1485, #1745, .T. ) ;
#3426 = LINE ( 'NONE', #4571, #4363 ) ;
#3427 = VECTOR ( 'NONE', #4353, 39.37007874015748143 ) ;
#3428 = ORIENTED_EDGE ( 'NONE', *, *, #2968, .F. ) ;
#3429 = DIRECTION ( 'NONE',  ( 1.000000000000000000, -4.625929269271509777E-14, 4.478073717418334673E-31 ) ) ;
#3430 = VECTOR ( 'NONE', #3274, 39.37007874015748143 ) ;
#3431 = LINE ( 'NONE', #2151, #4609 ) ;
#3432 = AXIS2_PLACEMENT_3D ( 'NONE', #4093, #428, #1256 ) ;
#3433 = CARTESIAN_POINT ( 'NONE',  ( 1.164328853526799490, 0.1066341674568033471, -0.1102362204724409434 ) ) ;
#3434 = ORIENTED_EDGE ( 'NONE', *, *, #382, .T. ) ;
#3435 = CARTESIAN_POINT ( 'NONE',  ( 1.296218617306338805, -0.05478315537781906774, 0.1102362204724409434 ) ) ;
#3436 = ADVANCED_FACE ( 'NONE', ( #993 ), #1340, .T. ) ;
#3437 = DIRECTION ( 'NONE',  ( 0.000000000000000000, -1.000000000000000000, 0.000000000000000000 ) ) ;
#3438 = FACE_OUTER_BOUND ( 'NONE', #5094, .T. ) ;
#3439 = ORIENTED_EDGE ( 'NONE', *, *, #1489, .T. ) ;
#3440 = EDGE_LOOP ( 'NONE', ( #4933, #1583, #3329, #2554 ) ) ;
#3441 = LINE ( 'NONE', #5058, #2028 ) ;
#3442 = ORIENTED_EDGE ( 'NONE', *, *, #4391, .F. ) ;
#3443 = EDGE_CURVE ( 'NONE', #3129, #4137, #222, .T. ) ;
#3444 = ORIENTED_EDGE ( 'NONE', *, *, #161, .T. ) ;
#3445 = DIRECTION ( 'NONE',  ( 1.000000000000000000, -1.132880637372604036E-14, 0.000000000000000000 ) ) ;
#3446 = PRODUCT_CONTEXT ( 'NONE', #2963, 'mechanical' ) ;
#3447 = CARTESIAN_POINT ( 'NONE',  ( 1.140706806282716590, -0.01541307663766153767, 0.1102362204724409434 ) ) ;
#3448 = ORIENTED_EDGE ( 'NONE', *, *, #94, .F. ) ;
#3449 = LINE ( 'NONE', #2704, #137 ) ;
#3450 = CARTESIAN_POINT ( 'NONE',  ( 1.268659562188216627, 0.1066341674568033471, 0.1259842519685039353 ) ) ;
#3451 = ORIENTED_EDGE ( 'NONE', *, *, #969, .T. ) ;
#3452 = ORIENTED_EDGE ( 'NONE', *, *, #4670, .F. ) ;
#3453 = EDGE_CURVE ( 'NONE', #3462, #2867, #4995, .T. ) ;
#3454 = CARTESIAN_POINT ( 'NONE',  ( 1.193856412581917326, 0.1223821989528663390, 0.06692913385826770867 ) ) ;
#3455 = CARTESIAN_POINT ( 'NONE',  ( 1.193856412581917326, 0.1184451910788504175, -0.1102362204724409434 ) ) ;
#3456 = DIRECTION ( 'NONE',  ( 5.551115123125780178E-14, 1.000000000000000000, 0.000000000000000000 ) ) ;
#3457 = ORIENTED_EDGE ( 'NONE', *, *, #121, .F. ) ;
#3458 = EDGE_CURVE ( 'NONE', #1511, #2591, #3942, .T. ) ;
#3459 = CARTESIAN_POINT ( 'NONE',  ( 1.646723852084220674, -0.01541307663768504144, 0.1259842519685039353 ) ) ;
#3460 = DIRECTION ( 'NONE',  ( 0.000000000000000000, 1.000000000000000000, 0.000000000000000000 ) ) ;
#3461 = CARTESIAN_POINT ( 'NONE',  ( 1.241214489478889904, -0.2092853712438586533, -0.05708661417322834220 ) ) ;
#3462 = VERTEX_POINT ( 'NONE', #2792 ) ;
#3463 = ORIENTED_EDGE ( 'NONE', *, *, #102, .T. ) ;
#3464 = ADVANCED_FACE ( 'NONE', ( #2384 ), #4419, .T. ) ;
#3465 = DIRECTION ( 'NONE',  ( 0.000000000000000000, -1.000000000000000000, 0.000000000000000000 ) ) ;
#3466 = ORIENTED_EDGE ( 'NONE', *, *, #2645, .T. ) ;
#3467 = VECTOR ( 'NONE', #5237, 39.37007874015748143 ) ;
#3468 = DIRECTION ( 'NONE',  ( 1.000000000000000000, 0.000000000000000000, 0.000000000000000000 ) ) ;
#3469 = EDGE_LOOP ( 'NONE', ( #2922, #4643, #4980, #953 ) ) ;
#3470 = DIRECTION ( 'NONE',  ( 0.000000000000000000, -1.000000000000000000, 0.000000000000000000 ) ) ;
#3471 = EDGE_CURVE ( 'NONE', #2220, #1358, #5156, .T. ) ;
#3472 = CARTESIAN_POINT ( 'NONE',  ( 1.069840664550433251, -0.05478315537781906774, -0.04133858267716536417 ) ) ;
#3473 = ORIENTED_EDGE ( 'NONE', *, *, #1874, .T. ) ;
#3474 = CIRCLE ( 'NONE', #1850, 0.009845000097158516927 ) ;
#3475 = CARTESIAN_POINT ( 'NONE',  ( 1.235194995259094597, -0.05478315537781906774, 0.1102362204724409434 ) ) ;
#3476 = VECTOR ( 'NONE', #3968, 39.37007874015748143 ) ;
#3477 = DIRECTION ( 'NONE',  ( 0.000000000000000000, 0.000000000000000000, -1.000000000000000000 ) ) ;
#3478 = CARTESIAN_POINT ( 'NONE',  ( 1.140706806282716590, -0.2092853712438586533, 0.1259842519685039353 ) ) ;
#3479 = VERTEX_POINT ( 'NONE', #299 ) ;
#3480 = LINE ( 'NONE', #4179, #2909 ) ;
#3481 = VECTOR ( 'NONE', #4142, 39.37007874015748143 ) ;
#3482 = DIRECTION ( 'NONE',  ( 4.625929269271250399E-14, 1.000000000000000000, 0.000000000000000000 ) ) ;
#3483 = EDGE_CURVE ( 'NONE', #1586, #4427, #2684, .T. ) ;
#3484 = LINE ( 'NONE', #700, #3768 ) ;
#3485 = VECTOR ( 'NONE', #5000, 39.37007874015748143 ) ;
#3486 = DIRECTION ( 'NONE',  ( 1.000000000000000000, -5.551115123125780178E-14, 0.000000000000000000 ) ) ;
#3487 = VERTEX_POINT ( 'NONE', #3967 ) ;
#3488 = PLANE ( 'NONE',  #3226 ) ;
#3489 = DIRECTION ( 'NONE',  ( 0.000000000000000000, 1.000000000000000000, 3.644377050371479832E-17 ) ) ;
#3490 = EDGE_CURVE ( 'NONE', #921, #5267, #3484, .T. ) ;
#3491 = CARTESIAN_POINT ( 'NONE',  ( 1.231369521375566878, -0.2092602722875436805, 0.1259842519685039353 ) ) ;
#3492 = EDGE_LOOP ( 'NONE', ( #4814, #2108, #5171, #3434 ) ) ;
#3493 = LINE ( 'NONE', #1456, #4338 ) ;
#3494 = ORIENTED_EDGE ( 'NONE', *, *, #22, .F. ) ;
#3495 = DIMENSIONAL_EXPONENTS ( 1.000000000000000000, 0.000000000000000000, 0.000000000000000000, 0.000000000000000000, 0.000000000000000000, 0.000000000000000000, 0.000000000000000000 ) ;
#3496 = ADVANCED_FACE ( 'NONE', ( #4736, #3514, #4340, #3992 ), #1932, .F. ) ;
#3497 = VERTEX_POINT ( 'NONE', #671 ) ;
#3498 = CARTESIAN_POINT ( 'NONE',  ( 1.699761924392952706, -0.05478315537781906774, 0.1259842519685039353 ) ) ;
#3499 = VECTOR ( 'NONE', #5262, 39.37007874015748143 ) ;
#3500 = APPLICATION_PROTOCOL_DEFINITION ( 'draft international standard', 'automotive_design', 1998, #2963 ) ;
#3501 = CARTESIAN_POINT ( 'NONE',  ( 1.390706806282705266, 0.1223821989528586507, 0.05905511811023622659 ) ) ;
#3502 = VERTEX_POINT ( 'NONE', #3140 ) ;
#3503 = FACE_OUTER_BOUND ( 'NONE', #5201, .T. ) ;
#3504 = AXIS2_PLACEMENT_3D ( 'NONE', #169, #2551, #2604 ) ;
#3505 = CARTESIAN_POINT ( 'NONE',  ( 1.447909851282999982, -0.2093104702001736261, -0.05708661417322834220 ) ) ;
#3506 = EDGE_CURVE ( 'NONE', #1869, #4218, #3568, .T. ) ;
#3507 = LINE ( 'NONE', #1042, #3600 ) ;
#3508 = LINE ( 'NONE', #4308, #3091 ) ;
#3509 = VECTOR ( 'NONE', #987, 39.37007874015748143 ) ;
#3510 = ORIENTED_EDGE ( 'NONE', *, *, #486, .T. ) ;
#3511 = LINE ( 'NONE', #2281, #511 ) ;
#3512 = CIRCLE ( 'NONE', #271, 0.009845000097158516927 ) ;
#3513 = DIRECTION ( 'NONE',  ( -1.632680918566375160E-14, -1.000000000000000000, 0.000000000000000000 ) ) ;
#3514 = FACE_BOUND ( 'NONE', #1944, .T. ) ;
#3515 = PLANE ( 'NONE',  #3990 ) ;
#3516 = ORIENTED_EDGE ( 'NONE', *, *, #1537, .T. ) ;
#3517 = FACE_OUTER_BOUND ( 'NONE', #173, .T. ) ;
#3518 = EDGE_CURVE ( 'NONE', #236, #138, #5101, .T. ) ;
#3519 = DIRECTION ( 'NONE',  ( 0.000000000000000000, 0.000000000000000000, -1.000000000000000000 ) ) ;
#3520 = VECTOR ( 'NONE', #3873, 39.37007874015748143 ) ;
#3521 = CARTESIAN_POINT ( 'NONE',  ( 1.164328853526799490, 0.1066341674568033471, -0.1259842519685039353 ) ) ;
#3522 = ORIENTED_EDGE ( 'NONE', *, *, #3181, .T. ) ;
#3523 = ORIENTED_EDGE ( 'NONE', *, *, #382, .F. ) ;
#3524 = CARTESIAN_POINT ( 'NONE',  ( 1.510897080430677164, -0.05084614750383433662, 0.1259842519685039353 ) ) ;
#3525 = ORIENTED_EDGE ( 'NONE', *, *, #794, .F. ) ;
#3526 = FACE_OUTER_BOUND ( 'NONE', #2748, .T. ) ;
#3527 = EDGE_CURVE ( 'NONE', #921, #2813, #2310, .T. ) ;
#3528 = VERTEX_POINT ( 'NONE', #1910 ) ;
#3529 = CARTESIAN_POINT ( 'NONE',  ( 1.251059457582212708, -0.05478315537781906774, -0.04133858267716536417 ) ) ;
#3530 = CARTESIAN_POINT ( 'NONE',  ( 1.428219915076354596, -0.05478315537781906774, 0.05708661417322834220 ) ) ;
#3531 = DIRECTION ( 'NONE',  ( 0.000000000000000000, 0.000000000000000000, -1.000000000000000000 ) ) ;
#3532 = EDGE_LOOP ( 'NONE', ( #1590, #4032, #1324, #3463 ) ) ;
#3533 = EDGE_CURVE ( 'NONE', #1811, #1145, #5184, .T. ) ;
#3534 = PLANE ( 'NONE',  #4579 ) ;
#3535 = DIRECTION ( 'NONE',  ( 0.000000000000000000, 1.000000000000000000, 0.000000000000000000 ) ) ;
#3536 = CARTESIAN_POINT ( 'NONE',  ( 1.550267159170830578, -0.01541307663768504144, 0.1102362204724409434 ) ) ;
#3537 = ORIENTED_EDGE ( 'NONE', *, *, #4784, .T. ) ;
#3538 = ORIENTED_EDGE ( 'NONE', *, *, #3594, .F. ) ;
#3539 = EDGE_CURVE ( 'NONE', #2729, #1680, #2738, .T. ) ;
#3540 = CARTESIAN_POINT ( 'NONE',  ( 1.233226491322074958, 0.03970503359852826930, 0.1102362204724409434 ) ) ;
#3541 = DIRECTION ( 'NONE',  ( 0.000000000000000000, 0.000000000000000000, -1.000000000000000000 ) ) ;
#3542 = DIRECTION ( 'NONE',  ( 0.000000000000000000, -1.000000000000000000, 0.000000000000000000 ) ) ;
#3543 = ORIENTED_EDGE ( 'NONE', *, *, #462, .T. ) ;
#3544 = EDGE_CURVE ( 'NONE', #957, #1504, #1444, .T. ) ;
#3545 = CARTESIAN_POINT ( 'NONE',  ( 1.274676607989728261, -0.07446819474792892857, 0.1259842519685039353 ) ) ;
#3546 = DIRECTION ( 'NONE',  ( 0.000000000000000000, -1.000000000000000000, 0.000000000000000000 ) ) ;
#3547 = CARTESIAN_POINT ( 'NONE',  ( 1.536487631611791249, -0.2102457538030161610, 0.04133858267716536417 ) ) ;
#3548 = VERTEX_POINT ( 'NONE', #1527 ) ;
#3549 = DIRECTION ( 'NONE',  ( 0.000000000000000000, 0.000000000000000000, -1.000000000000000000 ) ) ;
#3550 = ORIENTED_EDGE ( 'NONE', *, *, #2510, .T. ) ;
#3551 = DIRECTION ( 'NONE',  ( 0.000000000000000000, -1.000000000000000000, 0.000000000000000000 ) ) ;
#3552 = EDGE_CURVE ( 'NONE', #1330, #334, #4793, .T. ) ;
#3553 = LINE ( 'NONE', #3100, #3172 ) ;
#3554 = ORIENTED_EDGE ( 'NONE', *, *, #2789, .T. ) ;
#3555 = CARTESIAN_POINT ( 'NONE',  ( 1.625070308777141870, -0.05478315537781142802, 0.04133858267716536417 ) ) ;
#3556 = CARTESIAN_POINT ( 'NONE',  ( 1.550267159170830578, -0.07446819474792892857, 0.1259842519685039353 ) ) ;
#3557 = VERTEX_POINT ( 'NONE', #2766 ) ;
#3558 = DIRECTION ( 'NONE',  ( 0.000000000000000000, 0.000000000000000000, -1.000000000000000000 ) ) ;
#3559 = DIRECTION ( 'NONE',  ( 0.000000000000000000, 1.000000000000000000, -9.680376540049299926E-18 ) ) ;
#3560 = AXIS2_PLACEMENT_3D ( 'NONE', #4437, #371, #2783 ) ;
#3561 = DIRECTION ( 'NONE',  ( 0.000000000000000000, -1.000000000000000000, 0.000000000000000000 ) ) ;
#3562 = ADVANCED_FACE ( 'NONE', ( #1958 ), #4816, .F. ) ;
#3563 = CARTESIAN_POINT ( 'NONE',  ( 1.447909851282999982, -0.05478315537781906774, 0.05708661417322834220 ) ) ;
#3564 = AXIS2_PLACEMENT_3D ( 'NONE', #3812, #3890, #172 ) ;
#3565 = ORIENTED_EDGE ( 'NONE', *, *, #998, .F. ) ;
#3566 = CIRCLE ( 'NONE', #3138, 0.009845000097158516927 ) ;
#3567 = CARTESIAN_POINT ( 'NONE',  ( 1.526645111926748122, -0.05478315537781906774, 0.1259842519685039353 ) ) ;
#3568 = LINE ( 'NONE', #725, #2393 ) ;
#3569 = EDGE_CURVE ( 'NONE', #3337, #2640, #1552, .T. ) ;
#3570 = VECTOR ( 'NONE', #3413, 39.37007874015748143 ) ;
#3571 = LINE ( 'NONE', #5158, #2883 ) ;
#3572 = CARTESIAN_POINT ( 'NONE',  ( 1.361179247227586764, 0.03970503359852826930, 0.1102362204724409434 ) ) ;
#3573 = DIRECTION ( 'NONE',  ( 0.000000000000000000, 0.000000000000000000, -1.000000000000000000 ) ) ;
#3574 = VECTOR ( 'NONE', #5186, 39.37007874015748143 ) ;
#3575 = ADVANCED_FACE ( 'NONE', ( #1880 ), #3727, .F. ) ;
#3576 = DIRECTION ( 'NONE',  ( 0.000000000000000000, 0.000000000000000000, -1.000000000000000000 ) ) ;
#3577 = ORIENTED_EDGE ( 'NONE', *, *, #1230, .F. ) ;
#3578 = EDGE_LOOP ( 'NONE', ( #2810, #3277, #3964, #2365 ) ) ;
#3579 = CARTESIAN_POINT ( 'NONE',  ( 1.644643814156732331, -0.05478315537781906774, 0.1417322834645669549 ) ) ;
#3580 = ORIENTED_EDGE ( 'NONE', *, *, #4603, .T. ) ;
#3581 = LINE ( 'NONE', #362, #2451 ) ;
#3582 = CARTESIAN_POINT ( 'NONE',  ( 1.491212041060598459, -0.01541307663768504144, -0.1102362204724409434 ) ) ;
#3583 = ORIENTED_EDGE ( 'NONE', *, *, #3290, .T. ) ;
#3584 = DIRECTION ( 'NONE',  ( 0.000000000000000000, 0.000000000000000000, 1.000000000000000000 ) ) ;
#3585 = CARTESIAN_POINT ( 'NONE',  ( 1.164328853526799490, 0.1066341674568033471, 0.1259842519685039353 ) ) ;
#3586 = ORIENTED_EDGE ( 'NONE', *, *, #2138, .F. ) ;
#3587 = DIRECTION ( 'NONE',  ( 0.000000000000000000, 1.000000000000000000, 0.000000000000000000 ) ) ;
#3588 = EDGE_CURVE ( 'NONE', #2085, #3878, #3646, .T. ) ;
#3589 = FACE_OUTER_BOUND ( 'NONE', #4389, .T. ) ;
#3590 = DIRECTION ( 'NONE',  ( 0.000000000000000000, 0.000000000000000000, -1.000000000000000000 ) ) ;
#3591 = FACE_OUTER_BOUND ( 'NONE', #575, .T. ) ;
#3592 = ORIENTED_EDGE ( 'NONE', *, *, #239, .T. ) ;
#3593 = VECTOR ( 'NONE', #2041, 39.37007874015748143 ) ;
#3594 = EDGE_CURVE ( 'NONE', #4068, #3548, #4097, .T. ) ;
#3595 = LINE ( 'NONE', #3165, #1753 ) ;
#3596 = CARTESIAN_POINT ( 'NONE',  ( 1.138738302345696951, 0.1341932225749063179, 0.05905511811023622659 ) ) ;
#3597 = AXIS2_PLACEMENT_3D ( 'NONE', #3372, #1013, #2146 ) ;
#3598 = UNCERTAINTY_MEASURE_WITH_UNIT (LENGTH_MEASURE( 1.000000000000000082E-05 ), #3071, 'distance_accuracy_value', 'NONE');
#3599 = FACE_OUTER_BOUND ( 'NONE', #2965, .T. ) ;
#3600 = VECTOR ( 'NONE', #2679, 39.37007874015748143 ) ;
#3601 = CARTESIAN_POINT ( 'NONE',  ( 1.233226491322074958, 0.03970503359852826930, 0.1259842519685039353 ) ) ;
#3602 = DIRECTION ( 'NONE',  ( 0.000000000000000000, 0.000000000000000000, -1.000000000000000000 ) ) ;
#3603 = VECTOR ( 'NONE', #364, 39.37007874015748143 ) ;
#3604 = ORIENTED_EDGE ( 'NONE', *, *, #4391, .T. ) ;
#3605 = EDGE_LOOP ( 'NONE', ( #738, #1175, #2392, #605 ) ) ;
#3606 = PLANE ( 'NONE',  #2719 ) ;
#3607 = ORIENTED_EDGE ( 'NONE', *, *, #343, .F. ) ;
#3608 = EDGE_CURVE ( 'NONE', #4821, #2022, #4494, .T. ) ;
#3609 = CIRCLE ( 'NONE', #3865, 0.009845000097158516927 ) ;
#3610 = PLANE ( 'NONE',  #3215 ) ;
#3611 = CARTESIAN_POINT ( 'NONE',  ( 1.625070276783306067, -0.2092853712438586533, 0.1259842519685039353 ) ) ;
#3612 = ORIENTED_EDGE ( 'NONE', *, *, #1640, .T. ) ;
#3613 = DIRECTION ( 'NONE',  ( 0.000000000000000000, 0.000000000000000000, -1.000000000000000000 ) ) ;
#3614 = CARTESIAN_POINT ( 'NONE',  ( 1.193856412581917326, 0.1341932225749063179, 0.06692913385826770867 ) ) ;
#3615 = ORIENTED_EDGE ( 'NONE', *, *, #2169, .F. ) ;
#3616 = EDGE_CURVE ( 'NONE', #5271, #19, #3335, .T. ) ;
#3617 = FACE_OUTER_BOUND ( 'NONE', #5217, .T. ) ;
#3618 = LINE ( 'NONE', #4038, #4994 ) ;
#3619 = DIRECTION ( 'NONE',  ( -1.000000000000000000, 0.000000000000000000, 0.000000000000000000 ) ) ;
#3620 = DIRECTION ( 'NONE',  ( 0.000000000000000000, 1.000000000000000000, 0.000000000000000000 ) ) ;
#3621 = ORIENTED_EDGE ( 'NONE', *, *, #3955, .F. ) ;
#3622 = CARTESIAN_POINT ( 'NONE',  ( 1.625070308777141870, -0.2092602722875436805, -0.05708661417322834220 ) ) ;
#3623 = CARTESIAN_POINT ( 'NONE',  ( 1.193856412581917326, 0.1223821989528663390, -0.05905511811023622659 ) ) ;
#3624 = ADVANCED_FACE ( 'NONE', ( #2518 ), #376, .F. ) ;
#3625 = CARTESIAN_POINT ( 'NONE',  ( 1.491212041060598459, -0.05084614750382669690, 0.1259842519685039353 ) ) ;
#3626 = CARTESIAN_POINT ( 'NONE',  ( 1.251059457582212708, -0.2093104702001736261, -0.05708661417322834220 ) ) ;
#3627 = DIRECTION ( 'NONE',  ( 0.000000000000000000, -1.000000000000000000, 0.000000000000000000 ) ) ;
#3628 = ORIENTED_EDGE ( 'NONE', *, *, #1868, .F. ) ;
#3629 = ORIENTED_EDGE ( 'NONE', *, *, #2726, .F. ) ;
#3630 = CARTESIAN_POINT ( 'NONE',  ( 1.069840664550433251, -0.2890351238817558954, 0.05708661417322834220 ) ) ;
#3631 = VERTEX_POINT ( 'NONE', #4892 ) ;
#3632 = LINE ( 'NONE', #4459, #2062 ) ;
#3633 = ADVANCED_FACE ( 'NONE', ( #2869 ), #4522, .T. ) ;
#3634 = ORIENTED_EDGE ( 'NONE', *, *, #2280, .F. ) ;
#3635 = EDGE_LOOP ( 'NONE', ( #716, #2247, #2592, #1285 ) ) ;
#3636 = FACE_OUTER_BOUND ( 'NONE', #3174, .T. ) ;
#3637 = VERTEX_POINT ( 'NONE', #2006 ) ;
#3638 = DIRECTION ( 'NONE',  ( -0.7071067811865474617, 0.7071067811865474617, 3.066586833366762451E-17 ) ) ;
#3639 = FACE_OUTER_BOUND ( 'NONE', #1187, .T. ) ;
#3640 = CARTESIAN_POINT ( 'NONE',  ( 1.069840664550421261, -0.1020272498660312888, 0.1102362204724409434 ) ) ;
#3641 = ADVANCED_FACE ( 'NONE', ( #4941 ), #3321, .F. ) ;
#3642 = FACE_OUTER_BOUND ( 'NONE', #470, .T. ) ;
#3643 = ORIENTED_EDGE ( 'NONE', *, *, #4963, .F. ) ;
#3644 = VECTOR ( 'NONE', #3127, 39.37007874015748143 ) ;
#3645 = VECTOR ( 'NONE', #799, 39.37007874015748143 ) ;
#3646 = LINE ( 'NONE', #9, #4102 ) ;
#3647 = CARTESIAN_POINT ( 'NONE',  ( 1.526645111926748122, -0.2092602722875436805, 0.04133858267716536417 ) ) ;
#3648 = AXIS2_PLACEMENT_3D ( 'NONE', #4809, #4731, #5121 ) ;
#3649 = EDGE_CURVE ( 'NONE', #911, #1890, #433, .T. ) ;
#3650 = DIRECTION ( 'NONE',  ( 1.000000000000000000, 0.000000000000000000, 0.000000000000000000 ) ) ;
#3651 = CARTESIAN_POINT ( 'NONE',  ( 1.251059457582212708, -0.05478315537781906774, 0.1259842519685039353 ) ) ;
#3652 = AXIS2_PLACEMENT_3D ( 'NONE', #2258, #3456, #3486 ) ;
#3653 = DIRECTION ( 'NONE',  ( 0.000000000000000000, 0.000000000000000000, -1.000000000000000000 ) ) ;
#3654 = VERTEX_POINT ( 'NONE', #2496 ) ;
#3655 = DIRECTION ( 'NONE',  ( 0.000000000000000000, 0.000000000000000000, -1.000000000000000000 ) ) ;
#3656 = VERTEX_POINT ( 'NONE', #4863 ) ;
#3657 = CARTESIAN_POINT ( 'NONE',  ( 1.268659562188216627, 0.1066341674568033471, 0.1259842519685039353 ) ) ;
#3658 = ORIENTED_EDGE ( 'NONE', *, *, #528, .F. ) ;
#3659 = VECTOR ( 'NONE', #1305, 39.37007874015748143 ) ;
#3660 = EDGE_CURVE ( 'NONE', #2749, #1255, #4271, .T. ) ;
#3661 = DIRECTION ( 'NONE',  ( 0.000000000000000000, 0.000000000000000000, -1.000000000000000000 ) ) ;
#3662 = VECTOR ( 'NONE', #1481, 39.37007874015748143 ) ;
#3663 = VERTEX_POINT ( 'NONE', #2067 ) ;
#3664 = ORIENTED_EDGE ( 'NONE', *, *, #4111, .T. ) ;
#3665 = CARTESIAN_POINT ( 'NONE',  ( 1.138849836336185195, -0.01541307663768504144, -0.1259842519685039353 ) ) ;
#3666 = VERTEX_POINT ( 'NONE', #782 ) ;
#3667 = EDGE_CURVE ( 'NONE', #847, #1003, #3703, .T. ) ;
#3668 = CARTESIAN_POINT ( 'NONE',  ( 1.193856412581917326, 0.1223821989528663390, -0.06692913385826770867 ) ) ;
#3669 = LINE ( 'NONE', #427, #3251 ) ;
#3670 = ORIENTED_EDGE ( 'NONE', *, *, #1758, .F. ) ;
#3671 = CARTESIAN_POINT ( 'NONE',  ( 1.491212041060598459, -0.01541307663768504144, 0.1259842519685039353 ) ) ;
#3672 = DIRECTION ( 'NONE',  ( 0.000000000000000000, 0.000000000000000000, -1.000000000000000000 ) ) ;
#3673 = ORIENTED_EDGE ( 'NONE', *, *, #4165, .F. ) ;
#3674 = ADVANCED_FACE ( 'NONE', ( #34 ), #805, .T. ) ;
#3675 = DIRECTION ( 'NONE',  ( 1.000000000000000000, 0.000000000000000000, 0.000000000000000000 ) ) ;
#3676 = VECTOR ( 'NONE', #2256, 39.37007874015748143 ) ;
#3677 = LINE ( 'NONE', #4893, #5021 ) ;
#3678 = CARTESIAN_POINT ( 'NONE',  ( 1.268659562188216627, 0.03970503359852826930, 0.1259842519685039353 ) ) ;
#3679 = AXIS2_PLACEMENT_3D ( 'NONE', #3866, #4228, #592 ) ;
#3680 = CARTESIAN_POINT ( 'NONE',  ( 1.644760244983787700, -0.2093104702001736261, 0.04133858267716536417 ) ) ;
#3681 = DIRECTION ( 'NONE',  ( 0.000000000000000000, 1.000000000000000000, 0.000000000000000000 ) ) ;
#3682 = ORIENTED_EDGE ( 'NONE', *, *, #1300, .T. ) ;
#3683 = CARTESIAN_POINT ( 'NONE',  ( 1.235194995259094597, -0.05478315537781906774, 0.1417322834645669549 ) ) ;
#3684 = ORIENTED_EDGE ( 'NONE', *, *, #3816, .F. ) ;
#3685 = AXIS2_PLACEMENT_3D ( 'NONE', #1126, #2253, #3885 ) ;
#3686 = DIRECTION ( 'NONE',  ( 0.000000000000000000, 0.000000000000000000, -1.000000000000000000 ) ) ;
#3687 = VERTEX_POINT ( 'NONE', #62 ) ;
#3688 = VECTOR ( 'NONE', #5170, 39.37007874015748143 ) ;
#3689 = DIRECTION ( 'NONE',  ( -1.000000000000000000, 0.000000000000000000, 0.000000000000000000 ) ) ;
#3690 = VERTEX_POINT ( 'NONE', #1180 ) ;
#3691 = ORIENTED_EDGE ( 'NONE', *, *, #4051, .F. ) ;
#3692 = EDGE_CURVE ( 'NONE', #359, #3690, #1690, .T. ) ;
#3693 = FACE_OUTER_BOUND ( 'NONE', #4676, .T. ) ;
#3694 = ORIENTED_EDGE ( 'NONE', *, *, #5147, .F. ) ;
#3695 = VECTOR ( 'NONE', #5256, 39.37007874015748143 ) ;
#3696 = DIRECTION ( 'NONE',  ( 5.551115123125780178E-14, 1.000000000000000000, 0.000000000000000000 ) ) ;
#3697 = CARTESIAN_POINT ( 'NONE',  ( 1.634915276880464452, -0.2092853712438586533, -0.04133858267716536417 ) ) ;
#3698 = PLANE ( 'NONE',  #1969 ) ;
#3699 = AXIS2_PLACEMENT_3D ( 'NONE', #347, #5230, #3208 ) ;
#3700 = DIRECTION ( 'NONE',  ( -1.000000000000000000, 0.000000000000000000, 0.000000000000000000 ) ) ;
#3701 = FACE_OUTER_BOUND ( 'NONE', #3898, .T. ) ;
#3702 = ORIENTED_EDGE ( 'NONE', *, *, #4306, .F. ) ;
#3703 = LINE ( 'NONE', #3623, #598 ) ;
#3704 = EDGE_CURVE ( 'NONE', #628, #710, #2816, .T. ) ;
#3705 = LINE ( 'NONE', #4917, #3332 ) ;
#3706 = FACE_BOUND ( 'NONE', #4080, .T. ) ;
#3707 = CARTESIAN_POINT ( 'NONE',  ( 1.081651688172472481, 0.1341932225749137841, 0.1102362204724409434 ) ) ;
#3708 = LINE ( 'NONE', #41, #4030 ) ;
#3709 = EDGE_CURVE ( 'NONE', #2197, #1085, #2229, .T. ) ;
#3710 = ORIENTED_EDGE ( 'NONE', *, *, #1853, .T. ) ;
#3711 = CARTESIAN_POINT ( 'NONE',  ( 1.699761924392952706, -0.05478315537781906774, 0.1259842519685039353 ) ) ;
#3712 = ORIENTED_EDGE ( 'NONE', *, *, #161, .F. ) ;
#3713 = CARTESIAN_POINT ( 'NONE',  ( 1.361179247227586764, 0.03970503359852826930, -0.1102362204724409434 ) ) ;
#3714 = ORIENTED_EDGE ( 'NONE', *, *, #4091, .T. ) ;
#3715 = DIRECTION ( 'NONE',  ( -1.000000000000000000, 0.000000000000000000, 0.000000000000000000 ) ) ;
#3716 = ORIENTED_EDGE ( 'NONE', *, *, #3709, .T. ) ;
#3717 = EDGE_LOOP ( 'NONE', ( #2017, #2696, #3227, #3020 ) ) ;
#3718 = LINE ( 'NONE', #2670, #1945 ) ;
#3719 = EDGE_LOOP ( 'NONE', ( #2541, #1056, #4352, #2269 ) ) ;
#3720 = DIRECTION ( 'NONE',  ( 0.000000000000000000, 0.000000000000000000, -1.000000000000000000 ) ) ;
#3721 = ADVANCED_FACE ( 'NONE', ( #404 ), #4915, .T. ) ;
#3722 = FACE_OUTER_BOUND ( 'NONE', #1657, .T. ) ;
#3723 = PLANE ( 'NONE',  #2752 ) ;
#3724 = CARTESIAN_POINT ( 'NONE',  ( 1.625070276783306067, -0.2092853712438586533, -0.05708661417322834220 ) ) ;
#3725 = ORIENTED_EDGE ( 'NONE', *, *, #2768, .T. ) ;
#3726 = EDGE_CURVE ( 'NONE', #1498, #1920, #3861, .T. ) ;
#3727 = PLANE ( 'NONE',  #512 ) ;
#3728 = VECTOR ( 'NONE', #148, 39.37007874015748143 ) ;
#3729 = CARTESIAN_POINT ( 'NONE',  ( 1.241214489478889904, -0.2092853712438586533, 0.05708661417322834220 ) ) ;
#3730 = VECTOR ( 'NONE', #2652, 39.37007874015748143 ) ;
#3731 = EDGE_CURVE ( 'NONE', #770, #3013, #2912, .T. ) ;
#3732 = DIRECTION ( 'NONE',  ( 0.000000000000000000, -3.644377050371479832E-17, 1.000000000000000000 ) ) ;
#3733 = FACE_OUTER_BOUND ( 'NONE', #2482, .T. ) ;
#3734 = DIRECTION ( 'NONE',  ( 0.000000000000000000, 0.000000000000000000, -1.000000000000000000 ) ) ;
#3735 = AXIS2_PLACEMENT_3D ( 'NONE', #5176, #3160, #4386 ) ;
#3736 = ORIENTED_EDGE ( 'NONE', *, *, #3726, .T. ) ;
#3737 = CARTESIAN_POINT ( 'NONE',  ( 1.233226491322078733, 0.1066341674568033471, 0.1102362204724409434 ) ) ;
#3738 = EDGE_LOOP ( 'NONE', ( #975, #3203, #1641, #441 ) ) ;
#3739 = FACE_OUTER_BOUND ( 'NONE', #4309, .T. ) ;
#3740 = ORIENTED_EDGE ( 'NONE', *, *, #1768, .F. ) ;
#3741 = ADVANCED_FACE ( 'NONE', ( #5068 ), #2976, .T. ) ;
#3742 = VECTOR ( 'NONE', #2210, 39.37007874015748143 ) ;
#3743 = FACE_OUTER_BOUND ( 'NONE', #3304, .T. ) ;
#3744 = ORIENTED_EDGE ( 'NONE', *, *, #1587, .F. ) ;
#3745 = ORIENTED_EDGE ( 'NONE', *, *, #2589, .T. ) ;
#3746 = CARTESIAN_POINT ( 'NONE',  ( 1.138738302345696951, 0.1341932225749063179, -0.05905511811023622659 ) ) ;
#3747 = ORIENTED_EDGE ( 'NONE', *, *, #3273, .F. ) ;
#3748 = VECTOR ( 'NONE', #5200, 39.37007874015748143 ) ;
#3749 = DIRECTION ( 'NONE',  ( 0.000000000000000000, 0.000000000000000000, -1.000000000000000000 ) ) ;
#3750 = VECTOR ( 'NONE', #3976, 39.37007874015748143 ) ;
#3751 = CARTESIAN_POINT ( 'NONE',  ( 1.140706806282704822, 0.1066341674568033471, 0.1102362204724409434 ) ) ;
#3752 = VERTEX_POINT ( 'NONE', #3398 ) ;
#3753 = CARTESIAN_POINT ( 'NONE',  ( 1.296218617306338805, -0.05478315537781906774, -0.1102362204724409434 ) ) ;
#3754 = LINE ( 'NONE', #2143, #2363 ) ;
#3755 = ORIENTED_EDGE ( 'NONE', *, *, #1067, .F. ) ;
#3756 = ADVANCED_FACE ( 'NONE', ( #3051 ), #3809, .F. ) ;
#3757 = PRESENTATION_STYLE_ASSIGNMENT (( #2203 ) ) ;
#3758 = ADVANCED_FACE ( 'NONE', ( #2573 ), #4681, .F. ) ;
#3759 = CARTESIAN_POINT ( 'NONE',  ( 1.164328853526799490, 0.1066341674568033471, -0.1102362204724409434 ) ) ;
#3760 = MANIFOLD_SOLID_BREP ( 'Imported2', #4059 ) ;
#3761 = LINE ( 'NONE', #3651, #91 ) ;
#3762 = VECTOR ( 'NONE', #790, 39.37007874015748143 ) ;
#3763 = CARTESIAN_POINT ( 'NONE',  ( 1.644643814156732331, -0.01541307663766153767, -0.1102362204724409434 ) ) ;
#3764 = FACE_OUTER_BOUND ( 'NONE', #4540, .T. ) ;
#3765 = EDGE_LOOP ( 'NONE', ( #3592, #962, #3658, #1533, #3230 ) ) ;
#3766 = LINE ( 'NONE', #97, #2805 ) ;
#3767 = ORIENTED_EDGE ( 'NONE', *, *, #1036, .T. ) ;
#3768 = VECTOR ( 'NONE', #2712, 39.37007874015748143 ) ;
#3769 = CARTESIAN_POINT ( 'NONE',  ( 1.213541451951992256, 0.3310436162756932865, -0.05905511811023622659 ) ) ;
#3770 = DIRECTION ( 'NONE',  ( 1.000000000000000000, 0.000000000000000000, 0.000000000000000000 ) ) ;
#3771 = VECTOR ( 'NONE', #4311, 39.37007874015748143 ) ;
#3772 = VERTEX_POINT ( 'NONE', #165 ) ;
#3773 = ORIENTED_EDGE ( 'NONE', *, *, #1604, .T. ) ;
#3774 = ADVANCED_FACE ( 'NONE', ( #114 ), #87, .T. ) ;
#3775 = DIRECTION ( 'NONE',  ( 0.000000000000000000, -1.000000000000000000, 0.000000000000000000 ) ) ;
#3776 = ORIENTED_EDGE ( 'NONE', *, *, #467, .F. ) ;
#3777 = VECTOR ( 'NONE', #1797, 39.37007874015748143 ) ;
#3778 = LINE ( 'NONE', #28, #310 ) ;
#3779 = LINE ( 'NONE', #4620, #1717 ) ;
#3780 = FACE_OUTER_BOUND ( 'NONE', #2724, .T. ) ;
#3781 = EDGE_CURVE ( 'NONE', #1320, #3631, #2948, .T. ) ;
#3782 = AXIS2_PLACEMENT_3D ( 'NONE', #5028, #3770, #1730 ) ;
#3783 = LINE ( 'NONE', #537, #2626 ) ;
#3784 = ORIENTED_EDGE ( 'NONE', *, *, #2949, .F. ) ;
#3785 = VECTOR ( 'NONE', #574, 39.37007874015748143 ) ;
#3786 = CARTESIAN_POINT ( 'NONE',  ( 1.296218617306338805, -0.05478315537781906774, -0.1102362204724409434 ) ) ;
#3787 = AXIS2_PLACEMENT_3D ( 'NONE', #1792, #1711, #3344 ) ;
#3788 = CARTESIAN_POINT ( 'NONE',  ( 1.491212041060598459, -0.01541307663768504144, -0.1102362204724409434 ) ) ;
#3789 = EDGE_CURVE ( 'NONE', #742, #338, #3426, .T. ) ;
#3790 = DIRECTION ( 'NONE',  ( 0.000000000000000000, 1.000000000000000000, 0.000000000000000000 ) ) ;
#3791 = DIRECTION ( 'NONE',  ( 0.000000000000000000, 0.000000000000000000, -1.000000000000000000 ) ) ;
#3792 = DIRECTION ( 'NONE',  ( 0.7071067811865280328, -0.7071067811865670016, 0.000000000000000000 ) ) ;
#3793 = ORIENTED_EDGE ( 'NONE', *, *, #2868, .F. ) ;
#3794 = CARTESIAN_POINT ( 'NONE',  ( 1.371021766912626116, 0.3310436162757008360, 0.1259842519685039353 ) ) ;
#3795 = CARTESIAN_POINT ( 'NONE',  ( 1.331651688172468706, 0.3310436162757008360, 0.1259842519685039353 ) ) ;
#3796 = DIRECTION ( 'NONE',  ( 0.000000000000000000, 0.000000000000000000, 1.000000000000000000 ) ) ;
#3797 = ORIENTED_EDGE ( 'NONE', *, *, #1933, .T. ) ;
#3798 = ORIENTED_EDGE ( 'NONE', *, *, #3415, .T. ) ;
#3799 = DIRECTION ( 'NONE',  ( -1.000000000000000000, 0.000000000000000000, 0.000000000000000000 ) ) ;
#3800 = ORIENTED_EDGE ( 'NONE', *, *, #4266, .T. ) ;
#3801 = CARTESIAN_POINT ( 'NONE',  ( 1.235306529249574847, -0.01541307663768504144, 0.1259842519685039353 ) ) ;
#3802 = EDGE_CURVE ( 'NONE', #3293, #2826, #2547, .T. ) ;
#3803 = DIRECTION ( 'NONE',  ( -1.000000000000000000, 0.000000000000000000, 0.000000000000000000 ) ) ;
#3804 = ORIENTED_EDGE ( 'NONE', *, *, #3867, .T. ) ;
#3805 = DIRECTION ( 'NONE',  ( 4.625929269271509777E-14, 1.000000000000000000, 0.000000000000000000 ) ) ;
#3806 = DIRECTION ( 'NONE',  ( 0.000000000000000000, 0.000000000000000000, -1.000000000000000000 ) ) ;
#3807 = ORIENTED_EDGE ( 'NONE', *, *, #3030, .F. ) ;
#3808 = ADVANCED_FACE ( 'NONE', ( #2627 ), #4254, .F. ) ;
#3809 = PLANE ( 'NONE',  #3936 ) ;
#3810 = DIRECTION ( 'NONE',  ( -0.7071067811865670016, 0.7071067811865280328, 3.066586833366679867E-17 ) ) ;
#3811 = CARTESIAN_POINT ( 'NONE',  ( 1.526645111926748122, -0.05478315537781906774, 0.04133858267716536417 ) ) ;
#3812 = CARTESIAN_POINT ( 'NONE',  ( 1.294361647359807188, -0.01541307663768504144, 0.1259842519685039353 ) ) ;
#3813 = EDGE_LOOP ( 'NONE', ( #5269, #4491, #3494, #2464 ) ) ;
#3814 = FACE_OUTER_BOUND ( 'NONE', #365, .T. ) ;
#3815 = VECTOR ( 'NONE', #3116, 39.37007874015748143 ) ;
#3816 = EDGE_CURVE ( 'NONE', #1550, #2534, #1149, .T. ) ;
#3817 = CARTESIAN_POINT ( 'NONE',  ( 1.268659562188216627, 0.1066341674568033471, 0.1102362204724409434 ) ) ;
#3818 = VECTOR ( 'NONE', #370, 39.37007874015748143 ) ;
#3819 = CARTESIAN_POINT ( 'NONE',  ( 1.428219915076354596, -0.2092602722875436805, 0.05708661417322834220 ) ) ;
#3820 = ORIENTED_EDGE ( 'NONE', *, *, #5060, .T. ) ;
#3821 = EDGE_LOOP ( 'NONE', ( #201, #2991, #3874, #4481, #4143, #5192, #5246, #4774, #4958, #3989, #4512, #1010, #1160, #3629 ) ) ;
#3822 = LINE ( 'NONE', #1057, #660 ) ;
#3823 = ORIENTED_EDGE ( 'NONE', *, *, #451, .F. ) ;
#3824 = EDGE_CURVE ( 'NONE', #538, #1511, #4734, .T. ) ;
#3825 = VECTOR ( 'NONE', #2023, 39.37007874015748143 ) ;
#3826 = DIRECTION ( 'NONE',  ( 1.000000000000000000, 0.000000000000000000, -3.011672701348629522E-17 ) ) ;
#3827 = ORIENTED_EDGE ( 'NONE', *, *, #758, .T. ) ;
#3828 = FACE_OUTER_BOUND ( 'NONE', #2855, .T. ) ;
#3829 = VECTOR ( 'NONE', #1400, 39.37007874015748143 ) ;
#3830 = ORIENTED_EDGE ( 'NONE', *, *, #2616, .T. ) ;
#3831 = DIRECTION ( 'NONE',  ( 1.000000000000000000, -4.625929269271509777E-14, 0.000000000000000000 ) ) ;
#3832 = CARTESIAN_POINT ( 'NONE',  ( 1.699761924392941159, 0.1341932225749137841, -0.1102362204724409434 ) ) ;
#3833 = ORIENTED_EDGE ( 'NONE', *, *, #2385, .F. ) ;
#3834 = VECTOR ( 'NONE', #3283, 39.37007874015748143 ) ;
#3835 = CARTESIAN_POINT ( 'NONE',  ( 1.644760244983787700, -0.2093104702001736261, 0.05708661417322834220 ) ) ;
#3836 =( NAMED_UNIT ( * ) SI_UNIT ( $, .STERADIAN. ) SOLID_ANGLE_UNIT ( ) );
#3837 = ORIENTED_EDGE ( 'NONE', *, *, #2081, .F. ) ;
#3838 = EDGE_CURVE ( 'NONE', #1485, #2220, #1523, .T. ) ;
#3839 = LINE ( 'NONE', #4653, #4857 ) ;
#3840 = DIRECTION ( 'NONE',  ( 0.000000000000000000, -1.000000000000000000, 0.000000000000000000 ) ) ;
#3841 = DIRECTION ( 'NONE',  ( 0.000000000000000000, 1.000000000000000000, 0.000000000000000000 ) ) ;
#3842 = VERTEX_POINT ( 'NONE', #3161 ) ;
#3843 = EDGE_CURVE ( 'NONE', #1615, #4710, #4760, .T. ) ;
#3844 = FACE_OUTER_BOUND ( 'NONE', #4141, .T. ) ;
#3845 = DIRECTION ( 'NONE',  ( -1.000000000000000000, 0.000000000000000000, 0.000000000000000000 ) ) ;
#3846 = DIRECTION ( 'NONE',  ( 0.000000000000000000, -1.000000000000000000, 0.000000000000000000 ) ) ;
#3847 = ORIENTED_EDGE ( 'NONE', *, *, #2886, .F. ) ;
#3848 = ORIENTED_EDGE ( 'NONE', *, *, #1489, .F. ) ;
#3849 = VECTOR ( 'NONE', #3655, 39.37007874015748143 ) ;
#3850 = DIRECTION ( 'NONE',  ( 0.000000000000000000, 0.000000000000000000, -1.000000000000000000 ) ) ;
#3851 = ORIENTED_EDGE ( 'NONE', *, *, #2153, .T. ) ;
#3852 = ORIENTED_EDGE ( 'NONE', *, *, #1502, .T. ) ;
#3853 = VECTOR ( 'NONE', #4656, 39.37007874015748143 ) ;
#3854 = EDGE_CURVE ( 'NONE', #1140, #4900, #3507, .T. ) ;
#3855 = DIRECTION ( 'NONE',  ( -1.000000000000000000, 0.000000000000000000, 0.000000000000000000 ) ) ;
#3856 = CARTESIAN_POINT ( 'NONE',  ( 1.331651688172468706, 0.3310436162757008360, 0.05905511811023622659 ) ) ;
#3857 = CARTESIAN_POINT ( 'NONE',  ( 1.164328853526799490, 0.03970503359853590208, 0.1102362204724409434 ) ) ;
#3858 = EDGE_LOOP ( 'NONE', ( #3565, #1839, #2937, #4640 ) ) ;
#3859 = MECHANICAL_DESIGN_GEOMETRIC_PRESENTATION_REPRESENTATION (  '', ( #778 ), #2396 ) ;
#3860 = CARTESIAN_POINT ( 'NONE',  ( 1.140706806282704822, 0.1066341674568033471, 0.1259842519685039353 ) ) ;
#3861 = LINE ( 'NONE', #588, #5204 ) ;
#3862 = CIRCLE ( 'NONE', #4619, 0.009845000097158516927 ) ;
#3863 = ORIENTED_EDGE ( 'NONE', *, *, #906, .T. ) ;
#3864 = CARTESIAN_POINT ( 'NONE',  ( 1.491212041060598459, -0.01541307663768504144, -0.1259842519685039353 ) ) ;
#3865 = AXIS2_PLACEMENT_3D ( 'NONE', #1988, #3218, #5190 ) ;
#3866 = CARTESIAN_POINT ( 'NONE',  ( 1.213541451951996031, 0.3310436162757008360, 0.1259842519685039353 ) ) ;
#3867 = EDGE_CURVE ( 'NONE', #4666, #3925, #4307, .T. ) ;
#3868 = DIRECTION ( 'NONE',  ( 0.000000000000000000, -1.000000000000000000, 0.000000000000000000 ) ) ;
#3869 = ORIENTED_EDGE ( 'NONE', *, *, #1449, .T. ) ;
#3870 = FACE_OUTER_BOUND ( 'NONE', #1142, .T. ) ;
#3871 = LINE ( 'NONE', #4262, #2529 ) ;
#3872 = EDGE_CURVE ( 'NONE', #1488, #119, #4788, .T. ) ;
#3873 = DIRECTION ( 'NONE',  ( -3.492338154230200146E-15, 1.000000000000000000, 0.000000000000000000 ) ) ;
#3874 = ORIENTED_EDGE ( 'NONE', *, *, #5154, .F. ) ;
#3875 = ORIENTED_EDGE ( 'NONE', *, *, #753, .F. ) ;
#3876 = LINE ( 'NONE', #1836, #1776 ) ;
#3877 = EDGE_LOOP ( 'NONE', ( #4960, #1862, #3452, #2913 ) ) ;
#3878 = VERTEX_POINT ( 'NONE', #3987 ) ;
#3879 = DIRECTION ( 'NONE',  ( 0.000000000000000000, 0.000000000000000000, -1.000000000000000000 ) ) ;
#3880 = ORIENTED_EDGE ( 'NONE', *, *, #5010, .T. ) ;
#3881 = LINE ( 'NONE', #4754, #2457 ) ;
#3882 = ORIENTED_EDGE ( 'NONE', *, *, #3343, .T. ) ;
#3883 = EDGE_CURVE ( 'NONE', #2614, #3416, #1496, .T. ) ;
#3884 = CARTESIAN_POINT ( 'NONE',  ( 1.233226491322078733, 0.1066341674568033471, 0.1259842519685039353 ) ) ;
#3885 = DIRECTION ( 'NONE',  ( 1.000000000000000000, -4.625929269271509777E-14, 0.000000000000000000 ) ) ;
#3886 = CARTESIAN_POINT ( 'NONE',  ( 1.274676607989728261, -0.05084614750382669690, -0.1259842519685039353 ) ) ;
#3887 = DIRECTION ( 'NONE',  ( -1.000000000000000000, 5.523497634951010508E-15, -2.157616263652739712E-17 ) ) ;
#3888 = EDGE_CURVE ( 'NONE', #4184, #4780, #4279, .T. ) ;
#3889 = DIRECTION ( 'NONE',  ( 0.000000000000000000, 0.000000000000000000, -1.000000000000000000 ) ) ;
#3890 = DIRECTION ( 'NONE',  ( -1.000000000000000000, 0.000000000000000000, 0.000000000000000000 ) ) ;
#3891 = EDGE_LOOP ( 'NONE', ( #1574, #5207, #4739, #4846, #4925, #3439, #4005, #2004, #1028, #1542, #4725, #830, #1007, #1369, #708, #1005, #2473, #2485, #1981, #1559, #1842, #2434, #291, #803, #4908, #2708, #2672, #4399 ) ) ;
#3892 = DIRECTION ( 'NONE',  ( 0.000000000000000000, -1.000000000000000000, 9.680376540049299926E-18 ) ) ;
#3893 = ADVANCED_FACE ( 'NONE', ( #3591 ), #615, .T. ) ;
#3894 = CARTESIAN_POINT ( 'NONE',  ( 1.235306529249574847, -0.07446819474792892857, -0.1102362204724409434 ) ) ;
#3895 = DIRECTION ( 'NONE',  ( 0.000000000000000000, 0.000000000000000000, 1.000000000000000000 ) ) ;
#3896 = AXIS2_PLACEMENT_3D ( 'NONE', #999, #4661, #1781 ) ;
#3897 = ORIENTED_EDGE ( 'NONE', *, *, #1587, .T. ) ;
#3898 = EDGE_LOOP ( 'NONE', ( #1381, #3725, #2245, #3744 ) ) ;
#3899 = LINE ( 'NONE', #2694, #2630 ) ;
#3900 = ORIENTED_EDGE ( 'NONE', *, *, #4315, .F. ) ;
#3901 = ADVANCED_FACE ( 'NONE', ( #2761 ), #1845, .F. ) ;
#3902 = AXIS2_PLACEMENT_3D ( 'NONE', #4944, #3000, #2008 ) ;
#3903 = ORIENTED_EDGE ( 'NONE', *, *, #3358, .T. ) ;
#3904 = DIRECTION ( 'NONE',  ( 1.000000000000000000, 1.387778780781472023E-14, 0.000000000000000000 ) ) ;
#3905 = ORIENTED_EDGE ( 'NONE', *, *, #723, .F. ) ;
#3906 = CARTESIAN_POINT ( 'NONE',  ( 1.428219915076354596, -0.05478315537781906774, -0.05708661417322834220 ) ) ;
#3907 = VERTEX_POINT ( 'NONE', #5125 ) ;
#3908 = VECTOR ( 'NONE', #3559, 39.37007874015748143 ) ;
#3909 = CARTESIAN_POINT ( 'NONE',  ( 1.296218617306338805, -0.05478315537781906774, 0.1417322834645669549 ) ) ;
#3910 = AXIS2_PLACEMENT_3D ( 'NONE', #4288, #4229, #3841 ) ;
#3911 = CARTESIAN_POINT ( 'NONE',  ( 1.268659562188216627, 0.03970503359852826930, 0.1259842519685039353 ) ) ;
#3912 = FACE_OUTER_BOUND ( 'NONE', #4898, .T. ) ;
#3913 = ORIENTED_EDGE ( 'NONE', *, *, #1521, .F. ) ;
#3914 = DIRECTION ( 'NONE',  ( -1.000000000000000000, 0.000000000000000000, 0.000000000000000000 ) ) ;
#3915 = DIRECTION ( 'NONE',  ( -1.110223024625150072E-14, 1.000000000000000000, 0.000000000000000000 ) ) ;
#3916 = CARTESIAN_POINT ( 'NONE',  ( 1.251059457582212708, -0.2093104702001736261, 0.05708661417322834220 ) ) ;
#3917 = AXIS2_PLACEMENT_3D ( 'NONE', #997, #120, #2237 ) ;
#3918 = EDGE_CURVE ( 'NONE', #1137, #1677, #5097, .T. ) ;
#3919 = FACE_OUTER_BOUND ( 'NONE', #430, .T. ) ;
#3920 = ORIENTED_EDGE ( 'NONE', *, *, #3256, .T. ) ;
#3921 = LINE ( 'NONE', #3625, #3574 ) ;
#3922 = CARTESIAN_POINT ( 'NONE',  ( 1.536487631611791249, -0.2102457538030161610, -0.04133858267716536417 ) ) ;
#3923 = LINE ( 'NONE', #282, #1809 ) ;
#3924 = ORIENTED_EDGE ( 'NONE', *, *, #4495, .F. ) ;
#3925 = VERTEX_POINT ( 'NONE', #1471 ) ;
#3926 = DIRECTION ( 'NONE',  ( 1.000000000000000000, 1.132880637372596148E-14, 0.000000000000000000 ) ) ;
#3927 = VERTEX_POINT ( 'NONE', #2333 ) ;
#3928 = VERTEX_POINT ( 'NONE', #4362 ) ;
#3929 = DIRECTION ( 'NONE',  ( -1.000000000000000000, 4.625929269271509777E-14, -4.478073717418334673E-31 ) ) ;
#3930 = EDGE_CURVE ( 'NONE', #2024, #295, #5206, .T. ) ;
#3931 = AXIS2_PLACEMENT_3D ( 'NONE', #3683, #5268, #4077 ) ;
#3932 = CARTESIAN_POINT ( 'NONE',  ( 1.274676607989728261, -0.07446819474792892857, 0.1259842519685039353 ) ) ;
#3933 = DIRECTION ( 'NONE',  ( 0.000000000000000000, 0.000000000000000000, -1.000000000000000000 ) ) ;
#3934 = EDGE_LOOP ( 'NONE', ( #4621, #602, #2129, #4684 ) ) ;
#3935 = DIRECTION ( 'NONE',  ( -1.000000000000000000, 4.869399230812180366E-15, 0.000000000000000000 ) ) ;
#3936 = AXIS2_PLACEMENT_3D ( 'NONE', #3786, #1336, #4601 ) ;
#3937 = DIRECTION ( 'NONE',  ( 0.000000000000000000, 1.000000000000000000, 3.644377050371479832E-17 ) ) ;
#3938 = CARTESIAN_POINT ( 'NONE',  ( 1.644643814156732331, -0.05478315537781906774, -0.1102362204724409434 ) ) ;
#3939 = ADVANCED_FACE ( 'NONE', ( #3963 ), #1547, .T. ) ;
#3940 = VERTEX_POINT ( 'NONE', #1927 ) ;
#3941 = VECTOR ( 'NONE', #2318, 39.37007874015748143 ) ;
#3942 = LINE ( 'NONE', #1075, #3771 ) ;
#3943 = DIRECTION ( 'NONE',  ( 1.000000000000000000, 0.000000000000000000, 0.000000000000000000 ) ) ;
#3944 = VERTEX_POINT ( 'NONE', #3563 ) ;
#3945 = VECTOR ( 'NONE', #1202, 39.37007874015748143 ) ;
#3946 = DIRECTION ( 'NONE',  ( -3.492338154230200146E-15, 1.000000000000000000, 0.000000000000000000 ) ) ;
#3947 = ADVANCED_FACE ( 'NONE', ( #720 ), #4811, .F. ) ;
#3948 = LINE ( 'NONE', #705, #3131 ) ;
#3949 = LINE ( 'NONE', #679, #946 ) ;
#3950 = ORIENTED_EDGE ( 'NONE', *, *, #2644, .F. ) ;
#3951 = ORIENTED_EDGE ( 'NONE', *, *, #4266, .F. ) ;
#3952 = CARTESIAN_POINT ( 'NONE',  ( 1.069840664550433251, -0.2890351238817558954, -0.04133858267716536417 ) ) ;
#3953 = ORIENTED_EDGE ( 'NONE', *, *, #3704, .F. ) ;
#3954 = CARTESIAN_POINT ( 'NONE',  ( 1.268659562188216627, 0.1066341674568033471, -0.1259842519685039353 ) ) ;
#3955 = EDGE_CURVE ( 'NONE', #1003, #2426, #2406, .T. ) ;
#3956 = CARTESIAN_POINT ( 'NONE',  ( 1.510897080430677164, -0.05084614750383433662, -0.1102362204724409434 ) ) ;
#3957 = ORIENTED_EDGE ( 'NONE', *, *, #1101, .T. ) ;
#3958 = CARTESIAN_POINT ( 'NONE',  ( 1.491212041060598459, -0.01541307663768504144, 0.1102362204724409434 ) ) ;
#3959 = VERTEX_POINT ( 'NONE', #3207 ) ;
#3960 = EDGE_CURVE ( 'NONE', #3419, #878, #4412, .T. ) ;
#3961 = DIRECTION ( 'NONE',  ( 0.000000000000000000, 0.000000000000000000, 1.000000000000000000 ) ) ;
#3962 = DIRECTION ( 'NONE',  ( 0.000000000000000000, 0.000000000000000000, 1.000000000000000000 ) ) ;
#3963 = FACE_OUTER_BOUND ( 'NONE', #2170, .T. ) ;
#3964 = ORIENTED_EDGE ( 'NONE', *, *, #232, .F. ) ;
#3965 = EDGE_CURVE ( 'NONE', #3654, #990, #2315, .T. ) ;
#3966 = CARTESIAN_POINT ( 'NONE',  ( 1.235306529249574847, -0.01541307663768504144, -0.1259842519685039353 ) ) ;
#3967 = CARTESIAN_POINT ( 'NONE',  ( 1.235306529249574847, -0.07446819474792892857, 0.1259842519685039353 ) ) ;
#3968 = DIRECTION ( 'NONE',  ( 0.000000000000000000, 0.000000000000000000, -1.000000000000000000 ) ) ;
#3969 = ORIENTED_EDGE ( 'NONE', *, *, #2104, .F. ) ;
#3970 = CARTESIAN_POINT ( 'NONE',  ( 1.699761924392952706, -0.05478315537781906774, 0.1259842519685039353 ) ) ;
#3971 = LINE ( 'NONE', #3601, #3985 ) ;
#3972 = DIRECTION ( 'NONE',  ( 1.000000000000000000, 0.000000000000000000, 0.000000000000000000 ) ) ;
#3973 = EDGE_LOOP ( 'NONE', ( #4747, #4965, #1754, #3755, #4161 ) ) ;
#3974 = ORIENTED_EDGE ( 'NONE', *, *, #608, .T. ) ;
#3975 = ADVANCED_FACE ( 'NONE', ( #3722 ), #3698, .F. ) ;
#3976 = DIRECTION ( 'NONE',  ( -1.000000000000000000, 5.551115123125730637E-15, 0.000000000000000000 ) ) ;
#3977 = ORIENTED_EDGE ( 'NONE', *, *, #1742, .T. ) ;
#3978 = LINE ( 'NONE', #2346, #3688 ) ;
#3979 = ORIENTED_EDGE ( 'NONE', *, *, #779, .F. ) ;
#3980 = VERTEX_POINT ( 'NONE', #746 ) ;
#3981 = ADVANCED_FACE ( 'NONE', ( #4061 ), #2380, .T. ) ;
#3982 = CARTESIAN_POINT ( 'NONE',  ( 1.274676607989728261, -0.05084614750382669690, -0.1102362204724409434 ) ) ;
#3983 = ORIENTED_EDGE ( 'NONE', *, *, #4914, .F. ) ;
#3984 = DIRECTION ( 'NONE',  ( 0.000000000000000000, 0.000000000000000000, -1.000000000000000000 ) ) ;
#3985 = VECTOR ( 'NONE', #3573, 39.37007874015748143 ) ;
#3986 = CARTESIAN_POINT ( 'NONE',  ( 1.550267159170830578, -0.07446819474792892857, 0.1102362204724409434 ) ) ;
#3987 = CARTESIAN_POINT ( 'NONE',  ( 1.296218617306338805, -0.01541307663766153767, -0.1259842519685039353 ) ) ;
#3988 = VECTOR ( 'NONE', #4592, 39.37007874015748143 ) ;
#3989 = ORIENTED_EDGE ( 'NONE', *, *, #948, .F. ) ;
#3990 = AXIS2_PLACEMENT_3D ( 'NONE', #1656, #859, #2973 ) ;
#3991 = CARTESIAN_POINT ( 'NONE',  ( 1.646723852084220674, -0.08627921836996831073, -0.1259842519685039353 ) ) ;
#3992 = FACE_OUTER_BOUND ( 'NONE', #1318, .T. ) ;
#3993 = EDGE_CURVE ( 'NONE', #894, #2493, #1627, .T. ) ;
#3994 =( GEOMETRIC_REPRESENTATION_CONTEXT ( 3 ) GLOBAL_UNCERTAINTY_ASSIGNED_CONTEXT ( ( #1606 ) ) GLOBAL_UNIT_ASSIGNED_CONTEXT ( ( #1679, #4539, #1756 ) ) REPRESENTATION_CONTEXT ( 'NONE', 'WORKASPACE' ) );
#3995 = PLANE ( 'NONE',  #4252 ) ;
#3996 = LINE ( 'NONE', #328, #2790 ) ;
#3997 = VECTOR ( 'NONE', #4069, 39.37007874015748143 ) ;
#3998 = CARTESIAN_POINT ( 'NONE',  ( 1.438064883179677178, -0.2092853712438586533, 0.05708661417322834220 ) ) ;
#3999 = ADVANCED_FACE ( 'NONE', ( #2029 ), #3316, .T. ) ;
#4000 = ORIENTED_EDGE ( 'NONE', *, *, #3471, .F. ) ;
#4001 = ORIENTED_EDGE ( 'NONE', *, *, #648, .T. ) ;
#4002 = DIRECTION ( 'NONE',  ( 0.000000000000000000, 0.000000000000000000, -1.000000000000000000 ) ) ;
#4003 = ORIENTED_EDGE ( 'NONE', *, *, #194, .F. ) ;
#4004 = LINE ( 'NONE', #3582, #1290 ) ;
#4005 = ORIENTED_EDGE ( 'NONE', *, *, #3490, .F. ) ;
#4006 = FACE_OUTER_BOUND ( 'NONE', #707, .T. ) ;
#4007 = CARTESIAN_POINT ( 'NONE',  ( 1.510897080430677164, -0.05084614750383433662, -0.1259842519685039353 ) ) ;
#4008 = ORIENTED_EDGE ( 'NONE', *, *, #3802, .T. ) ;
#4009 = LINE ( 'NONE', #1095, #1335 ) ;
#4010 = DIRECTION ( 'NONE',  ( 0.000000000000000000, 0.000000000000000000, -1.000000000000000000 ) ) ;
#4011 = EDGE_CURVE ( 'NONE', #402, #3378, #3669, .T. ) ;
#4012 = CARTESIAN_POINT ( 'NONE',  ( 1.351336727542547411, 0.3113585769056220753, 0.1259842519685039353 ) ) ;
#4013 = EDGE_LOOP ( 'NONE', ( #3444, #4150, #4790, #2971 ) ) ;
#4014 = DIRECTION ( 'NONE',  ( 1.000000000000000000, 0.000000000000000000, 0.000000000000000000 ) ) ;
#4015 = ORIENTED_EDGE ( 'NONE', *, *, #3993, .T. ) ;
#4016 = AXIS2_PLACEMENT_3D ( 'NONE', #3081, #4256, #591 ) ;
#4017 = CARTESIAN_POINT ( 'NONE',  ( 1.625070308777141870, -0.05478315537781142802, -0.1259842519685039353 ) ) ;
#4018 = DIRECTION ( 'NONE',  ( 1.000000000000000000, 0.000000000000000000, 2.853163611803959394E-17 ) ) ;
#4019 = DIRECTION ( 'NONE',  ( 2.157616263652739712E-17, -1.050629497461847997E-31, -1.000000000000000000 ) ) ;
#4020 = AXIS2_PLACEMENT_3D ( 'NONE', #3938, #2352, #3186 ) ;
#4021 = EDGE_CURVE ( 'NONE', #1003, #341, #3265, .T. ) ;
#4022 = FACE_BOUND ( 'NONE', #1163, .T. ) ;
#4023 = LINE ( 'NONE', #1939, #870 ) ;
#4024 = AXIS2_PLACEMENT_3D ( 'NONE', #5003, #3409, #1348 ) ;
#4025 = VERTEX_POINT ( 'NONE', #856 ) ;
#4026 = ORIENTED_EDGE ( 'NONE', *, *, #4990, .T. ) ;
#4027 = DIRECTION ( 'NONE',  ( -0.000000000000000000, 1.000000000000000000, 0.000000000000000000 ) ) ;
#4028 = ORIENTED_EDGE ( 'NONE', *, *, #5208, .F. ) ;
#4029 = ADVANCED_FACE ( 'NONE', ( #1226 ), #1201, .F. ) ;
#4030 = VECTOR ( 'NONE', #1665, 39.37007874015748143 ) ;
#4031 = DIRECTION ( 'NONE',  ( -1.000000000000000000, 0.000000000000000000, 0.000000000000000000 ) ) ;
#4032 = ORIENTED_EDGE ( 'NONE', *, *, #3394, .T. ) ;
#4033 = CARTESIAN_POINT ( 'NONE',  ( 1.140706806282716590, -0.05478315537781906774, -0.1102362204724409434 ) ) ;
#4034 = CARTESIAN_POINT ( 'NONE',  ( 1.644643814156732331, -0.2092853712438586533, -0.1259842519685039353 ) ) ;
#4035 = ORIENTED_EDGE ( 'NONE', *, *, #4242, .T. ) ;
#4036 = DIRECTION ( 'NONE',  ( 0.000000000000000000, 0.000000000000000000, -1.000000000000000000 ) ) ;
#4037 = CARTESIAN_POINT ( 'NONE',  ( 1.526595899328326400, -0.2102457538030161610, 0.04133858267716536417 ) ) ;
#4038 = CARTESIAN_POINT ( 'NONE',  ( 1.140706806282704822, 0.03970503359853590208, 0.1259842519685039353 ) ) ;
#4039 = DIRECTION ( 'NONE',  ( 1.000000000000000000, 0.000000000000000000, 0.000000000000000000 ) ) ;
#4040 = CARTESIAN_POINT ( 'NONE',  ( 1.294361647359807188, -0.01541307663768504144, 0.1259842519685039353 ) ) ;
#4041 = ADVANCED_FACE ( 'NONE', ( #4858 ), #346, .F. ) ;
#4042 = DIRECTION ( 'NONE',  ( -1.000000000000000000, 0.000000000000000000, 0.000000000000000000 ) ) ;
#4043 = ADVANCED_FACE ( 'NONE', ( #2864, #775, #5254, #800 ), #30, .F. ) ;
#4044 = LINE ( 'NONE', #2497, #4928 ) ;
#4045 = FACE_BOUND ( 'NONE', #2700, .T. ) ;
#4046 = CARTESIAN_POINT ( 'NONE',  ( 1.081651688172480474, -0.05478315537781906774, 0.1102362204724409434 ) ) ;
#4047 = DIRECTION ( 'NONE',  ( 0.000000000000000000, -1.000000000000000000, 0.000000000000000000 ) ) ;
#4048 = VERTEX_POINT ( 'NONE', #1253 ) ;
#4049 = CARTESIAN_POINT ( 'NONE',  ( 1.241214489478889904, -0.2092853712438586533, -0.04133858267716536417 ) ) ;
#4050 = ORIENTED_EDGE ( 'NONE', *, *, #3264, .F. ) ;
#4051 = EDGE_CURVE ( 'NONE', #3637, #1920, #4488, .T. ) ;
#4052 = LINE ( 'NONE', #2828, #1689 ) ;
#4053 = ORIENTED_EDGE ( 'NONE', *, *, #2583, .T. ) ;
#4054 = DIRECTION ( 'NONE',  ( 0.7071067811866059705, 0.7071067811864890640, 0.000000000000000000 ) ) ;
#4055 = ORIENTED_EDGE ( 'NONE', *, *, #2469, .T. ) ;
#4056 = EDGE_CURVE ( 'NONE', #2982, #1643, #3286, .T. ) ;
#4057 = DIRECTION ( 'NONE',  ( 1.000000000000000000, 0.000000000000000000, 0.000000000000000000 ) ) ;
#4058 = ORIENTED_EDGE ( 'NONE', *, *, #2868, .T. ) ;
#4059 = CLOSED_SHELL ( 'NONE', ( #2035, #4938, #2479, #807, #1553, #3464, #3774, #3981, #3374, #1571, #4177, #4969, #287, #4041, #5218, #2057, #3756, #4215, #4551, #3167, #3901, #3947, #2355, #2717, #3237, #4833, #4561, #40, #2429, #2494, #2917, #2550, #4593, #2244, #4733, #1508, #541, #2609, #5238, #432, #1120, #1940, #29, #2332, #3305, #60, #1353, #620, #3313, #4865, #171, #4072, #3386, #2576, #839, #4221, #711, #4517, #1325, #3094, #4568, #4946, #1113, #2603, #3327, #1017, #1274, #4138, #1635, #4029, #3674, #1789, #1106, #3939, #854, #740, #4451, #5140 ) ) ;
#4060 = CYLINDRICAL_SURFACE ( 'NONE', #2012, 0.009891732283464897690 ) ;
#4061 = FACE_OUTER_BOUND ( 'NONE', #4658, .T. ) ;
#4062 = LINE ( 'NONE', #3671, #1633 ) ;
#4063 = CARTESIAN_POINT ( 'NONE',  ( 1.699761924392952706, -0.05478315537781906774, 0.1259842519685039353 ) ) ;
#4064 = ORIENTED_EDGE ( 'NONE', *, *, #4096, .F. ) ;
#4065 = AXIS2_PLACEMENT_3D ( 'NONE', #4033, #1092, #5223 ) ;
#4066 = AXIS2_PLACEMENT_3D ( 'NONE', #677, #1914, #4316 ) ;
#4067 = DIRECTION ( 'NONE',  ( 0.000000000000000000, -1.000000000000000000, 0.000000000000000000 ) ) ;
#4068 = VERTEX_POINT ( 'NONE', #1599 ) ;
#4069 = DIRECTION ( 'NONE',  ( 0.000000000000000000, 0.000000000000000000, 1.000000000000000000 ) ) ;
#4070 = VECTOR ( 'NONE', #4677, 39.37007874015748143 ) ;
#4071 = CARTESIAN_POINT ( 'NONE',  ( 1.164328853526799490, 0.1066341674568033471, 0.1259842519685039353 ) ) ;
#4072 = ADVANCED_FACE ( 'NONE', ( #55 ), #4835, .F. ) ;
#4073 = DIRECTION ( 'NONE',  ( 1.000000000000000000, 0.000000000000000000, 0.000000000000000000 ) ) ;
#4074 = VECTOR ( 'NONE', #1493, 39.37007874015748143 ) ;
#4075 = LINE ( 'NONE', #2823, #190 ) ;
#4076 = ORIENTED_EDGE ( 'NONE', *, *, #1300, .F. ) ;
#4077 = DIRECTION ( 'NONE',  ( 0.000000000000000000, 0.000000000000000000, 1.000000000000000000 ) ) ;
#4078 = EDGE_LOOP ( 'NONE', ( #519, #1128, #3798, #1967 ) ) ;
#4079 = DIRECTION ( 'NONE',  ( 0.000000000000000000, 0.000000000000000000, -1.000000000000000000 ) ) ;
#4080 = EDGE_LOOP ( 'NONE', ( #1783, #1472, #1463, #2798 ) ) ;
#4081 = VECTOR ( 'NONE', #1427, 39.37007874015748143 ) ;
#4082 = DIRECTION ( 'NONE',  ( -1.000000000000000000, 0.000000000000000000, 0.000000000000000000 ) ) ;
#4083 = EDGE_CURVE ( 'NONE', #4025, #4514, #187, .T. ) ;
#4084 = FACE_OUTER_BOUND ( 'NONE', #3440, .T. ) ;
#4085 = VECTOR ( 'NONE', #3168, 39.37007874015748143 ) ;
#4086 = VERTEX_POINT ( 'NONE', #3367 ) ;
#4087 = EDGE_LOOP ( 'NONE', ( #3014, #1355, #206, #2107 ) ) ;
#4088 = PLANE ( 'NONE',  #1173 ) ;
#4089 = ORIENTED_EDGE ( 'NONE', *, *, #1474, .F. ) ;
#4090 = CARTESIAN_POINT ( 'NONE',  ( 1.361179247227586764, 0.1066341674567956588, 0.1259842519685039353 ) ) ;
#4091 = EDGE_CURVE ( 'NONE', #1680, #3925, #4986, .T. ) ;
#4092 = DIRECTION ( 'NONE',  ( 0.000000000000000000, 0.000000000000000000, -1.000000000000000000 ) ) ;
#4093 = CARTESIAN_POINT ( 'NONE',  ( 1.589525703920500188, 0.1223821989528586507, 0.06692913385826770867 ) ) ;
#4094 = CARTESIAN_POINT ( 'NONE',  ( 1.428219915076354596, -0.05478315537781906774, -0.05708661417322834220 ) ) ;
#4095 = EDGE_LOOP ( 'NONE', ( #4953, #383, #1707, #3236 ) ) ;
#4096 = EDGE_CURVE ( 'NONE', #2493, #4607, #4199, .T. ) ;
#4097 = LINE ( 'NONE', #4469, #4945 ) ;
#4098 = VERTEX_POINT ( 'NONE', #109 ) ;
#4099 = VECTOR ( 'NONE', #4531, 39.37007874015748143 ) ;
#4100 = CARTESIAN_POINT ( 'NONE',  ( 1.491212041060598459, -0.01541307663768504144, 0.1259842519685039353 ) ) ;
#4101 = CARTESIAN_POINT ( 'NONE',  ( 1.546330151296830602, -0.05478315537781906774, 0.05708661417322834220 ) ) ;
#4102 = VECTOR ( 'NONE', #1984, 39.37007874015748143 ) ;
#4103 = DIRECTION ( 'NONE',  ( 0.000000000000000000, 0.000000000000000000, -1.000000000000000000 ) ) ;
#4104 = CARTESIAN_POINT ( 'NONE',  ( 1.294361647359807188, -0.01541307663768504144, 0.1102362204724409434 ) ) ;
#4105 = EDGE_LOOP ( 'NONE', ( #2987, #2329, #3543, #2425 ) ) ;
#4106 = DIRECTION ( 'NONE',  ( 0.000000000000000000, 0.000000000000000000, -1.000000000000000000 ) ) ;
#4107 = ORIENTED_EDGE ( 'NONE', *, *, #2538, .T. ) ;
#4108 = AXIS2_PLACEMENT_3D ( 'NONE', #2892, #396, #3619 ) ;
#4109 = DIRECTION ( 'NONE',  ( 0.000000000000000000, 0.000000000000000000, -1.000000000000000000 ) ) ;
#4110 = EDGE_LOOP ( 'NONE', ( #4484, #2676, #4563, #3951 ) ) ;
#4111 = EDGE_CURVE ( 'NONE', #4358, #1869, #3418, .T. ) ;
#4112 = CARTESIAN_POINT ( 'NONE',  ( 1.268659562188216627, 0.1066341674568033471, 0.1259842519685039353 ) ) ;
#4113 = VECTOR ( 'NONE', #3904, 39.37007874015748143 ) ;
#4114 = DIRECTION ( 'NONE',  ( -1.000000000000000000, 0.000000000000000000, 0.000000000000000000 ) ) ;
#4115 = ORIENTED_EDGE ( 'NONE', *, *, #2444, .F. ) ;
#4116 = ORIENTED_EDGE ( 'NONE', *, *, #1619, .F. ) ;
#4117 = FACE_OUTER_BOUND ( 'NONE', #1512, .T. ) ;
#4118 = VERTEX_POINT ( 'NONE', #506 ) ;
#4119 = EDGE_CURVE ( 'NONE', #1643, #1798, #2993, .T. ) ;
#4120 = AXIS2_PLACEMENT_3D ( 'NONE', #1452, #4692, #2291 ) ;
#4121 = CARTESIAN_POINT ( 'NONE',  ( 1.069840664550433251, -0.05478315537781906774, 0.05708661417322834220 ) ) ;
#4122 = DIRECTION ( 'NONE',  ( -1.000000000000000000, 0.000000000000000000, 0.000000000000000000 ) ) ;
#4123 = FACE_OUTER_BOUND ( 'NONE', #3198, .T. ) ;
#4124 = DIRECTION ( 'NONE',  ( 0.000000000000000000, 0.000000000000000000, -1.000000000000000000 ) ) ;
#4125 = ORIENTED_EDGE ( 'NONE', *, *, #1230, .T. ) ;
#4126 = EDGE_CURVE ( 'NONE', #900, #878, #1354, .T. ) ;
#4127 = CARTESIAN_POINT ( 'NONE',  ( 1.536487631611791249, -0.2102457538030161610, 0.04133858267716536417 ) ) ;
#4128 = EDGE_CURVE ( 'NONE', #4176, #1788, #4864, .T. ) ;
#4129 = DIRECTION ( 'NONE',  ( 0.000000000000000000, 0.000000000000000000, -1.000000000000000000 ) ) ;
#4130 = FACE_BOUND ( 'NONE', #4324, .T. ) ;
#4131 = FACE_OUTER_BOUND ( 'NONE', #3578, .T. ) ;
#4132 = FACE_OUTER_BOUND ( 'NONE', #5056, .T. ) ;
#4133 = EDGE_LOOP ( 'NONE', ( #5005, #5083, #2780, #3282 ) ) ;
#4134 = CARTESIAN_POINT ( 'NONE',  ( 1.510897080430677164, -0.05084614750383433662, 0.1259842519685039353 ) ) ;
#4135 = ORIENTED_EDGE ( 'NONE', *, *, #3017, .T. ) ;
#4136 = DIRECTION ( 'NONE',  ( -1.000000000000000000, 0.000000000000000000, 0.000000000000000000 ) ) ;
#4137 = VERTEX_POINT ( 'NONE', #2168 ) ;
#4138 = ADVANCED_FACE ( 'NONE', ( #129 ), #2141, .T. ) ;
#4139 = CARTESIAN_POINT ( 'NONE',  ( 1.231369521375566878, -0.05478315537781906774, -0.04133858267716536417 ) ) ;
#4140 = ORIENTED_EDGE ( 'NONE', *, *, #4322, .T. ) ;
#4141 = EDGE_LOOP ( 'NONE', ( #1791, #1455, #3833, #563, #4521 ) ) ;
#4142 = DIRECTION ( 'NONE',  ( 1.000000000000000000, -4.869399230812180366E-15, 0.000000000000000000 ) ) ;
#4143 = ORIENTED_EDGE ( 'NONE', *, *, #1200, .F. ) ;
#4144 = CARTESIAN_POINT ( 'NONE',  ( 1.193856412581917326, 0.3113585769056299024, -0.05905511811023622659 ) ) ;
#4145 = ADVANCED_FACE ( 'NONE', ( #883 ), #2567, .F. ) ;
#4146 = EDGE_CURVE ( 'NONE', #731, #6, #3779, .T. ) ;
#4147 = CARTESIAN_POINT ( 'NONE',  ( 1.235194995259094597, -0.05478315537781906774, -0.1102362204724409434 ) ) ;
#4148 = CARTESIAN_POINT ( 'NONE',  ( 1.251059457582212708, -0.2093104702001736261, 0.1259842519685039353 ) ) ;
#4149 = LINE ( 'NONE', #2543, #1170 ) ;
#4150 = ORIENTED_EDGE ( 'NONE', *, *, #1886, .T. ) ;
#4151 = DIRECTION ( 'NONE',  ( 1.000000000000000000, -4.625929269271459290E-14, 0.000000000000000000 ) ) ;
#4152 = PRODUCT_RELATED_PRODUCT_CATEGORY ( 'part', '', ( #4879 ) ) ;
#4153 = VECTOR ( 'NONE', #3437, 39.37007874015748143 ) ;
#4154 = PLANE ( 'NONE',  #3412 ) ;
#4155 = VECTOR ( 'NONE', #1926, 39.37007874015748143 ) ;
#4156 = CARTESIAN_POINT ( 'NONE',  ( -1.088107366759409445, -4.589399965618111032, -0.1259842519685039353 ) ) ;
#4157 = EDGE_CURVE ( 'NONE', #3479, #4118, #1762, .T. ) ;
#4158 = DIRECTION ( 'NONE',  ( -1.000000000000000000, 0.000000000000000000, 0.000000000000000000 ) ) ;
#4159 = AXIS2_PLACEMENT_3D ( 'NONE', #1787, #335, #3551 ) ;
#4160 = LINE ( 'NONE', #1269, #2736 ) ;
#4161 = ORIENTED_EDGE ( 'NONE', *, *, #4977, .F. ) ;
#4162 = CARTESIAN_POINT ( 'NONE',  ( 1.081651688172472481, -0.08627921836996831073, 0.1259842519685039353 ) ) ;
#4163 = ORIENTED_EDGE ( 'NONE', *, *, #3181, .F. ) ;
#4164 = VECTOR ( 'NONE', #4202, 39.37007874015748143 ) ;
#4165 = EDGE_CURVE ( 'NONE', #296, #4230, #2193, .T. ) ;
#4166 = CARTESIAN_POINT ( 'NONE',  ( 1.634915276880464452, -0.2092853712438586533, 0.04133858267716536417 ) ) ;
#4167 = EDGE_LOOP ( 'NONE', ( #2628, #1856, #1731, #1084 ) ) ;
#4168 = EDGE_LOOP ( 'NONE', ( #3396, #104, #935, #1727 ) ) ;
#4169 = ORIENTED_EDGE ( 'NONE', *, *, #3351, .F. ) ;
#4170 = AXIS2_PLACEMENT_3D ( 'NONE', #4562, #3363, #3799 ) ;
#4171 = DIRECTION ( 'NONE',  ( 0.000000000000000000, 0.000000000000000000, -1.000000000000000000 ) ) ;
#4172 = AXIS2_PLACEMENT_3D ( 'NONE', #5024, #1371, #3946 ) ;
#4173 = CARTESIAN_POINT ( 'NONE',  ( 1.140706806282704822, 0.1066341674568033471, 0.1259842519685039353 ) ) ;
#4174 = LINE ( 'NONE', #508, #4878 ) ;
#4175 = PLANE ( 'NONE',  #5175 ) ;
#4176 = VERTEX_POINT ( 'NONE', #958 ) ;
#4177 = ADVANCED_FACE ( 'NONE', ( #3828 ), #2593, .F. ) ;
#4178 = DIRECTION ( 'NONE',  ( 0.000000000000000000, 1.000000000000000000, 0.000000000000000000 ) ) ;
#4179 = CARTESIAN_POINT ( 'NONE',  ( 1.644643814156732331, -0.05478315537781906774, -0.1102362204724409434 ) ) ;
#4180 = CARTESIAN_POINT ( 'NONE',  ( 1.081651688172472481, 0.1341932225749137841, -0.1259842519685039353 ) ) ;
#4181 = VECTOR ( 'NONE', #3249, 39.37007874015748143 ) ;
#4182 = DIRECTION ( 'NONE',  ( 0.000000000000000000, 0.000000000000000000, -1.000000000000000000 ) ) ;
#4183 = CARTESIAN_POINT ( 'NONE',  ( 1.081651688172472481, 0.1341932225749137841, 0.1259842519685039353 ) ) ;
#4184 = VERTEX_POINT ( 'NONE', #158 ) ;
#4185 = DIRECTION ( 'NONE',  ( 0.000000000000000000, 0.000000000000000000, -1.000000000000000000 ) ) ;
#4186 = EDGE_LOOP ( 'NONE', ( #1239, #530, #3385, #2047 ) ) ;
#4187 = EDGE_CURVE ( 'NONE', #2313, #3557, #2113, .T. ) ;
#4188 = VECTOR ( 'NONE', #2898, 39.37007874015748143 ) ;
#4189 = CARTESIAN_POINT ( 'NONE',  ( 1.489132003133110338, -0.05478315537781906774, -0.1102362204724409434 ) ) ;
#4190 = PLANE ( 'NONE',  #2836 ) ;
#4191 = VECTOR ( 'NONE', #668, 39.37007874015748143 ) ;
#4192 = ORIENTED_EDGE ( 'NONE', *, *, #3781, .F. ) ;
#4193 = EDGE_LOOP ( 'NONE', ( #3516, #3451, #3804, #3414 ) ) ;
#4194 = EDGE_LOOP ( 'NONE', ( #2189, #603, #3827, #1186 ) ) ;
#4195 = EDGE_CURVE ( 'NONE', #2932, #871, #2943, .T. ) ;
#4196 = LINE ( 'NONE', #1759, #4070 ) ;
#4197 = AXIS2_PLACEMENT_3D ( 'NONE', #609, #3154, #1516 ) ;
#4198 = LINE ( 'NONE', #4542, #4997 ) ;
#4199 = LINE ( 'NONE', #533, #348 ) ;
#4200 = CARTESIAN_POINT ( 'NONE',  ( 1.294361647359807188, -0.05084614750382669690, 0.1259842519685039353 ) ) ;
#4201 = VECTOR ( 'NONE', #4182, 39.37007874015748143 ) ;
#4202 = DIRECTION ( 'NONE',  ( 0.000000000000000000, 0.000000000000000000, -1.000000000000000000 ) ) ;
#4203 = VERTEX_POINT ( 'NONE', #83 ) ;
#4204 = VECTOR ( 'NONE', #748, 39.37007874015748143 ) ;
#4205 = DIRECTION ( 'NONE',  ( 1.000000000000000000, 0.000000000000000000, 0.000000000000000000 ) ) ;
#4206 = ADVANCED_FACE ( 'NONE', ( #1710 ), #3342, .T. ) ;
#4207 = CARTESIAN_POINT ( 'NONE',  ( 1.526645111926748122, -0.05478315537781906774, 0.04133858267716536417 ) ) ;
#4208 = CARTESIAN_POINT ( 'NONE',  ( 1.274676607989728261, -0.07446819474792892857, 0.1259842519685039353 ) ) ;
#4209 = EDGE_CURVE ( 'NONE', #3114, #4260, #713, .T. ) ;
#4210 = CARTESIAN_POINT ( 'NONE',  ( 1.251059457582212708, -0.05478315537781906774, 0.04133858267716536417 ) ) ;
#4211 = ORIENTED_EDGE ( 'NONE', *, *, #1191, .T. ) ;
#4212 = FACE_OUTER_BOUND ( 'NONE', #4749, .T. ) ;
#4213 = DIRECTION ( 'NONE',  ( 1.000000000000000000, 0.000000000000000000, 0.000000000000000000 ) ) ;
#4214 = DIRECTION ( 'NONE',  ( 1.000000000000000000, 0.000000000000000000, 0.000000000000000000 ) ) ;
#4215 = ADVANCED_FACE ( 'NONE', ( #1008 ), #5062, .F. ) ;
#4216 = ORIENTED_EDGE ( 'NONE', *, *, #2148, .T. ) ;
#4217 = CARTESIAN_POINT ( 'NONE',  ( 1.361179247227586764, 0.1066341674567956588, -0.1259842519685039353 ) ) ;
#4218 = VERTEX_POINT ( 'NONE', #266 ) ;
#4219 = ORIENTED_EDGE ( 'NONE', *, *, #718, .T. ) ;
#4220 = CARTESIAN_POINT ( 'NONE',  ( 1.081651688172480474, -0.01541307663766153767, 0.1259842519685039353 ) ) ;
#4221 = ADVANCED_FACE ( 'NONE', ( #237 ), #2753, .T. ) ;
#4222 = LINE ( 'NONE', #4148, #3006 ) ;
#4223 = CARTESIAN_POINT ( 'NONE',  ( 1.140706806282716590, -0.05478315537781906774, 0.1102362204724409434 ) ) ;
#4224 = ORIENTED_EDGE ( 'NONE', *, *, #2119, .F. ) ;
#4225 = DIRECTION ( 'NONE',  ( 0.000000000000000000, 0.000000000000000000, 1.000000000000000000 ) ) ;
#4226 = VERTEX_POINT ( 'NONE', #1840 ) ;
#4227 = FACE_OUTER_BOUND ( 'NONE', #2882, .T. ) ;
#4228 = DIRECTION ( 'NONE',  ( 0.7071067811864886199, -0.7071067811866065256, 0.000000000000000000 ) ) ;
#4229 = DIRECTION ( 'NONE',  ( 1.000000000000000000, 0.000000000000000000, 0.000000000000000000 ) ) ;
#4230 = VERTEX_POINT ( 'NONE', #1118 ) ;
#4231 = PLANE ( 'NONE',  #5182 ) ;
#4232 = VECTOR ( 'NONE', #3192, 39.37007874015748143 ) ;
#4233 = EDGE_CURVE ( 'NONE', #1876, #4936, #1462, .T. ) ;
#4234 = LINE ( 'NONE', #2558, #2185 ) ;
#4235 = VECTOR ( 'NONE', #1855, 39.37007874015748143 ) ;
#4236 = PLANE ( 'NONE',  #780 ) ;
#4237 = ORIENTED_EDGE ( 'NONE', *, *, #580, .F. ) ;
#4238 = ORIENTED_EDGE ( 'NONE', *, *, #218, .T. ) ;
#4239 = CARTESIAN_POINT ( 'NONE',  ( 1.235306529249574847, -0.01541307663768504144, 0.1259842519685039353 ) ) ;
#4240 = VERTEX_POINT ( 'NONE', #3125 ) ;
#4241 = VECTOR ( 'NONE', #4057, 39.37007874015748143 ) ;
#4242 = EDGE_CURVE ( 'NONE', #413, #2729, #4300, .T. ) ;
#4243 = LINE ( 'NONE', #581, #2111 ) ;
#4244 = ORIENTED_EDGE ( 'NONE', *, *, #571, .F. ) ;
#4245 = DIRECTION ( 'NONE',  ( 0.000000000000000000, 0.000000000000000000, -1.000000000000000000 ) ) ;
#4246 = CIRCLE ( 'NONE', #4921, 0.009891732283464897690 ) ;
#4247 = VERTEX_POINT ( 'NONE', #1091 ) ;
#4248 = CARTESIAN_POINT ( 'NONE',  ( 1.428219915076354596, -0.05478315537781906774, 0.04133858267716536417 ) ) ;
#4249 = DIRECTION ( 'NONE',  ( -1.000000000000000000, 0.000000000000000000, 0.000000000000000000 ) ) ;
#4250 = EDGE_LOOP ( 'NONE', ( #214, #1272, #5180, #3745 ) ) ;
#4251 = EDGE_CURVE ( 'NONE', #873, #241, #632, .T. ) ;
#4252 = AXIS2_PLACEMENT_3D ( 'NONE', #4422, #1505, #4796 ) ;
#4253 = CARTESIAN_POINT ( 'NONE',  ( 1.268659562188216627, 0.1066341674568033471, -0.1102362204724409434 ) ) ;
#4254 = PLANE ( 'NONE',  #2058 ) ;
#4255 = ORIENTED_EDGE ( 'NONE', *, *, #3960, .T. ) ;
#4256 = DIRECTION ( 'NONE',  ( 1.000000000000000000, 0.000000000000000000, 0.000000000000000000 ) ) ;
#4257 = EDGE_CURVE ( 'NONE', #3548, #4693, #659, .T. ) ;
#4258 = CARTESIAN_POINT ( 'NONE',  ( 1.140706806282704822, 0.1066341674568033471, 0.1259842519685039353 ) ) ;
#4259 = DIRECTION ( 'NONE',  ( 0.000000000000000000, 1.000000000000000000, 0.000000000000000000 ) ) ;
#4260 = VERTEX_POINT ( 'NONE', #1490 ) ;
#4261 = DIRECTION ( 'NONE',  ( 0.000000000000000000, -1.000000000000000000, 0.000000000000000000 ) ) ;
#4262 = CARTESIAN_POINT ( 'NONE',  ( 1.081651688172472481, 0.1341932225749137841, 0.1259842519685039353 ) ) ;
#4263 = CARTESIAN_POINT ( 'NONE',  ( 1.491212041060598459, -0.01541307663768504144, 0.1259842519685039353 ) ) ;
#4264 = VERTEX_POINT ( 'NONE', #3529 ) ;
#4265 = ORIENTED_EDGE ( 'NONE', *, *, #1918, .T. ) ;
#4266 = EDGE_CURVE ( 'NONE', #3059, #2777, #4702, .T. ) ;
#4267 = VECTOR ( 'NONE', #15, 39.37007874015748143 ) ;
#4268 = LINE ( 'NONE', #4617, #1515 ) ;
#4269 = ORIENTED_EDGE ( 'NONE', *, *, #4021, .F. ) ;
#4270 = EDGE_LOOP ( 'NONE', ( #2322, #497, #2408, #4827 ) ) ;
#4271 = CIRCLE ( 'NONE', #175, 0.009891732283464897690 ) ;
#4272 = DIRECTION ( 'NONE',  ( 1.000000000000000000, 0.000000000000000000, 0.000000000000000000 ) ) ;
#4273 = VERTEX_POINT ( 'NONE', #1034 ) ;
#4274 = EDGE_CURVE ( 'NONE', #2391, #1376, #3978, .T. ) ;
#4275 = LINE ( 'NONE', #1900, #3391 ) ;
#4276 = ORIENTED_EDGE ( 'NONE', *, *, #1311, .F. ) ;
#4277 = AXIS2_PLACEMENT_3D ( 'NONE', #2812, #4092, #4122 ) ;
#4278 = CARTESIAN_POINT ( 'NONE',  ( 1.510897080430673389, -0.07446819474792892857, 0.1259842519685039353 ) ) ;
#4279 = LINE ( 'NONE', #2734, #1453 ) ;
#4280 = AXIS2_PLACEMENT_3D ( 'NONE', #737, #2371, #2480 ) ;
#4281 = PLANE ( 'NONE',  #2154 ) ;
#4282 = EDGE_CURVE ( 'NONE', #1816, #3528, #1867, .T. ) ;
#4283 = EDGE_LOOP ( 'NONE', ( #5155, #445, #4968, #2802 ) ) ;
#4284 = LINE ( 'NONE', #5100, #4695 ) ;
#4285 = AXIS2_PLACEMENT_3D ( 'NONE', #357, #3576, #4473 ) ;
#4286 = CARTESIAN_POINT ( 'NONE',  ( 1.252911530692153663, 0.3310436162757008360, 0.05905511811023622659 ) ) ;
#4287 = EDGE_CURVE ( 'NONE', #1993, #2401, #3553, .T. ) ;
#4288 = CARTESIAN_POINT ( 'NONE',  ( 1.625070308777141870, -0.05478315537781142802, 0.1259842519685039353 ) ) ;
#4289 = ORIENTED_EDGE ( 'NONE', *, *, #4535, .F. ) ;
#4290 = LINE ( 'NONE', #1052, #2034 ) ;
#4291 = LINE ( 'NONE', #2665, #3728 ) ;
#4292 = DIRECTION ( 'NONE',  ( 0.000000000000000000, 0.000000000000000000, 1.000000000000000000 ) ) ;
#4293 = ORIENTED_EDGE ( 'NONE', *, *, #1712, .T. ) ;
#4294 = ORIENTED_EDGE ( 'NONE', *, *, #5157, .F. ) ;
#4295 = DIRECTION ( 'NONE',  ( 0.000000000000000000, 0.000000000000000000, -1.000000000000000000 ) ) ;
#4296 = ORIENTED_EDGE ( 'NONE', *, *, #2207, .T. ) ;
#4297 = LINE ( 'NONE', #3954, #398 ) ;
#4298 = EDGE_CURVE ( 'NONE', #4813, #3928, #436, .T. ) ;
#4299 = VERTEX_POINT ( 'NONE', #2697 ) ;
#4300 = LINE ( 'NONE', #5144, #4955 ) ;
#4301 = FACE_OUTER_BOUND ( 'NONE', #2526, .T. ) ;
#4302 = EDGE_LOOP ( 'NONE', ( #424, #323, #2083, #2235 ) ) ;
#4303 = PLANE ( 'NONE',  #4756 ) ;
#4304 = ADVANCED_FACE ( 'NONE', ( #4672 ), #312, .F. ) ;
#4305 = LINE ( 'NONE', #4332, #1409 ) ;
#4306 = EDGE_CURVE ( 'NONE', #4098, #3878, #5116, .T. ) ;
#4307 = LINE ( 'NONE', #2276, #434 ) ;
#4308 = CARTESIAN_POINT ( 'NONE',  ( 1.550267159170830578, -0.07446819474792892857, -0.1259842519685039353 ) ) ;
#4309 = EDGE_LOOP ( 'NONE', ( #1237, #4089, #3740, #474, #456 ) ) ;
#4310 = DIRECTION ( 'NONE',  ( -1.000000000000000000, 5.523497634951010508E-15, 0.000000000000000000 ) ) ;
#4311 = DIRECTION ( 'NONE',  ( 1.000000000000000000, -1.132880637372604036E-14, 0.000000000000000000 ) ) ;
#4312 = CARTESIAN_POINT ( 'NONE',  ( 1.231369489381731297, -0.2092853712438586533, 0.04133858267716536417 ) ) ;
#4313 = EDGE_LOOP ( 'NONE', ( #1600, #1487, #902, #2655 ) ) ;
#4314 = DIRECTION ( 'NONE',  ( 0.000000000000000000, -1.000000000000000000, 0.000000000000000000 ) ) ;
#4315 = EDGE_CURVE ( 'NONE', #3293, #1816, #4325, .T. ) ;
#4316 = DIRECTION ( 'NONE',  ( 0.000000000000000000, 0.000000000000000000, 1.000000000000000000 ) ) ;
#4317 = DIRECTION ( 'NONE',  ( 0.000000000000000000, 0.000000000000000000, -1.000000000000000000 ) ) ;
#4318 = ORIENTED_EDGE ( 'NONE', *, *, #4083, .T. ) ;
#4319 = ORIENTED_EDGE ( 'NONE', *, *, #1838, .T. ) ;
#4320 = DIRECTION ( 'NONE',  ( -4.625929269271459290E-14, -1.000000000000000000, 0.000000000000000000 ) ) ;
#4321 = ORIENTED_EDGE ( 'NONE', *, *, #2808, .T. ) ;
#4322 = EDGE_CURVE ( 'NONE', #2326, #5194, #5089, .T. ) ;
#4323 = CIRCLE ( 'NONE', #487, 0.009845000097158516927 ) ;
#4324 = EDGE_LOOP ( 'NONE', ( #405, #812, #3583, #1494 ) ) ;
#4325 = LINE ( 'NONE', #212, #2830 ) ;
#4326 = ORIENTED_EDGE ( 'NONE', *, *, #4119, .F. ) ;
#4327 = CARTESIAN_POINT ( 'NONE',  ( 1.164328853526799490, 0.1066341674568033471, 0.1259842519685039353 ) ) ;
#4328 = CARTESIAN_POINT ( 'NONE',  ( 1.428219915076354596, -0.05478315537781906774, 0.04133858267716536417 ) ) ;
#4329 = VERTEX_POINT ( 'NONE', #1192 ) ;
#4330 = AXIS2_PLACEMENT_3D ( 'NONE', #1064, #4331, #3935 ) ;
#4331 = DIRECTION ( 'NONE',  ( -4.869399230812180366E-15, -1.000000000000000000, 0.000000000000000000 ) ) ;
#4332 = CARTESIAN_POINT ( 'NONE',  ( 1.268659562188216627, 0.1066341674568033471, -0.1259842519685039353 ) ) ;
#4333 = CIRCLE ( 'NONE', #2025, 0.009845000097158516927 ) ;
#4334 = DIRECTION ( 'NONE',  ( 0.000000000000000000, 1.000000000000000000, 0.000000000000000000 ) ) ;
#4335 = ORIENTED_EDGE ( 'NONE', *, *, #1521, .T. ) ;
#4336 = ORIENTED_EDGE ( 'NONE', *, *, #3003, .F. ) ;
#4337 = EDGE_CURVE ( 'NONE', #1890, #4746, #3632, .T. ) ;
#4338 = VECTOR ( 'NONE', #3926, 39.37007874015748143 ) ;
#4339 = DIRECTION ( 'NONE',  ( 4.869399230812180366E-15, 1.000000000000000000, 0.000000000000000000 ) ) ;
#4340 = FACE_BOUND ( 'NONE', #1111, .T. ) ;
#4341 = VECTOR ( 'NONE', #4926, 39.37007874015748143 ) ;
#4342 = CARTESIAN_POINT ( 'NONE',  ( 1.069840664550433251, -0.2890351238817558954, -0.04133858267716536417 ) ) ;
#4343 = ORIENTED_EDGE ( 'NONE', *, *, #3108, .F. ) ;
#4344 = EDGE_CURVE ( 'NONE', #589, #1194, #1589, .T. ) ;
#4345 = DIRECTION ( 'NONE',  ( 0.000000000000000000, 0.000000000000000000, -1.000000000000000000 ) ) ;
#4346 = CARTESIAN_POINT ( 'NONE',  ( 1.235194995259094597, -0.01541307663766153767, -0.1102362204724409434 ) ) ;
#4347 = CARTESIAN_POINT ( 'NONE',  ( 1.546330151296830602, -0.05478315537781906774, 0.04133858267716536417 ) ) ;
#4348 = VERTEX_POINT ( 'NONE', #2020 ) ;
#4349 = ORIENTED_EDGE ( 'NONE', *, *, #673, .T. ) ;
#4350 = EDGE_CURVE ( 'NONE', #1194, #3268, #4826, .T. ) ;
#4351 = CARTESIAN_POINT ( 'NONE',  ( 1.550155625180354546, -0.01541307663766153767, 0.1102362204724409434 ) ) ;
#4352 = ORIENTED_EDGE ( 'NONE', *, *, #1720, .T. ) ;
#4353 = DIRECTION ( 'NONE',  ( 1.000000000000000000, 0.000000000000000000, 0.000000000000000000 ) ) ;
#4354 = CIRCLE ( 'NONE', #4779, 0.009845000097158516927 ) ;
#4355 = CARTESIAN_POINT ( 'NONE',  ( 1.428219915076354596, -0.05478315537781906774, -0.04133858267716536417 ) ) ;
#4356 = EDGE_CURVE ( 'NONE', #3654, #33, #4404, .T. ) ;
#4357 = DIRECTION ( 'NONE',  ( 1.000000000000000000, 1.387778780781472023E-14, 0.000000000000000000 ) ) ;
#4358 = VERTEX_POINT ( 'NONE', #4803 ) ;
#4359 = PLANE ( 'NONE',  #2282 ) ;
#4360 = VECTOR ( 'NONE', #2358, 39.37007874015748143 ) ;
#4361 = LINE ( 'NONE', #345, #3645 ) ;
#4362 = CARTESIAN_POINT ( 'NONE',  ( 1.428219883082518571, -0.2092853712438586533, 0.04133858267716536417 ) ) ;
#4363 = VECTOR ( 'NONE', #3025, 39.37007874015748143 ) ;
#4364 = ORIENTED_EDGE ( 'NONE', *, *, #4446, .F. ) ;
#4365 = AXIS2_PLACEMENT_3D ( 'NONE', #686, #1946, #1403 ) ;
#4366 = EDGE_CURVE ( 'NONE', #2799, #742, #2424, .T. ) ;
#4367 = CARTESIAN_POINT ( 'NONE',  ( 1.447909851282999982, -0.2093104702001736261, 0.1259842519685039353 ) ) ;
#4368 = LINE ( 'NONE', #1911, #5002 ) ;
#4369 = VERTEX_POINT ( 'NONE', #388 ) ;
#4370 = VECTOR ( 'NONE', #4452, 39.37007874015748143 ) ;
#4371 = DIRECTION ( 'NONE',  ( 0.000000000000000000, -1.000000000000000000, -3.644377050371479832E-17 ) ) ;
#4372 = LINE ( 'NONE', #1887, #4232 ) ;
#4373 = EDGE_CURVE ( 'NONE', #4800, #5088, #5273, .T. ) ;
#4374 = VECTOR ( 'NONE', #4567, 39.37007874015748143 ) ;
#4375 = LINE ( 'NONE', #3171, #4795 ) ;
#4376 = ORIENTED_EDGE ( 'NONE', *, *, #1997, .F. ) ;
#4377 = ORIENTED_EDGE ( 'NONE', *, *, #1148, .F. ) ;
#4378 = LINE ( 'NONE', #386, #3056 ) ;
#4379 = ORIENTED_EDGE ( 'NONE', *, *, #2410, .F. ) ;
#4380 = DIRECTION ( 'NONE',  ( 0.000000000000000000, 1.000000000000000000, 0.000000000000000000 ) ) ;
#4381 = CARTESIAN_POINT ( 'NONE',  ( 1.625070308777141870, -0.05478315537781142802, -0.05708661417322834220 ) ) ;
#4382 = LENGTH_MEASURE_WITH_UNIT ( LENGTH_MEASURE( 0.02539999999999999897 ), #4966 );
#4383 = DIRECTION ( 'NONE',  ( 0.000000000000000000, 0.000000000000000000, 1.000000000000000000 ) ) ;
#4384 = ORIENTED_EDGE ( 'NONE', *, *, #2656, .T. ) ;
#4385 = CARTESIAN_POINT ( 'NONE',  ( 1.081651688172480474, -0.05478315537781906774, 0.1259842519685039353 ) ) ;
#4386 = DIRECTION ( 'NONE',  ( 0.000000000000000000, 0.000000000000000000, 1.000000000000000000 ) ) ;
#4387 = ADVANCED_FACE ( 'NONE', ( #3280 ), #1166, .F. ) ;
#4388 = CARTESIAN_POINT ( 'NONE',  ( 1.634915276880464452, -0.2092853712438586533, 0.1259842519685039353 ) ) ;
#4389 = EDGE_LOOP ( 'NONE', ( #4055, #1393, #955, #4432 ) ) ;
#4390 = ORIENTED_EDGE ( 'NONE', *, *, #4743, .T. ) ;
#4391 = EDGE_CURVE ( 'NONE', #5004, #86, #3257, .T. ) ;
#4392 = PLANE ( 'NONE',  #134 ) ;
#4393 = CARTESIAN_POINT ( 'NONE',  ( 1.550155625180354546, -0.01541307663766153767, 0.1102362204724409434 ) ) ;
#4394 = CARTESIAN_POINT ( 'NONE',  ( 1.193856412581917326, 0.1223821989528663390, 0.06692913385826770867 ) ) ;
#4395 = CARTESIAN_POINT ( 'NONE',  ( 1.140706806282704822, 0.03970503359853590208, 0.1259842519685039353 ) ) ;
#4396 = CARTESIAN_POINT ( 'NONE',  ( 1.361179247227586764, 0.03970503359852826930, 0.1259842519685039353 ) ) ;
#4397 = DIRECTION ( 'NONE',  ( 0.000000000000000000, -1.000000000000000000, 0.000000000000000000 ) ) ;
#4398 = EDGE_LOOP ( 'NONE', ( #3281, #246, #3897, #4927 ) ) ;
#4399 = ORIENTED_EDGE ( 'NONE', *, *, #3425, .T. ) ;
#4400 = LINE ( 'NONE', #709, #745 ) ;
#4401 = VERTEX_POINT ( 'NONE', #420 ) ;
#4402 = EDGE_CURVE ( 'NONE', #4086, #1979, #820, .T. ) ;
#4403 = VECTOR ( 'NONE', #3915, 39.37007874015748143 ) ;
#4404 = LINE ( 'NONE', #3611, #2491 ) ;
#4405 = LINE ( 'NONE', #3530, #1071 ) ;
#4406 = CARTESIAN_POINT ( 'NONE',  ( 1.231369489381731297, -0.2092853712438586533, 0.05708661417322834220 ) ) ;
#4407 = ORIENTED_EDGE ( 'NONE', *, *, #4282, .T. ) ;
#4408 = CARTESIAN_POINT ( 'NONE',  ( 1.233226491322074958, 0.03970503359852826930, 0.1259842519685039353 ) ) ;
#4409 = VECTOR ( 'NONE', #3232, 39.37007874015748143 ) ;
#4410 = CARTESIAN_POINT ( 'NONE',  ( 1.294361647359807188, -0.05084614750382669690, 0.1259842519685039353 ) ) ;
#4411 = CARTESIAN_POINT ( 'NONE',  ( 1.361179247227586764, 0.03970503359852826930, -0.1259842519685039353 ) ) ;
#4412 = LINE ( 'NONE', #2431, #2486 ) ;
#4413 = VECTOR ( 'NONE', #3749, 39.37007874015748143 ) ;
#4414 = PLANE ( 'NONE',  #3432 ) ;
#4415 = ORIENTED_EDGE ( 'NONE', *, *, #1213, .T. ) ;
#4416 = EDGE_CURVE ( 'NONE', #317, #2420, #5209, .T. ) ;
#4417 = AXIS2_PLACEMENT_3D ( 'NONE', #2433, #401, #3943 ) ;
#4418 = CARTESIAN_POINT ( 'NONE',  ( 1.193856412581917326, 0.1223821989528663390, -0.06692913385826770867 ) ) ;
#4419 = CYLINDRICAL_SURFACE ( 'NONE', #5025, 0.009845000097158516927 ) ;
#4420 = VECTOR ( 'NONE', #3182, 39.37007874015748143 ) ;
#4421 = ADVANCED_FACE ( 'NONE', ( #4084 ), #4880, .T. ) ;
#4422 = CARTESIAN_POINT ( 'NONE',  ( 1.233226491322078733, 0.1066341674568033471, 0.1259842519685039353 ) ) ;
#4423 = CARTESIAN_POINT ( 'NONE',  ( 1.428219915076354596, -0.05478315537781906774, -0.04133858267716536417 ) ) ;
#4424 = VECTOR ( 'NONE', #4506, 39.37007874015748143 ) ;
#4425 = DIRECTION ( 'NONE',  ( -1.000000000000000000, 0.000000000000000000, 0.000000000000000000 ) ) ;
#4426 = EDGE_LOOP ( 'NONE', ( #1363, #4776, #180, #2908 ) ) ;
#4427 = VERTEX_POINT ( 'NONE', #1562 ) ;
#4428 = CARTESIAN_POINT ( 'NONE',  ( 1.292281609432311296, 0.3310436162757008360, -0.05905511811023622659 ) ) ;
#4429 = ORIENTED_EDGE ( 'NONE', *, *, #774, .T. ) ;
#4430 = EDGE_CURVE ( 'NONE', #3275, #1948, #3862, .T. ) ;
#4431 = CARTESIAN_POINT ( 'NONE',  ( 1.081651688172472481, 0.1184451910788504175, 0.1102362204724409434 ) ) ;
#4432 = ORIENTED_EDGE ( 'NONE', *, *, #2709, .F. ) ;
#4433 = FACE_OUTER_BOUND ( 'NONE', #3200, .T. ) ;
#4434 = DIRECTION ( 'NONE',  ( 0.000000000000000000, -1.000000000000000000, 0.000000000000000000 ) ) ;
#4435 = ORIENTED_EDGE ( 'NONE', *, *, #3569, .T. ) ;
#4436 = FACE_OUTER_BOUND ( 'NONE', #4013, .T. ) ;
#4437 = CARTESIAN_POINT ( 'NONE',  ( 1.634915276880464452, -0.2092853712438586533, 0.1259842519685039353 ) ) ;
#4438 = VECTOR ( 'NONE', #1413, 39.37007874015748143 ) ;
#4439 = EDGE_CURVE ( 'NONE', #1485, #2582, #23, .T. ) ;
#4440 = DIRECTION ( 'NONE',  ( 0.000000000000000000, 0.000000000000000000, -1.000000000000000000 ) ) ;
#4441 = ORIENTED_EDGE ( 'NONE', *, *, #2838, .T. ) ;
#4442 = CARTESIAN_POINT ( 'NONE',  ( 1.252911530692153663, 0.3310436162757008360, 0.05905511811023622659 ) ) ;
#4443 = AXIS2_PLACEMENT_3D ( 'NONE', #2951, #916, #1391 ) ;
#4444 = CARTESIAN_POINT ( 'NONE',  ( 1.069840664550433251, -0.05478315537781906774, -0.05708661417322834220 ) ) ;
#4445 = CARTESIAN_POINT ( 'NONE',  ( 1.235306529249574847, -0.01541307663768504144, 0.1259842519685039353 ) ) ;
#4446 = EDGE_CURVE ( 'NONE', #1798, #3687, #1245, .T. ) ;
#4447 = VECTOR ( 'NONE', #3445, 39.37007874015748143 ) ;
#4448 = LINE ( 'NONE', #3144, #1780 ) ;
#4449 = DIRECTION ( 'NONE',  ( 1.000000000000000000, -4.625929269271459290E-14, 0.000000000000000000 ) ) ;
#4450 = CARTESIAN_POINT ( 'NONE',  ( 1.140706806282716590, -0.05478315537781906774, 0.1417322834645669549 ) ) ;
#4451 = ADVANCED_FACE ( 'NONE', ( #4509 ), #848, .F. ) ;
#4452 = DIRECTION ( 'NONE',  ( 0.000000000000000000, 0.000000000000000000, -1.000000000000000000 ) ) ;
#4453 = AXIS2_PLACEMENT_3D ( 'NONE', #2911, #3715, #2960 ) ;
#4454 = ORIENTED_EDGE ( 'NONE', *, *, #4502, .F. ) ;
#4455 = LINE ( 'NONE', #2525, #1441 ) ;
#4456 = ORIENTED_EDGE ( 'NONE', *, *, #5090, .F. ) ;
#4457 = LINE ( 'NONE', #4428, #4673 ) ;
#4458 = EDGE_LOOP ( 'NONE', ( #2279, #4319, #4583, #1818 ) ) ;
#4459 = CARTESIAN_POINT ( 'NONE',  ( 1.646723852084220674, -0.08627921836996831073, 0.1102362204724409434 ) ) ;
#4460 = ORIENTED_EDGE ( 'NONE', *, *, #4126, .F. ) ;
#4461 = CARTESIAN_POINT ( 'NONE',  ( 1.428219883082518571, -0.2092853712438586533, 0.05708661417322834220 ) ) ;
#4462 = ORIENTED_EDGE ( 'NONE', *, *, #3649, .F. ) ;
#4463 = DIRECTION ( 'NONE',  ( 0.000000000000000000, 1.000000000000000000, 0.000000000000000000 ) ) ;
#4464 = DIRECTION ( 'NONE',  ( 0.000000000000000000, 0.000000000000000000, -1.000000000000000000 ) ) ;
#4465 = LINE ( 'NONE', #3266, #2578 ) ;
#4466 = LINE ( 'NONE', #278, #4918 ) ;
#4467 = ORIENTED_EDGE ( 'NONE', *, *, #905, .F. ) ;
#4468 = EDGE_CURVE ( 'NONE', #2944, #2326, #4004, .T. ) ;
#4469 = CARTESIAN_POINT ( 'NONE',  ( 1.296218617306338805, -0.05478315537781906774, -0.1102362204724409434 ) ) ;
#4470 = CARTESIAN_POINT ( 'NONE',  ( 1.081651688172472481, 0.1184451910788504175, 0.1102362204724409434 ) ) ;
#4471 = CARTESIAN_POINT ( 'NONE',  ( 1.644643814156732331, -0.05478315537781906774, 0.1102362204724409434 ) ) ;
#4472 = CARTESIAN_POINT ( 'NONE',  ( 1.546330151296830602, -0.2112312353184807034, 0.05708661417322834220 ) ) ;
#4473 = DIRECTION ( 'NONE',  ( 0.000000000000000000, -1.000000000000000000, 0.000000000000000000 ) ) ;
#4474 = EDGE_LOOP ( 'NONE', ( #3320, #4053, #2303, #2450 ) ) ;
#4475 = DIRECTION ( 'NONE',  ( 0.000000000000000000, 1.000000000000000000, 0.000000000000000000 ) ) ;
#4476 = ORIENTED_EDGE ( 'NONE', *, *, #4818, .F. ) ;
#4477 = CARTESIAN_POINT ( 'NONE',  ( 1.296218617306338805, -0.01541307663766153767, 0.1417322834645669549 ) ) ;
#4478 = VERTEX_POINT ( 'NONE', #3179 ) ;
#4479 = EDGE_CURVE ( 'NONE', #4118, #4098, #1141, .T. ) ;
#4480 = CARTESIAN_POINT ( 'NONE',  ( 1.337557199983492318, 0.1066341674568033471, 0.1259842519685039353 ) ) ;
#4481 = ORIENTED_EDGE ( 'NONE', *, *, #4287, .F. ) ;
#4482 = ORIENTED_EDGE ( 'NONE', *, *, #4439, .F. ) ;
#4483 = CARTESIAN_POINT ( 'NONE',  ( 1.268659562188216627, 0.03970503359852826930, 0.1259842519685039353 ) ) ;
#4484 = ORIENTED_EDGE ( 'NONE', *, *, #3163, .T. ) ;
#4485 = ADVANCED_FACE ( 'NONE', ( #2986 ), #4929, .F. ) ;
#4486 = VECTOR ( 'NONE', #4339, 39.37007874015748143 ) ;
#4487 = CARTESIAN_POINT ( 'NONE',  ( 1.193856412581917326, 0.1223821989528663390, -0.05905511811023622659 ) ) ;
#4488 = LINE ( 'NONE', #1653, #4951 ) ;
#4489 = CARTESIAN_POINT ( 'NONE',  ( 1.081651688172472481, -0.08627921836996831073, 0.1259842519685039353 ) ) ;
#4490 = PLANE ( 'NONE',  #3217 ) ;
#4491 = ORIENTED_EDGE ( 'NONE', *, *, #3082, .T. ) ;
#4492 = VECTOR ( 'NONE', #164, 39.37007874015748143 ) ;
#4493 = AXIS2_PLACEMENT_3D ( 'NONE', #1347, #4612, #1693 ) ;
#4494 = LINE ( 'NONE', #4548, #4188 ) ;
#4495 = EDGE_CURVE ( 'NONE', #2085, #2334, #1676, .T. ) ;
#4496 = LINE ( 'NONE', #3759, #1 ) ;
#4497 = VECTOR ( 'NONE', #144, 39.37007874015748143 ) ;
#4498 = FACE_OUTER_BOUND ( 'NONE', #449, .T. ) ;
#4499 = CARTESIAN_POINT ( 'NONE',  ( 1.644760244983787700, -0.2093104702001736261, -0.05708661417322834220 ) ) ;
#4500 = AXIS2_PLACEMENT_3D ( 'NONE', #2834, #1144, #4434 ) ;
#4501 = PLANE ( 'NONE',  #3262 ) ;
#4502 = EDGE_CURVE ( 'NONE', #2988, #284, #951, .T. ) ;
#4503 = ORIENTED_EDGE ( 'NONE', *, *, #3322, .F. ) ;
#4504 = LINE ( 'NONE', #1667, #3762 ) ;
#4505 = ORIENTED_EDGE ( 'NONE', *, *, #5041, .F. ) ;
#4506 = DIRECTION ( 'NONE',  ( -1.000000000000000000, -4.625929269271509777E-14, 4.478073717418334673E-31 ) ) ;
#4507 = ORIENTED_EDGE ( 'NONE', *, *, #4209, .F. ) ;
#4508 = VECTOR ( 'NONE', #4185, 39.37007874015748143 ) ;
#4509 = FACE_OUTER_BOUND ( 'NONE', #3813, .T. ) ;
#4510 = EDGE_CURVE ( 'NONE', #3927, #2533, #1375, .T. ) ;
#4511 = EDGE_LOOP ( 'NONE', ( #4735, #1094, #702, #3684 ) ) ;
#4512 = ORIENTED_EDGE ( 'NONE', *, *, #2662, .F. ) ;
#4513 = DIRECTION ( 'NONE',  ( 1.132880637372604036E-14, 1.000000000000000000, 0.000000000000000000 ) ) ;
#4514 = VERTEX_POINT ( 'NONE', #2610 ) ;
#4515 = CARTESIAN_POINT ( 'NONE',  ( 1.361179247227586764, 0.1066341674567956588, 0.1259842519685039353 ) ) ;
#4516 = DIRECTION ( 'NONE',  ( 0.000000000000000000, 1.000000000000000000, 0.000000000000000000 ) ) ;
#4517 = ADVANCED_FACE ( 'NONE', ( #3743 ), #473, .F. ) ;
#4518 = ORIENTED_EDGE ( 'NONE', *, *, #2104, .T. ) ;
#4519 = CARTESIAN_POINT ( 'NONE',  ( 1.081651688172472481, 0.1341932225749137841, -0.1102362204724409434 ) ) ;
#4520 = CARTESIAN_POINT ( 'NONE',  ( 1.438064883179677178, -0.2092853712438586533, -0.04133858267716536417 ) ) ;
#4521 = ORIENTED_EDGE ( 'NONE', *, *, #1658, .F. ) ;
#4522 = PLANE ( 'NONE',  #1286 ) ;
#4523 = VECTOR ( 'NONE', #2076, 39.37007874015748143 ) ;
#4524 = DIRECTION ( 'NONE',  ( -1.132880637372596148E-14, 1.000000000000000000, 0.000000000000000000 ) ) ;
#4525 = EDGE_CURVE ( 'NONE', #33, #3250, #1719, .T. ) ;
#4526 = LINE ( 'NONE', #379, #2105 ) ;
#4527 = VECTOR ( 'NONE', #249, 39.37007874015748143 ) ;
#4528 = DIRECTION ( 'NONE',  ( 0.000000000000000000, -1.000000000000000000, 0.000000000000000000 ) ) ;
#4529 = DIRECTION ( 'NONE',  ( 4.869399230812180366E-15, 1.000000000000000000, 0.000000000000000000 ) ) ;
#4530 = EDGE_LOOP ( 'NONE', ( #2211, #2561, #1812, #3008, #3001 ) ) ;
#4531 = DIRECTION ( 'NONE',  ( -4.625929269271459290E-14, -1.000000000000000000, 0.000000000000000000 ) ) ;
#4532 = ORIENTED_EDGE ( 'NONE', *, *, #596, .F. ) ;
#4533 = LINE ( 'NONE', #2078, #4341 ) ;
#4534 = ORIENTED_EDGE ( 'NONE', *, *, #5069, .T. ) ;
#4535 = EDGE_CURVE ( 'NONE', #4900, #1572, #1302, .T. ) ;
#4536 = VECTOR ( 'NONE', #2270, 39.37007874015748143 ) ;
#4537 = CARTESIAN_POINT ( 'NONE',  ( 1.274676607989728261, -0.07446819474792892857, -0.1102362204724409434 ) ) ;
#4538 = ORIENTED_EDGE ( 'NONE', *, *, #1658, .T. ) ;
#4539 =( NAMED_UNIT ( * ) PLANE_ANGLE_UNIT ( ) SI_UNIT ( $, .RADIAN. ) );
#4540 = EDGE_LOOP ( 'NONE', ( #3710, #3848, #3195, #2373 ) ) ;
#4541 = VECTOR ( 'NONE', #842, 39.37007874015748143 ) ;
#4542 = CARTESIAN_POINT ( 'NONE',  ( 1.235194995259094597, -0.05478315537781906774, -0.1102362204724409434 ) ) ;
#4543 = CARTESIAN_POINT ( 'NONE',  ( 1.646723852084220674, -0.01541307663768504144, -0.1259842519685039353 ) ) ;
#4544 = DIRECTION ( 'NONE',  ( 0.000000000000000000, -1.000000000000000000, 0.000000000000000000 ) ) ;
#4545 = CARTESIAN_POINT ( 'NONE',  ( 1.251059457582212708, -0.2093104702001736261, 0.1259842519685039353 ) ) ;
#4546 = ORIENTED_EDGE ( 'NONE', *, *, #4525, .T. ) ;
#4547 = ADVANCED_FACE ( 'NONE', ( #4956 ), #2507, .F. ) ;
#4548 = CARTESIAN_POINT ( 'NONE',  ( 1.337557199983492318, 0.03970503359852826930, 0.1259842519685039353 ) ) ;
#4549 = ORIENTED_EDGE ( 'NONE', *, *, #4680, .T. ) ;
#4550 = CARTESIAN_POINT ( 'NONE',  ( 1.699761924392952706, -0.01541307663766153767, -0.1102362204724409434 ) ) ;
#4551 = ADVANCED_FACE ( 'NONE', ( #3333 ), #4236, .F. ) ;
#4552 = CARTESIAN_POINT ( 'NONE',  ( 1.447909851282999982, -0.2093104702001736261, 0.05708661417322834220 ) ) ;
#4553 = DIRECTION ( 'NONE',  ( -1.000000000000000000, 0.000000000000000000, 0.000000000000000000 ) ) ;
#4554 = CARTESIAN_POINT ( 'NONE',  ( 1.337557199983492318, 0.03970503359852826930, 0.1259842519685039353 ) ) ;
#4555 = VERTEX_POINT ( 'NONE', #4558 ) ;
#4556 = CARTESIAN_POINT ( 'NONE',  ( 1.081651688172472481, 0.1341932225749137841, 0.1102362204724409434 ) ) ;
#4557 = ORIENTED_EDGE ( 'NONE', *, *, #1311, .T. ) ;
#4558 = CARTESIAN_POINT ( 'NONE',  ( 1.231369521375566878, -0.05478315537781906774, -0.05708661417322834220 ) ) ;
#4559 = ORIENTED_EDGE ( 'NONE', *, *, #2740, .F. ) ;
#4560 = ORIENTED_EDGE ( 'NONE', *, *, #3726, .F. ) ;
#4561 = ADVANCED_FACE ( 'NONE', ( #547 ), #500, .F. ) ;
#4562 = CARTESIAN_POINT ( 'NONE',  ( 1.634915276880464452, -0.2092853712438586533, 0.1259842519685039353 ) ) ;
#4563 = ORIENTED_EDGE ( 'NONE', *, *, #5069, .F. ) ;
#4564 = LINE ( 'NONE', #904, #141 ) ;
#4565 = DIRECTION ( 'NONE',  ( 0.000000000000000000, 0.000000000000000000, 1.000000000000000000 ) ) ;
#4566 = ORIENTED_EDGE ( 'NONE', *, *, #2999, .T. ) ;
#4567 = DIRECTION ( 'NONE',  ( 0.7071067811865670016, 0.7071067811865280328, 0.000000000000000000 ) ) ;
#4568 = ADVANCED_FACE ( 'NONE', ( #3360 ), #4979, .F. ) ;
#4569 = DIRECTION ( 'NONE',  ( -0.000000000000000000, 1.000000000000000000, 0.000000000000000000 ) ) ;
#4570 = VERTEX_POINT ( 'NONE', #1752 ) ;
#4571 = CARTESIAN_POINT ( 'NONE',  ( 1.213541451951996031, 0.3310436162757008360, 0.1259842519685039353 ) ) ;
#4572 = VECTOR ( 'NONE', #1024, 39.37007874015748143 ) ;
#4573 = EDGE_CURVE ( 'NONE', #3959, #996, #4586, .T. ) ;
#4574 = DIRECTION ( 'NONE',  ( -1.000000000000000000, 0.000000000000000000, 0.000000000000000000 ) ) ;
#4575 = VECTOR ( 'NONE', #1234, 39.37007874015748143 ) ;
#4576 = DIRECTION ( 'NONE',  ( 0.7071067811865424657, 0.7071067811865524577, 0.000000000000000000 ) ) ;
#4577 = CARTESIAN_POINT ( 'NONE',  ( 1.550155625180354546, -0.05478315537781906774, -0.1102362204724409434 ) ) ;
#4578 = EDGE_CURVE ( 'NONE', #276, #402, #2184, .T. ) ;
#4579 = AXIS2_PLACEMENT_3D ( 'NONE', #2701, #665, #1568 ) ;
#4580 = CARTESIAN_POINT ( 'NONE',  ( 1.235306529249574847, -0.01541307663768504144, -0.1102362204724409434 ) ) ;
#4581 = ORIENTED_EDGE ( 'NONE', *, *, #4430, .F. ) ;
#4582 = CARTESIAN_POINT ( 'NONE',  ( 1.625070308777141870, -0.05478315537781142802, 0.1259842519685039353 ) ) ;
#4583 = ORIENTED_EDGE ( 'NONE', *, *, #4344, .F. ) ;
#4584 = CARTESIAN_POINT ( 'NONE',  ( 1.138849836336185195, -0.01541307663768504144, -0.1259842519685039353 ) ) ;
#4585 = VECTOR ( 'NONE', #1342, 39.37007874015748143 ) ;
#4586 = LINE ( 'NONE', #2161, #2150 ) ;
#4587 = ORIENTED_EDGE ( 'NONE', *, *, #5188, .F. ) ;
#4588 = VERTEX_POINT ( 'NONE', #4139 ) ;
#4589 = CARTESIAN_POINT ( 'NONE',  ( 1.337557199983492318, 0.03970503359852826930, -0.1259842519685039353 ) ) ;
#4590 = VERTEX_POINT ( 'NONE', #3819 ) ;
#4591 = COLOUR_RGB ( '',0.7921568627450980005, 0.8196078431372548767, 0.9333333333333333481 ) ;
#4592 = DIRECTION ( 'NONE',  ( 0.000000000000000000, 0.000000000000000000, -1.000000000000000000 ) ) ;
#4593 = ADVANCED_FACE ( 'NONE', ( #2559 ), #4190, .F. ) ;
#4594 = AXIS2_PLACEMENT_3D ( 'NONE', #4817, #1935, #4371 ) ;
#4595 = DIRECTION ( 'NONE',  ( 0.000000000000000000, 0.000000000000000000, -1.000000000000000000 ) ) ;
#4596 = PLANE ( 'NONE',  #5043 ) ;
#4597 = LINE ( 'NONE', #961, #318 ) ;
#4598 = ORIENTED_EDGE ( 'NONE', *, *, #3264, .T. ) ;
#4599 = APPLICATION_CONTEXT ( 'automotive_design' ) ;
#4600 = ADVANCED_FACE ( 'NONE', ( #48 ), #4638, .F. ) ;
#4601 = DIRECTION ( 'NONE',  ( 0.000000000000000000, 1.000000000000000000, 0.000000000000000000 ) ) ;
#4602 = LINE ( 'NONE', #941, #1359 ) ;
#4603 = EDGE_CURVE ( 'NONE', #5198, #4981, #520, .T. ) ;
#4604 = PLANE ( 'NONE',  #3679 ) ;
#4605 = VECTOR ( 'NONE', #3246, 39.37007874015748143 ) ;
#4606 = PLANE ( 'NONE',  #2540 ) ;
#4607 = VERTEX_POINT ( 'NONE', #1510 ) ;
#4608 = LINE ( 'NONE', #2584, #1603 ) ;
#4609 = VECTOR ( 'NONE', #1801, 39.37007874015748143 ) ;
#4610 = EDGE_CURVE ( 'NONE', #2267, #4780, #3512, .T. ) ;
#4611 = CARTESIAN_POINT ( 'NONE',  ( 1.489132003133110338, -0.05478315537781906774, 0.1417322834645669549 ) ) ;
#4612 = DIRECTION ( 'NONE',  ( 5.551115123125780178E-14, 1.000000000000000000, 0.000000000000000000 ) ) ;
#4613 = DIRECTION ( 'NONE',  ( -1.000000000000000000, 0.000000000000000000, 0.000000000000000000 ) ) ;
#4614 = AXIS2_PLACEMENT_3D ( 'NONE', #1382, #2618, #4565 ) ;
#4615 = ORIENTED_EDGE ( 'NONE', *, *, #4630, .T. ) ;
#4616 = ORIENTED_EDGE ( 'NONE', *, *, #3569, .F. ) ;
#4617 = CARTESIAN_POINT ( 'NONE',  ( 1.274676607989728261, -0.05084614750382669690, -0.1102362204724409434 ) ) ;
#4618 = ORIENTED_EDGE ( 'NONE', *, *, #248, .F. ) ;
#4619 = AXIS2_PLACEMENT_3D ( 'NONE', #2051, #765, #3689 ) ;
#4620 = CARTESIAN_POINT ( 'NONE',  ( 1.069840664550433251, -0.05478315537781906774, -0.04133858267716536417 ) ) ;
#4621 = ORIENTED_EDGE ( 'NONE', *, *, #4011, .F. ) ;
#4622 = LINE ( 'NONE', #482, #2069 ) ;
#4623 = AXIS2_PLACEMENT_3D ( 'NONE', #2042, #3653, #2364 ) ;
#4624 = DIRECTION ( 'NONE',  ( 0.7071067811865474617, -0.7071067811865474617, 0.000000000000000000 ) ) ;
#4625 = VERTEX_POINT ( 'NONE', #257 ) ;
#4626 = PLANE ( 'NONE',  #3048 ) ;
#4627 = DIRECTION ( 'NONE',  ( 0.000000000000000000, 0.000000000000000000, -1.000000000000000000 ) ) ;
#4628 =( CONVERSION_BASED_UNIT ( 'INCH', #5016 ) LENGTH_UNIT ( ) NAMED_UNIT ( #3495 ) );
#4629 = ORIENTED_EDGE ( 'NONE', *, *, #2947, .F. ) ;
#4630 = EDGE_CURVE ( 'NONE', #762, #4746, #5108, .T. ) ;
#4631 = CARTESIAN_POINT ( 'NONE',  ( 1.699761924392941159, -0.08627921836996831073, 0.1259842519685039353 ) ) ;
#4632 = DIRECTION ( 'NONE',  ( -0.000000000000000000, 1.000000000000000000, 0.000000000000000000 ) ) ;
#4633 = CARTESIAN_POINT ( 'NONE',  ( 1.193856412581917326, 0.1223821989528663390, 0.06692913385826770867 ) ) ;
#4634 = ORIENTED_EDGE ( 'NONE', *, *, #3539, .T. ) ;
#4635 = EDGE_CURVE ( 'NONE', #1255, #3162, #2574, .T. ) ;
#4636 = PLANE ( 'NONE',  #324 ) ;
#4637 = DIRECTION ( 'NONE',  ( 0.000000000000000000, 0.000000000000000000, 1.000000000000000000 ) ) ;
#4638 = PLANE ( 'NONE',  #5122 ) ;
#4639 = EDGE_LOOP ( 'NONE', ( #3183, #3797, #4503, #1561 ) ) ;
#4640 = ORIENTED_EDGE ( 'NONE', *, *, #3082, .F. ) ;
#4641 = EDGE_CURVE ( 'NONE', #3752, #2611, #3949, .T. ) ;
#4642 = DIRECTION ( 'NONE',  ( 1.000000000000000000, 0.000000000000000000, 0.000000000000000000 ) ) ;
#4643 = ORIENTED_EDGE ( 'NONE', *, *, #3175, .T. ) ;
#4644 = ORIENTED_EDGE ( 'NONE', *, *, #4011, .T. ) ;
#4645 = DIRECTION ( 'NONE',  ( 0.000000000000000000, 1.000000000000000000, 0.000000000000000000 ) ) ;
#4646 = DIRECTION ( 'NONE',  ( 0.000000000000000000, -3.644377050371479832E-17, 1.000000000000000000 ) ) ;
#4647 = EDGE_CURVE ( 'NONE', #3284, #3162, #4772, .T. ) ;
#4648 = LINE ( 'NONE', #585, #743 ) ;
#4649 = ORIENTED_EDGE ( 'NONE', *, *, #4021, .T. ) ;
#4650 = LINE ( 'NONE', #1495, #1079 ) ;
#4651 = CARTESIAN_POINT ( 'NONE',  ( 1.715509955889016336, -0.01541307663766153767, 0.1102362204724409434 ) ) ;
#4652 = ORIENTED_EDGE ( 'NONE', *, *, #4641, .T. ) ;
#4653 = CARTESIAN_POINT ( 'NONE',  ( 1.252911530692153663, 0.3310436162757008360, -0.05905511811023622659 ) ) ;
#4654 = VECTOR ( 'NONE', #3482, 39.37007874015748143 ) ;
#4655 = EDGE_CURVE ( 'NONE', #3497, #1550, #229, .T. ) ;
#4656 = DIRECTION ( 'NONE',  ( 0.000000000000000000, 0.000000000000000000, -1.000000000000000000 ) ) ;
#4657 = CARTESIAN_POINT ( 'NONE',  ( 1.231369521375566878, -0.2092602722875436805, 0.1259842519685039353 ) ) ;
#4658 = EDGE_LOOP ( 'NONE', ( #2669, #5037, #1002, #2368 ) ) ;
#4659 = DIRECTION ( 'NONE',  ( 0.000000000000000000, -1.000000000000000000, 0.000000000000000000 ) ) ;
#4660 = VECTOR ( 'NONE', #3937, 39.37007874015748143 ) ;
#4661 = DIRECTION ( 'NONE',  ( 0.000000000000000000, -1.000000000000000000, 0.000000000000000000 ) ) ;
#4662 = EDGE_CURVE ( 'NONE', #1951, #3054, #3923, .T. ) ;
#4663 = VECTOR ( 'NONE', #1225, 39.37007874015748143 ) ;
#4664 = DIRECTION ( 'NONE',  ( 1.000000000000000000, 0.000000000000000000, 0.000000000000000000 ) ) ;
#4665 = ORIENTED_EDGE ( 'NONE', *, *, #81, .T. ) ;
#4666 = VERTEX_POINT ( 'NONE', #3521 ) ;
#4667 = CARTESIAN_POINT ( 'NONE',  ( 1.646723852084220674, -0.08627921836996831073, -0.1102362204724409434 ) ) ;
#4668 = ORIENTED_EDGE ( 'NONE', *, *, #3189, .T. ) ;
#4669 = AXIS2_PLACEMENT_3D ( 'NONE', #459, #4569, #2597 ) ;
#4670 = EDGE_CURVE ( 'NONE', #3940, #1511, #205, .T. ) ;
#4671 = EDGE_LOOP ( 'NONE', ( #1249, #1602, #3550, #3716 ) ) ;
#4672 = FACE_OUTER_BOUND ( 'NONE', #4110, .T. ) ;
#4673 = VECTOR ( 'NONE', #2750, 39.37007874015748143 ) ;
#4674 = ORIENTED_EDGE ( 'NONE', *, *, #4838, .F. ) ;
#4675 = CARTESIAN_POINT ( 'NONE',  ( 1.231369521375566878, -0.05478315537781906774, 0.1259842519685039353 ) ) ;
#4676 = EDGE_LOOP ( 'NONE', ( #167, #1620, #5085, #422 ) ) ;
#4677 = DIRECTION ( 'NONE',  ( 0.000000000000000000, 0.000000000000000000, -1.000000000000000000 ) ) ;
#4678 = CIRCLE ( 'NONE', #2297, 0.01574803149606299885 ) ;
#4679 = LINE ( 'NONE', #3475, #4492 ) ;
#4680 = EDGE_CURVE ( 'NONE', #359, #2843, #1860, .T. ) ;
#4681 = PLANE ( 'NONE',  #1618 ) ;
#4682 = CARTESIAN_POINT ( 'NONE',  ( 1.241214489478889904, -0.2092853712438586533, 0.1259842519685039353 ) ) ;
#4683 = EDGE_LOOP ( 'NONE', ( #501, #2454, #4377, #3119 ) ) ;
#4684 = ORIENTED_EDGE ( 'NONE', *, *, #311, .T. ) ;
#4685 = LINE ( 'NONE', #2657, #3676 ) ;
#4686 = DIRECTION ( 'NONE',  ( 0.000000000000000000, 1.000000000000000000, 0.000000000000000000 ) ) ;
#4687 = DIRECTION ( 'NONE',  ( 0.000000000000000000, 0.000000000000000000, -1.000000000000000000 ) ) ;
#4688 = ORIENTED_EDGE ( 'NONE', *, *, #2233, .T. ) ;
#4689 = LINE ( 'NONE', #1749, #3485 ) ;
#4690 = ADVANCED_FACE ( 'NONE', ( #2720 ), #1833, .F. ) ;
#4691 = LINE ( 'NONE', #2183, #4572 ) ;
#4692 = DIRECTION ( 'NONE',  ( -0.7071067811865475727, -0.7071067811865475727, 0.000000000000000000 ) ) ;
#4693 = VERTEX_POINT ( 'NONE', #2214 ) ;
#4694 = ORIENTED_EDGE ( 'NONE', *, *, #4578, .T. ) ;
#4695 = VECTOR ( 'NONE', #2175, 39.37007874015748143 ) ;
#4696 = DIRECTION ( 'NONE',  ( -1.000000000000000000, 4.625929269271509777E-14, 0.000000000000000000 ) ) ;
#4697 = ORIENTED_EDGE ( 'NONE', *, *, #2923, .T. ) ;
#4698 = DIRECTION ( 'NONE',  ( 0.000000000000000000, 1.000000000000000000, 0.000000000000000000 ) ) ;
#4699 = EDGE_CURVE ( 'NONE', #1784, #652, #2240, .T. ) ;
#4700 = ORIENTED_EDGE ( 'NONE', *, *, #2524, .F. ) ;
#4701 = VECTOR ( 'NONE', #4576, 39.37007874015748854 ) ;
#4702 = LINE ( 'NONE', #4751, #3427 ) ;
#4703 = CARTESIAN_POINT ( 'NONE',  ( 1.081651688172472481, 0.1184451910788504175, -0.1259842519685039353 ) ) ;
#4704 = VERTEX_POINT ( 'NONE', #5137 ) ;
#4705 = PRESENTATION_LAYER_ASSIGNMENT (  '', '', ( #778 ) ) ;
#4706 = LINE ( 'NONE', #2677, #730 ) ;
#4707 = DIRECTION ( 'NONE',  ( 1.000000000000000000, 0.000000000000000000, -3.011672701348629522E-17 ) ) ;
#4708 = AXIS2_PLACEMENT_3D ( 'NONE', #2531, #150, #974 ) ;
#4709 = DIRECTION ( 'NONE',  ( 1.000000000000000000, 0.000000000000000000, 0.000000000000000000 ) ) ;
#4710 = VERTEX_POINT ( 'NONE', #4720 ) ;
#4711 = EDGE_CURVE ( 'NONE', #4625, #1798, #1054, .T. ) ;
#4712 = CARTESIAN_POINT ( 'NONE',  ( 1.140706806282716590, -0.05478315537781906774, 0.1102362204724409434 ) ) ;
#4713 = CARTESIAN_POINT ( 'NONE',  ( 1.546330151296830602, -0.05478315537781906774, 0.1259842519685039353 ) ) ;
#4714 = DIRECTION ( 'NONE',  ( -1.000000000000000000, 0.000000000000000000, 0.000000000000000000 ) ) ;
#4715 = FACE_OUTER_BOUND ( 'NONE', #4168, .T. ) ;
#4716 = EDGE_LOOP ( 'NONE', ( #3038, #3852, #1276, #2428 ) ) ;
#4717 = ADVANCED_FACE ( 'NONE', ( #651 ), #3117, .F. ) ;
#4718 = CARTESIAN_POINT ( 'NONE',  ( 1.644643814156732331, -0.05478315537781906774, -0.1102362204724409434 ) ) ;
#4719 = CARTESIAN_POINT ( 'NONE',  ( 1.644643814156732331, -0.01541307663766153767, -0.1259842519685039353 ) ) ;
#4720 = CARTESIAN_POINT ( 'NONE',  ( 1.550267159170830578, -0.07446819474792892857, -0.1102362204724409434 ) ) ;
#4721 = ORIENTED_EDGE ( 'NONE', *, *, #4525, .F. ) ;
#4722 = ORIENTED_EDGE ( 'NONE', *, *, #3003, .T. ) ;
#4723 = CARTESIAN_POINT ( 'NONE',  ( 1.231369521375566878, -0.05478315537781906774, 0.1259842519685039353 ) ) ;
#4724 = ORIENTED_EDGE ( 'NONE', *, *, #897, .T. ) ;
#4725 = ORIENTED_EDGE ( 'NONE', *, *, #4984, .T. ) ;
#4726 = EDGE_CURVE ( 'NONE', #3162, #871, #1001, .T. ) ;
#4727 = DIRECTION ( 'NONE',  ( 0.000000000000000000, 0.000000000000000000, -1.000000000000000000 ) ) ;
#4728 = FACE_OUTER_BOUND ( 'NONE', #1063, .T. ) ;
#4729 = CARTESIAN_POINT ( 'NONE',  ( 1.699761924392941159, -0.1020272498660312888, 0.1102362204724409434 ) ) ;
#4730 = ORIENTED_EDGE ( 'NONE', *, *, #3351, .T. ) ;
#4731 = DIRECTION ( 'NONE',  ( 0.000000000000000000, 0.000000000000000000, 1.000000000000000000 ) ) ;
#4732 = DIRECTION ( 'NONE',  ( -1.000000000000000000, 0.000000000000000000, 0.000000000000000000 ) ) ;
#4733 = ADVANCED_FACE ( 'NONE', ( #3438 ), #5055, .F. ) ;
#4734 = LINE ( 'NONE', #3536, #2744 ) ;
#4735 = ORIENTED_EDGE ( 'NONE', *, *, #4655, .F. ) ;
#4736 = FACE_BOUND ( 'NONE', #1771, .T. ) ;
#4737 = EDGE_CURVE ( 'NONE', #2799, #984, #2639, .T. ) ;
#4738 = PLANE ( 'NONE',  #1417 ) ;
#4739 = ORIENTED_EDGE ( 'NONE', *, *, #1563, .F. ) ;
#4740 = DIRECTION ( 'NONE',  ( 1.000000000000000000, -5.551115123125780178E-14, 0.000000000000000000 ) ) ;
#4741 = VECTOR ( 'NONE', #4792, 39.37007874015748143 ) ;
#4742 = DIRECTION ( 'NONE',  ( 0.000000000000000000, 0.000000000000000000, 1.000000000000000000 ) ) ;
#4743 = EDGE_CURVE ( 'NONE', #1358, #5275, #5215, .T. ) ;
#4744 = CARTESIAN_POINT ( 'NONE',  ( 1.646723852084220674, -0.01541307663768504144, 0.1259842519685039353 ) ) ;
#4745 = VECTOR ( 'NONE', #3106, 39.37007874015748143 ) ;
#4746 = VERTEX_POINT ( 'NONE', #1556 ) ;
#4747 = ORIENTED_EDGE ( 'NONE', *, *, #1044, .T. ) ;
#4748 = LINE ( 'NONE', #3657, #1000 ) ;
#4749 = EDGE_LOOP ( 'NONE', ( #617, #50, #332, #2772 ) ) ;
#4750 = AXIS2_PLACEMENT_3D ( 'NONE', #1937, #2339, #5162 ) ;
#4751 = CARTESIAN_POINT ( 'NONE',  ( 1.491212041060598459, -0.01541307663768504144, 0.1259842519685039353 ) ) ;
#4752 = ORIENTED_EDGE ( 'NONE', *, *, #1853, .F. ) ;
#4753 = CARTESIAN_POINT ( 'NONE',  ( 1.634915276880464452, -0.2092853712438586533, 0.1259842519685039353 ) ) ;
#4754 = CARTESIAN_POINT ( 'NONE',  ( 1.625070308777141870, -0.05478315537781142802, -0.1259842519685039353 ) ) ;
#4755 = ORIENTED_EDGE ( 'NONE', *, *, #4954, .T. ) ;
#4756 = AXIS2_PLACEMENT_3D ( 'NONE', #1469, #2572, #253 ) ;
#4757 = EDGE_CURVE ( 'NONE', #2401, #2904, #2340, .T. ) ;
#4758 = CARTESIAN_POINT ( 'NONE',  ( 1.140706806282716590, -0.01541307663766153767, -0.1102362204724409434 ) ) ;
#4759 = AXIS2_PLACEMENT_3D ( 'NONE', #4675, #663, #2649 ) ;
#4760 = LINE ( 'NONE', #2705, #4191 ) ;
#4761 = VERTEX_POINT ( 'NONE', #2443 ) ;
#4762 = EDGE_LOOP ( 'NONE', ( #2164, #2341, #631, #2053 ) ) ;
#4763 = VECTOR ( 'NONE', #769, 39.37007874015748143 ) ;
#4764 = EDGE_CURVE ( 'NONE', #3944, #3275, #305, .T. ) ;
#4765 = LINE ( 'NONE', #3966, #2870 ) ;
#4766 = CARTESIAN_POINT ( 'NONE',  ( 1.699761924392941159, -0.1020272498660312888, -0.1102362204724409434 ) ) ;
#4767 = VECTOR ( 'NONE', #4740, 39.37007874015748143 ) ;
#4768 = CARTESIAN_POINT ( 'NONE',  ( 1.274676607989728261, -0.07446819474792892857, 0.1259842519685039353 ) ) ;
#4769 = ORIENTED_EDGE ( 'NONE', *, *, #695, .T. ) ;
#4770 = LINE ( 'NONE', #4394, #3662 ) ;
#4771 = CARTESIAN_POINT ( 'NONE',  ( 1.164328853526799490, 0.03970503359853590208, -0.1102362204724409434 ) ) ;
#4772 = LINE ( 'NONE', #1110, #3941 ) ;
#4773 = ORIENTED_EDGE ( 'NONE', *, *, #467, .T. ) ;
#4774 = ORIENTED_EDGE ( 'NONE', *, *, #1692, .F. ) ;
#4775 = CARTESIAN_POINT ( 'NONE',  ( 1.268659562188216627, 0.03970503359852826930, 0.1102362204724409434 ) ) ;
#4776 = ORIENTED_EDGE ( 'NONE', *, *, #3781, .T. ) ;
#4777 = EDGE_CURVE ( 'NONE', #2273, #341, #4897, .T. ) ;
#4778 = CARTESIAN_POINT ( 'NONE',  ( 1.491212041060598459, -0.01541307663768504144, 0.1259842519685039353 ) ) ;
#4779 = AXIS2_PLACEMENT_3D ( 'NONE', #4049, #70, #1317 ) ;
#4780 = VERTEX_POINT ( 'NONE', #2770 ) ;
#4781 = CARTESIAN_POINT ( 'NONE',  ( 1.625070276783306067, -0.2092853712438586533, 0.04133858267716536417 ) ) ;
#4782 = CARTESIAN_POINT ( 'NONE',  ( 1.491212041060598459, -0.01541307663768504144, -0.1259842519685039353 ) ) ;
#4783 = ORIENTED_EDGE ( 'NONE', *, *, #3533, .F. ) ;
#4784 = EDGE_CURVE ( 'NONE', #1948, #4590, #107, .T. ) ;
#4785 = DIRECTION ( 'NONE',  ( 0.000000000000000000, 0.000000000000000000, -1.000000000000000000 ) ) ;
#4786 = AXIS2_PLACEMENT_3D ( 'NONE', #834, #888, #2925 ) ;
#4787 = CARTESIAN_POINT ( 'NONE',  ( 1.251059457582212708, -0.2093104702001736261, 0.1259842519685039353 ) ) ;
#4788 = LINE ( 'NONE', #1098, #5029 ) ;
#4789 = VECTOR ( 'NONE', #4334, 39.37007874015748143 ) ;
#4790 = ORIENTED_EDGE ( 'NONE', *, *, #321, .F. ) ;
#4791 = VECTOR ( 'NONE', #2727, 39.37007874015748143 ) ;
#4792 = DIRECTION ( 'NONE',  ( 0.000000000000000000, 0.000000000000000000, -1.000000000000000000 ) ) ;
#4793 = LINE ( 'NONE', #1048, #1445 ) ;
#4794 = EDGE_CURVE ( 'NONE', #2681, #2156, #2390, .T. ) ;
#4795 = VECTOR ( 'NONE', #3972, 39.37007874015748143 ) ;
#4796 = DIRECTION ( 'NONE',  ( -1.632680918566375160E-14, -1.000000000000000000, 0.000000000000000000 ) ) ;
#4797 = CARTESIAN_POINT ( 'NONE',  ( 1.069840664550421261, 0.1184451910788504175, 0.1102362204724409434 ) ) ;
#4798 = LINE ( 'NONE', #2850, #524 ) ;
#4799 = EDGE_CURVE ( 'NONE', #4348, #3687, #4023, .T. ) ;
#4800 = VERTEX_POINT ( 'NONE', #1581 ) ;
#4801 = DIRECTION ( 'NONE',  ( -1.000000000000000000, 0.000000000000000000, 0.000000000000000000 ) ) ;
#4802 = ORIENTED_EDGE ( 'NONE', *, *, #5211, .F. ) ;
#4803 = CARTESIAN_POINT ( 'NONE',  ( 1.081651688172480474, -0.01541307663766153767, 0.1102362204724409434 ) ) ;
#4804 = EDGE_CURVE ( 'NONE', #3637, #957, #1214, .T. ) ;
#4805 = ORIENTED_EDGE ( 'NONE', *, *, #1826, .F. ) ;
#4806 = LINE ( 'NONE', #2756, #1499 ) ;
#4807 = LINE ( 'NONE', #3556, #406 ) ;
#4808 = EDGE_LOOP ( 'NONE', ( #2715, #4467, #3847, #4805, #1611, #3979 ) ) ;
#4809 = CARTESIAN_POINT ( 'NONE',  ( 1.634915276880464452, -0.2092853712438586533, -0.05708661417322834220 ) ) ;
#4810 = PLANE ( 'NONE',  #5251 ) ;
#4811 = PLANE ( 'NONE',  #2145 ) ;
#4812 = EDGE_CURVE ( 'NONE', #2671, #3752, #4075, .T. ) ;
#4813 = VERTEX_POINT ( 'NONE', #412 ) ;
#4814 = ORIENTED_EDGE ( 'NONE', *, *, #3588, .F. ) ;
#4815 = DIRECTION ( 'NONE',  ( 1.000000000000000000, 0.000000000000000000, 0.000000000000000000 ) ) ;
#4816 = PLANE ( 'NONE',  #2140 ) ;
#4817 = CARTESIAN_POINT ( 'NONE',  ( 1.069840664550433251, -0.2890351238817558954, -0.05708661417322834220 ) ) ;
#4818 = EDGE_CURVE ( 'NONE', #3378, #1525, #4375, .T. ) ;
#4819 = DIRECTION ( 'NONE',  ( 1.000000000000000000, 0.000000000000000000, 0.000000000000000000 ) ) ;
#4820 = CARTESIAN_POINT ( 'NONE',  ( 1.447909851282999982, -0.2093104702001736261, -0.04133858267716536417 ) ) ;
#4821 = VERTEX_POINT ( 'NONE', #3194 ) ;
#4822 = ORIENTED_EDGE ( 'NONE', *, *, #3506, .F. ) ;
#4823 = DIRECTION ( 'NONE',  ( 0.000000000000000000, -1.000000000000000000, 0.000000000000000000 ) ) ;
#4824 = ORIENTED_EDGE ( 'NONE', *, *, #4056, .T. ) ;
#4825 = EDGE_CURVE ( 'NONE', #4264, #610, #4798, .T. ) ;
#4826 = LINE ( 'NONE', #5245, #2920 ) ;
#4827 = ORIENTED_EDGE ( 'NONE', *, *, #1036, .F. ) ;
#4828 = PLANE ( 'NONE',  #4065 ) ;
#4829 = DIRECTION ( 'NONE',  ( 0.000000000000000000, -1.000000000000000000, 0.000000000000000000 ) ) ;
#4830 = VERTEX_POINT ( 'NONE', #4845 ) ;
#4831 = FACE_BOUND ( 'NONE', #4808, .T. ) ;
#4832 = VECTOR ( 'NONE', #2745, 39.37007874015748143 ) ;
#4833 = ADVANCED_FACE ( 'NONE', ( #2797 ), #330, .F. ) ;
#4834 = LINE ( 'NONE', #2378, #485 ) ;
#4835 = PLANE ( 'NONE',  #2147 ) ;
#4836 = ORIENTED_EDGE ( 'NONE', *, *, #4287, .T. ) ;
#4837 = CARTESIAN_POINT ( 'NONE',  ( 1.625070308777141870, -0.2092602722875436805, -0.04133858267716536417 ) ) ;
#4838 = EDGE_CURVE ( 'NONE', #3143, #3772, #3609, .T. ) ;
#4839 = DIRECTION ( 'NONE',  ( 6.938893903907239737E-14, 0.000000000000000000, 1.000000000000000000 ) ) ;
#4840 = CARTESIAN_POINT ( 'NONE',  ( 1.646723852084220674, -0.08627921836996831073, 0.1259842519685039353 ) ) ;
#4841 = MECHANICAL_DESIGN_GEOMETRIC_PRESENTATION_REPRESENTATION (  '', ( #492 ), #3994 ) ;
#4842 = CARTESIAN_POINT ( 'NONE',  ( 1.213541451951996031, 0.3310436162757008360, -0.05905511811023622659 ) ) ;
#4843 = PLANE ( 'NONE',  #3381 ) ;
#4844 = VECTOR ( 'NONE', #4109, 39.37007874015748143 ) ;
#4845 = CARTESIAN_POINT ( 'NONE',  ( 1.294361647359807188, -0.05084614750382669690, -0.1102362204724409434 ) ) ;
#4846 = ORIENTED_EDGE ( 'NONE', *, *, #723, .T. ) ;
#4847 = EDGE_LOOP ( 'NONE', ( #3869, #5216, #1205, #3905 ) ) ;
#4848 = FACE_OUTER_BOUND ( 'NONE', #2661, .T. ) ;
#4849 = ORIENTED_EDGE ( 'NONE', *, *, #486, .F. ) ;
#4850 = CARTESIAN_POINT ( 'NONE',  ( 1.213541451951996031, 0.3310436162757008360, 0.05905511811023622659 ) ) ;
#4851 = ORIENTED_EDGE ( 'NONE', *, *, #3965, .F. ) ;
#4852 = EDGE_LOOP ( 'NONE', ( #5092, #2954, #5145, #789 ) ) ;
#4853 = EDGE_CURVE ( 'NONE', #2996, #231, #788, .T. ) ;
#4854 = DIRECTION ( 'NONE',  ( 0.000000000000000000, 1.486905836551550065E-14, 1.000000000000000000 ) ) ;
#4855 = VERTEX_POINT ( 'NONE', #381 ) ;
#4856 = FACE_OUTER_BOUND ( 'NONE', #391, .T. ) ;
#4857 = VECTOR ( 'NONE', #3810, 39.37007874015748143 ) ;
#4858 = FACE_OUTER_BOUND ( 'NONE', #3858, .T. ) ;
#4859 = FACE_OUTER_BOUND ( 'NONE', #1077, .T. ) ;
#4860 = CARTESIAN_POINT ( 'NONE',  ( 1.274676607989728261, -0.05084614750382669690, 0.1259842519685039353 ) ) ;
#4861 = EDGE_LOOP ( 'NONE', ( #5220, #2560, #4546, #971 ) ) ;
#4862 = AXIS2_PLACEMENT_3D ( 'NONE', #2844, #1659, #461 ) ;
#4863 = CARTESIAN_POINT ( 'NONE',  ( 1.268659562188216627, 0.1066341674568033471, 0.1259842519685039353 ) ) ;
#4864 = CIRCLE ( 'NONE', #1365, 0.01574803149606299885 ) ;
#4865 = ADVANCED_FACE ( 'NONE', ( #729 ), #2011, .T. ) ;
#4866 = LINE ( 'NONE', #1210, #1019 ) ;
#4867 = VECTOR ( 'NONE', #1026, 39.37007874015748143 ) ;
#4868 = DIRECTION ( 'NONE',  ( 0.000000000000000000, -1.000000000000000000, 0.000000000000000000 ) ) ;
#4869 = LINE ( 'NONE', #2471, #1279 ) ;
#4870 = DIRECTION ( 'NONE',  ( 1.000000000000000000, 1.132880637372596148E-14, 0.000000000000000000 ) ) ;
#4871 = EDGE_CURVE ( 'NONE', #2582, #1358, #1963, .T. ) ;
#4872 = AXIS2_PLACEMENT_3D ( 'NONE', #3078, #1875, #1440 ) ;
#4873 = ORIENTED_EDGE ( 'NONE', *, *, #3692, .T. ) ;
#4874 = LINE ( 'NONE', #4134, #3070 ) ;
#4875 = ORIENTED_EDGE ( 'NONE', *, *, #3918, .F. ) ;
#4876 = DIRECTION ( 'NONE',  ( 0.000000000000000000, 0.000000000000000000, 1.000000000000000000 ) ) ;
#4877 = ORIENTED_EDGE ( 'NONE', *, *, #2498, .F. ) ;
#4878 = VECTOR ( 'NONE', #960, 39.37007874015748143 ) ;
#4879 = PRODUCT ( 'Same_Sky_SLW-1575662-5A-S-D', 'Same_Sky_SLW-1575662-5A-S-D', '', ( #3446 ) ) ;
#4880 = PLANE ( 'NONE',  #1889 ) ;
#4881 = ORIENTED_EDGE ( 'NONE', *, *, #1526, .F. ) ;
#4882 = ORIENTED_EDGE ( 'NONE', *, *, #3145, .T. ) ;
#4883 = CARTESIAN_POINT ( 'NONE',  ( 1.447909851282999982, -0.2093104702001736261, 0.04133858267716536417 ) ) ;
#4884 = ORIENTED_EDGE ( 'NONE', *, *, #4954, .F. ) ;
#4885 = LINE ( 'NONE', #454, #4663 ) ;
#4886 = ADVANCED_FACE ( 'NONE', ( #16 ), #1639, .F. ) ;
#4887 = CARTESIAN_POINT ( 'NONE',  ( 1.193856412581917326, 0.1223821989528663390, -0.05905511811023622659 ) ) ;
#4888 = CARTESIAN_POINT ( 'NONE',  ( 1.550155625180354546, -0.05478315537781906774, -0.1102362204724409434 ) ) ;
#4889 = CARTESIAN_POINT ( 'NONE',  ( 1.447909851282999982, -0.2093104702001736261, -0.05708661417322834220 ) ) ;
#4890 = ORIENTED_EDGE ( 'NONE', *, *, #3527, .F. ) ;
#4891 = EDGE_CURVE ( 'NONE', #5275, #2127, #3376, .T. ) ;
#4892 = CARTESIAN_POINT ( 'NONE',  ( 1.138849836336185195, -0.01541307663768504144, -0.1102362204724409434 ) ) ;
#4893 = CARTESIAN_POINT ( 'NONE',  ( 1.081651688172472481, 0.1184451910788504175, 0.1259842519685039353 ) ) ;
#4894 = ADVANCED_FACE ( 'NONE', ( #892 ), #517, .F. ) ;
#4895 = FACE_BOUND ( 'NONE', #793, .T. ) ;
#4896 = CARTESIAN_POINT ( 'NONE',  ( 1.164328853526799490, 0.03970503359853590208, 0.1259842519685039353 ) ) ;
#4897 = LINE ( 'NONE', #1532, #3430 ) ;
#4898 = EDGE_LOOP ( 'NONE', ( #3067, #5030, #548, #690 ) ) ;
#4899 = CARTESIAN_POINT ( 'NONE',  ( 1.644643814156732331, -0.05478315537781906774, -0.1102362204724409434 ) ) ;
#4900 = VERTEX_POINT ( 'NONE', #93 ) ;
#4901 = CYLINDRICAL_SURFACE ( 'NONE', #2209, 0.009845000097158516927 ) ;
#4902 = EDGE_LOOP ( 'NONE', ( #1613, #1122, #814, #3222 ) ) ;
#4903 = EDGE_CURVE ( 'NONE', #3656, #358, #466, .T. ) ;
#4904 = CARTESIAN_POINT ( 'NONE',  ( 1.550155625180354546, -0.05478315537781906774, 0.1102362204724409434 ) ) ;
#4905 = ORIENTED_EDGE ( 'NONE', *, *, #1337, .F. ) ;
#4906 = EDGE_LOOP ( 'NONE', ( #1035, #307, #3308, #4773 ) ) ;
#4907 = DIRECTION ( 'NONE',  ( 0.000000000000000000, -1.000000000000000000, -4.336808689941989386E-17 ) ) ;
#4908 = ORIENTED_EDGE ( 'NONE', *, *, #642, .T. ) ;
#4909 = DIRECTION ( 'NONE',  ( 0.000000000000000000, 0.000000000000000000, 1.000000000000000000 ) ) ;
#4910 = CARTESIAN_POINT ( 'NONE',  ( 1.550267159170830578, -0.01541307663768504144, -0.1259842519685039353 ) ) ;
#4911 = FACE_OUTER_BOUND ( 'NONE', #2158, .T. ) ;
#4912 = DIRECTION ( 'NONE',  ( 1.000000000000000000, 0.000000000000000000, 0.000000000000000000 ) ) ;
#4913 = ORIENTED_EDGE ( 'NONE', *, *, #1991, .T. ) ;
#4914 = EDGE_CURVE ( 'NONE', #3284, #770, #1978, .T. ) ;
#4915 = PLANE ( 'NONE',  #2654 ) ;
#4916 = ADVANCED_FACE ( 'NONE', ( #117 ), #4281, .F. ) ;
#4917 = CARTESIAN_POINT ( 'NONE',  ( 1.625070276783306067, -0.2092853712438586533, 0.1259842519685039353 ) ) ;
#4918 = VECTOR ( 'NONE', #2063, 39.37007874015748143 ) ;
#4919 = DIRECTION ( 'NONE',  ( 0.000000000000000000, 1.000000000000000000, 0.000000000000000000 ) ) ;
#4920 = DIRECTION ( 'NONE',  ( 1.000000000000000000, 0.000000000000000000, 0.000000000000000000 ) ) ;
#4921 = AXIS2_PLACEMENT_3D ( 'NONE', #3197, #3151, #4801 ) ;
#4922 = CARTESIAN_POINT ( 'NONE',  ( 1.644643814156732331, -0.01541307663766153767, 0.1417322834645669549 ) ) ;
#4923 = ORIENTED_EDGE ( 'NONE', *, *, #153, .F. ) ;
#4924 = CARTESIAN_POINT ( 'NONE',  ( 1.510897080430677164, -0.05084614750383433662, -0.1259842519685039353 ) ) ;
#4925 = ORIENTED_EDGE ( 'NONE', *, *, #2520, .T. ) ;
#4926 = DIRECTION ( 'NONE',  ( -1.632680918566375160E-14, -1.000000000000000000, 0.000000000000000000 ) ) ;
#4927 = ORIENTED_EDGE ( 'NONE', *, *, #458, .T. ) ;
#4928 = VECTOR ( 'NONE', #2872, 39.37007874015748143 ) ;
#4929 = PLANE ( 'NONE',  #4708 ) ;
#4930 = ORIENTED_EDGE ( 'NONE', *, *, #4146, .F. ) ;
#4931 = ADVANCED_FACE ( 'NONE', ( #1746 ), #4996, .F. ) ;
#4932 = LINE ( 'NONE', #2964, #3834 ) ;
#4933 = ORIENTED_EDGE ( 'NONE', *, *, #2389, .F. ) ;
#4934 = LINE ( 'NONE', #4090, #4413 ) ;
#4935 = DIRECTION ( 'NONE',  ( -4.625929269271509777E-14, 1.000000000000000000, 0.000000000000000000 ) ) ;
#4936 = VERTEX_POINT ( 'NONE', #3886 ) ;
#4937 = CARTESIAN_POINT ( 'NONE',  ( 1.294361647359807188, -0.01541307663768504144, -0.1259842519685039353 ) ) ;
#4938 = ADVANCED_FACE ( 'NONE', ( #1316 ), #3053, .T. ) ;
#4939 = CARTESIAN_POINT ( 'NONE',  ( 1.510897080430673389, -0.07446819474792892857, 0.1102362204724409434 ) ) ;
#4940 = ORIENTED_EDGE ( 'NONE', *, *, #1029, .T. ) ;
#4941 = FACE_OUTER_BOUND ( 'NONE', #2885, .T. ) ;
#4942 = AXIS2_PLACEMENT_3D ( 'NONE', #4156, #2902, #4528 ) ;
#4943 = CARTESIAN_POINT ( 'NONE',  ( 1.140706806282716590, -0.01541307663766153767, 0.1102362204724409434 ) ) ;
#4944 = CARTESIAN_POINT ( 'NONE',  ( 1.536487631611791249, -0.2102457538030161610, -0.05708661417322834220 ) ) ;
#4945 = VECTOR ( 'NONE', #2092, 39.37007874015748143 ) ;
#4946 = ADVANCED_FACE ( 'NONE', ( #4132 ), #2254, .T. ) ;
#4947 = CARTESIAN_POINT ( 'NONE',  ( 1.337557199983492318, 0.1066341674568033471, 0.1259842519685039353 ) ) ;
#4948 = DIRECTION ( 'NONE',  ( -0.7071067811865280328, 0.7071067811865670016, 0.000000000000000000 ) ) ;
#4949 = DIRECTION ( 'NONE',  ( 0.000000000000000000, 1.000000000000000000, 0.000000000000000000 ) ) ;
#4950 = ORIENTED_EDGE ( 'NONE', *, *, #1831, .F. ) ;
#4951 = VECTOR ( 'NONE', #4464, 39.37007874015748143 ) ;
#4952 = DIRECTION ( 'NONE',  ( 1.000000000000000000, 0.000000000000000000, 0.000000000000000000 ) ) ;
#4953 = ORIENTED_EDGE ( 'NONE', *, *, #988, .F. ) ;
#4954 = EDGE_CURVE ( 'NONE', #3944, #652, #217, .T. ) ;
#4955 = VECTOR ( 'NONE', #3929, 39.37007874015748143 ) ;
#4956 = FACE_OUTER_BOUND ( 'NONE', #4167, .T. ) ;
#4957 = ORIENTED_EDGE ( 'NONE', *, *, #1415, .F. ) ;
#4958 = ORIENTED_EDGE ( 'NONE', *, *, #4366, .F. ) ;
#4959 = LINE ( 'NONE', #2055, #3312 ) ;
#4960 = ORIENTED_EDGE ( 'NONE', *, *, #704, .T. ) ;
#4961 = VECTOR ( 'NONE', #4047, 39.37007874015748143 ) ;
#4962 = LINE ( 'NONE', #1278, #2445 ) ;
#4963 = EDGE_CURVE ( 'NONE', #921, #821, #1014, .T. ) ;
#4964 = CARTESIAN_POINT ( 'NONE',  ( 1.164328853526799490, 0.1066341674568033471, 0.1259842519685039353 ) ) ;
#4965 = ORIENTED_EDGE ( 'NONE', *, *, #625, .F. ) ;
#4966 =( LENGTH_UNIT ( ) NAMED_UNIT ( * ) SI_UNIT ( $, .METRE. ) );
#4967 = DIRECTION ( 'NONE',  ( -0.7071067811865280328, 0.7071067811865670016, 0.000000000000000000 ) ) ;
#4968 = ORIENTED_EDGE ( 'NONE', *, *, #906, .F. ) ;
#4969 = ADVANCED_FACE ( 'NONE', ( #493 ), #4501, .F. ) ;
#4970 = CARTESIAN_POINT ( 'NONE',  ( 1.140706806282716590, -0.05478315537781906774, 0.1102362204724409434 ) ) ;
#4971 = CARTESIAN_POINT ( 'NONE',  ( 1.550155625180354546, -0.05478315537781906774, 0.1417322834645669549 ) ) ;
#4972 = CARTESIAN_POINT ( 'NONE',  ( 1.331651688172468706, 0.3310436162757008360, 0.1259842519685039353 ) ) ;
#4973 = LINE ( 'NONE', #1642, #2478 ) ;
#4974 = ORIENTED_EDGE ( 'NONE', *, *, #5098, .F. ) ;
#4975 = CARTESIAN_POINT ( 'NONE',  ( 1.489132003133110338, -0.05478315537781906774, -0.1102362204724409434 ) ) ;
#4976 = ORIENTED_EDGE ( 'NONE', *, *, #4298, .F. ) ;
#4977 = EDGE_CURVE ( 'NONE', #4555, #2091, #1266, .T. ) ;
#4978 = DIRECTION ( 'NONE',  ( 0.000000000000000000, -1.000000000000000000, 0.000000000000000000 ) ) ;
#4979 = PLANE ( 'NONE',  #4453 ) ;
#4980 = ORIENTED_EDGE ( 'NONE', *, *, #122, .T. ) ;
#4981 = VERTEX_POINT ( 'NONE', #2472 ) ;
#4982 = CARTESIAN_POINT ( 'NONE',  ( 1.233226491322074958, 0.3113585769056220753, 0.1259842519685039353 ) ) ;
#4983 = VERTEX_POINT ( 'NONE', #4104 ) ;
#4984 = EDGE_CURVE ( 'NONE', #1564, #3497, #3708, .T. ) ;
#4985 = DIRECTION ( 'NONE',  ( -1.000000000000000000, 0.000000000000000000, 0.000000000000000000 ) ) ;
#4986 = LINE ( 'NONE', #4173, #685 ) ;
#4987 = DIRECTION ( 'NONE',  ( 0.000000000000000000, 0.000000000000000000, 1.000000000000000000 ) ) ;
#4988 = FACE_OUTER_BOUND ( 'NONE', #2037, .T. ) ;
#4989 = ORIENTED_EDGE ( 'NONE', *, *, #4737, .F. ) ;
#4990 = EDGE_CURVE ( 'NONE', #399, #2806, #2125, .T. ) ;
#4991 = DIRECTION ( 'NONE',  ( 0.000000000000000000, -1.000000000000000000, 0.000000000000000000 ) ) ;
#4992 = EDGE_CURVE ( 'NONE', #2826, #5004, #2501, .T. ) ;
#4993 = CARTESIAN_POINT ( 'NONE',  ( 1.550267159170830578, -0.07446819474792892857, -0.1259842519685039353 ) ) ;
#4994 = VECTOR ( 'NONE', #395, 39.37007874015748143 ) ;
#4995 = LINE ( 'NONE', #2979, #1450 ) ;
#4996 = PLANE ( 'NONE',  #3004 ) ;
#4997 = VECTOR ( 'NONE', #532, 39.37007874015748143 ) ;
#4998 = CARTESIAN_POINT ( 'NONE',  ( 1.646723852084220674, -0.01541307663768504144, 0.1259842519685039353 ) ) ;
#4999 = ORIENTED_EDGE ( 'NONE', *, *, #185, .F. ) ;
#5000 = DIRECTION ( 'NONE',  ( 0.000000000000000000, 1.000000000000000000, 0.000000000000000000 ) ) ;
#5001 = LINE ( 'NONE', #4611, #2957 ) ;
#5002 = VECTOR ( 'NONE', #1104, 39.37007874015748143 ) ;
#5003 = CARTESIAN_POINT ( 'NONE',  ( 1.081651688172480474, -0.01541307663766153767, 0.1259842519685039353 ) ) ;
#5004 = VERTEX_POINT ( 'NONE', #1043 ) ;
#5005 = ORIENTED_EDGE ( 'NONE', *, *, #4274, .F. ) ;
#5006 = CARTESIAN_POINT ( 'NONE',  ( 1.268659562188216627, 0.03970503359852826930, -0.1259842519685039353 ) ) ;
#5007 = ORIENTED_EDGE ( 'NONE', *, *, #140, .F. ) ;
#5008 = VECTOR ( 'NONE', #2266, 39.37007874015748143 ) ;
#5009 = AXIS2_PLACEMENT_3D ( 'NONE', #496, #846, #2854 ) ;
#5010 = EDGE_CURVE ( 'NONE', #822, #2982, #3508, .T. ) ;
#5011 = DIRECTION ( 'NONE',  ( 1.000000000000000000, 0.000000000000000000, 0.000000000000000000 ) ) ;
#5012 = FACE_OUTER_BOUND ( 'NONE', #1971, .T. ) ;
#5013 = LINE ( 'NONE', #2516, #3306 ) ;
#5014 = ORIENTED_EDGE ( 'NONE', *, *, #3193, .F. ) ;
#5015 = EDGE_CURVE ( 'NONE', #3339, #2640, #2680, .T. ) ;
#5016 = LENGTH_MEASURE_WITH_UNIT ( LENGTH_MEASURE( 0.02539999999999999897 ), #1770 );
#5017 = ORIENTED_EDGE ( 'NONE', *, *, #4871, .T. ) ;
#5018 = CARTESIAN_POINT ( 'NONE',  ( 1.081651688172472481, -0.08627921836996831073, 0.1259842519685039353 ) ) ;
#5019 = DIRECTION ( 'NONE',  ( -1.000000000000000000, 0.000000000000000000, 0.000000000000000000 ) ) ;
#5020 = ADVANCED_FACE ( 'NONE', ( #3912 ), #245, .F. ) ;
#5021 = VECTOR ( 'NONE', #2468, 39.37007874015748143 ) ;
#5022 = CARTESIAN_POINT ( 'NONE',  ( 1.140706806282704822, 0.1066341674568033471, 0.1259842519685039353 ) ) ;
#5023 = EDGE_LOOP ( 'NONE', ( #3807, #613, #630, #1645 ) ) ;
#5024 = CARTESIAN_POINT ( 'NONE',  ( 1.546330151296830602, -0.05478315537781906774, 0.1259842519685039353 ) ) ;
#5025 = AXIS2_PLACEMENT_3D ( 'NONE', #752, #1477, #1132 ) ;
#5026 = PLANE ( 'NONE',  #2788 ) ;
#5027 = ADVANCED_FACE ( 'NONE', ( #3642 ), #3318, .F. ) ;
#5028 = CARTESIAN_POINT ( 'NONE',  ( 1.140706806282716590, -0.05478315537781906774, -0.1102362204724409434 ) ) ;
#5029 = VECTOR ( 'NONE', #322, 39.37007874015748143 ) ;
#5030 = ORIENTED_EDGE ( 'NONE', *, *, #2740, .T. ) ;
#5031 = ORIENTED_EDGE ( 'NONE', *, *, #3883, .F. ) ;
#5032 = DIRECTION ( 'NONE',  ( 0.000000000000000000, 0.000000000000000000, 1.000000000000000000 ) ) ;
#5033 = ORIENTED_EDGE ( 'NONE', *, *, #4165, .T. ) ;
#5034 = VECTOR ( 'NONE', #5196, 39.37007874015748143 ) ;
#5035 = EDGE_LOOP ( 'NONE', ( #279, #2570, #5033, #3851 ) ) ;
#5036 = CARTESIAN_POINT ( 'NONE',  ( 1.438064883179677178, -0.2092853712438586533, 0.1259842519685039353 ) ) ;
#5037 = ORIENTED_EDGE ( 'NONE', *, *, #823, .T. ) ;
#5038 = VECTOR ( 'NONE', #2786, 39.37007874015748143 ) ;
#5039 = DIRECTION ( 'NONE',  ( 0.000000000000000000, 0.000000000000000000, -1.000000000000000000 ) ) ;
#5040 = ORIENTED_EDGE ( 'NONE', *, *, #2709, .T. ) ;
#5041 = EDGE_CURVE ( 'NONE', #5139, #241, #4465, .T. ) ;
#5042 = PLANE ( 'NONE',  #562 ) ;
#5043 = AXIS2_PLACEMENT_3D ( 'NONE', #3753, #4987, #2222 ) ;
#5044 = CARTESIAN_POINT ( 'NONE',  ( 1.235306529249574847, -0.01541307663768504144, -0.1102362204724409434 ) ) ;
#5045 = VERTEX_POINT ( 'NONE', #373 ) ;
#5046 = CARTESIAN_POINT ( 'NONE',  ( 1.489132003133110338, -0.05478315537781906774, -0.1102362204724409434 ) ) ;
#5047 = ADVANCED_FACE ( 'NONE', ( #4859 ), #3723, .F. ) ;
#5048 = DIRECTION ( 'NONE',  ( 0.000000000000000000, 0.000000000000000000, -1.000000000000000000 ) ) ;
#5049 = DIMENSIONAL_EXPONENTS ( 1.000000000000000000, 0.000000000000000000, 0.000000000000000000, 0.000000000000000000, 0.000000000000000000, 0.000000000000000000, 0.000000000000000000 ) ;
#5050 = CARTESIAN_POINT ( 'NONE',  ( 1.489132003133110338, -0.01541307663766153767, 0.1102362204724409434 ) ) ;
#5051 = ORIENTED_EDGE ( 'NONE', *, *, #3134, .F. ) ;
#5052 = DIRECTION ( 'NONE',  ( 0.000000000000000000, 0.000000000000000000, -1.000000000000000000 ) ) ;
#5053 = ADVANCED_FACE ( 'NONE', ( #2003 ), #1573, .F. ) ;
#5054 = LINE ( 'NONE', #5080, #3292 ) ;
#5055 = PLANE ( 'NONE',  #2666 ) ;
#5056 = EDGE_LOOP ( 'NONE', ( #2192, #4940, #2606, #4211 ) ) ;
#5057 = VERTEX_POINT ( 'NONE', #2031 ) ;
#5058 = CARTESIAN_POINT ( 'NONE',  ( 1.164328853526799490, 0.03970503359853590208, 0.1259842519685039353 ) ) ;
#5059 = ORIENTED_EDGE ( 'NONE', *, *, #4416, .F. ) ;
#5060 = EDGE_CURVE ( 'NONE', #4137, #3337, #777, .T. ) ;
#5061 = ORIENTED_EDGE ( 'NONE', *, *, #311, .F. ) ;
#5062 = PLANE ( 'NONE',  #4365 ) ;
#5063 = ORIENTED_EDGE ( 'NONE', *, *, #1596, .T. ) ;
#5064 = DIRECTION ( 'NONE',  ( 0.000000000000000000, 0.000000000000000000, 1.000000000000000000 ) ) ;
#5065 = CARTESIAN_POINT ( 'NONE',  ( 1.294361647359807188, -0.05084614750382669690, -0.1259842519685039353 ) ) ;
#5066 = ORIENTED_EDGE ( 'NONE', *, *, #2138, .T. ) ;
#5067 = CARTESIAN_POINT ( 'NONE',  ( 1.589525703920500188, 0.1223821989528586507, 0.06692913385826770867 ) ) ;
#5068 = FACE_OUTER_BOUND ( 'NONE', #472, .T. ) ;
#5069 = EDGE_CURVE ( 'NONE', #2777, #3228, #4062, .T. ) ;
#5070 = ORIENTED_EDGE ( 'NONE', *, *, #263, .T. ) ;
#5071 = DIRECTION ( 'NONE',  ( 4.869399230812180366E-15, 1.000000000000000000, 0.000000000000000000 ) ) ;
#5072 = AXIS2_PLACEMENT_3D ( 'NONE', #4753, #4383, #5118 ) ;
#5073 = CARTESIAN_POINT ( 'NONE',  ( 1.292281609432311296, 0.3310436162757008360, -0.05905511811023622659 ) ) ;
#5074 = EDGE_CURVE ( 'NONE', #3690, #2391, #2432, .T. ) ;
#5075 = EDGE_CURVE ( 'NONE', #2178, #2426, #56, .T. ) ;
#5076 = CARTESIAN_POINT ( 'NONE',  ( 1.371021766912626116, 0.3310436162757008360, -0.05905511811023622659 ) ) ;
#5077 = EDGE_LOOP ( 'NONE', ( #645, #3466, #1837, #3604 ) ) ;
#5078 = FACE_OUTER_BOUND ( 'NONE', #1304, .T. ) ;
#5079 = VECTOR ( 'NONE', #5228, 39.37007874015748143 ) ;
#5080 = CARTESIAN_POINT ( 'NONE',  ( 1.231369521375566878, -0.05478315537781906774, 0.04133858267716536417 ) ) ;
#5081 = VECTOR ( 'NONE', #3042, 39.37007874015748143 ) ;
#5082 = CARTESIAN_POINT ( 'NONE',  ( 1.140706806282716590, -0.05478315537781906774, -0.1102362204724409434 ) ) ;
#5083 = ORIENTED_EDGE ( 'NONE', *, *, #5074, .F. ) ;
#5084 = CARTESIAN_POINT ( 'NONE',  ( 1.699761924392952706, -0.05478315537781906774, -0.1102362204724409434 ) ) ;
#5085 = ORIENTED_EDGE ( 'NONE', *, *, #981, .F. ) ;
#5086 = PLANE ( 'NONE',  #992 ) ;
#5087 = VECTOR ( 'NONE', #1713, 39.37007874015748143 ) ;
#5088 = VERTEX_POINT ( 'NONE', #2841 ) ;
#5089 = LINE ( 'NONE', #2298, #351 ) ;
#5090 = EDGE_CURVE ( 'NONE', #231, #1514, #2089, .T. ) ;
#5091 = AXIS2_PLACEMENT_3D ( 'NONE', #4483, #1592, #797 ) ;
#5092 = ORIENTED_EDGE ( 'NONE', *, *, #2005, .T. ) ;
#5093 = DIRECTION ( 'NONE',  ( 0.000000000000000000, 0.000000000000000000, 1.000000000000000000 ) ) ;
#5094 = EDGE_LOOP ( 'NONE', ( #4881, #130, #4255, #262, #4721 ) ) ;
#5095 = AXIS2_PLACEMENT_3D ( 'NONE', #3794, #1614, #1218 ) ;
#5096 = CARTESIAN_POINT ( 'NONE',  ( 1.231369521375566878, -0.05478315537781906774, 0.1259842519685039353 ) ) ;
#5097 = LINE ( 'NONE', #3911, #1117 ) ;
#5098 = EDGE_CURVE ( 'NONE', #3666, #1275, #1601, .T. ) ;
#5099 = DIRECTION ( 'NONE',  ( 0.000000000000000000, 0.000000000000000000, -1.000000000000000000 ) ) ;
#5100 = CARTESIAN_POINT ( 'NONE',  ( 1.294361647359807188, -0.05084614750382669690, -0.1259842519685039353 ) ) ;
#5101 = LINE ( 'NONE', #4766, #4360 ) ;
#5102 = LINE ( 'NONE', #2953, #3742 ) ;
#5103 = EDGE_LOOP ( 'NONE', ( #2437, #5134, #732, #4518 ) ) ;
#5104 = CARTESIAN_POINT ( 'NONE',  ( 1.390706806282705266, 0.1341932225749137841, 0.1259842519685039353 ) ) ;
#5105 = EDGE_CURVE ( 'NONE', #5275, #3980, #4, .T. ) ;
#5106 = PLANE ( 'NONE',  #2191 ) ;
#5107 = VECTOR ( 'NONE', #5071, 39.37007874015748143 ) ;
#5108 = LINE ( 'NONE', #600, #4867 ) ;
#5109 = VERTEX_POINT ( 'NONE', #2865 ) ;
#5110 = AXIS2_PLACEMENT_3D ( 'NONE', #810, #5048, #5019 ) ;
#5111 = CARTESIAN_POINT ( 'NONE',  ( 1.491212041060598459, -0.01541307663768504144, 0.1102362204724409434 ) ) ;
#5112 = ORIENTED_EDGE ( 'NONE', *, *, #4699, .F. ) ;
#5113 = EDGE_CURVE ( 'NONE', #990, #4048, #1150, .T. ) ;
#5114 = EDGE_LOOP ( 'NONE', ( #3628, #3537, #4219, #5240 ) ) ;
#5115 = COLOUR_RGB ( '',0.7921568627450980005, 0.8196078431372548767, 0.9333333333333333481 ) ;
#5116 = LINE ( 'NONE', #2246, #1545 ) ;
#5117 = ORIENTED_EDGE ( 'NONE', *, *, #248, .T. ) ;
#5118 = DIRECTION ( 'NONE',  ( 1.000000000000000000, 0.000000000000000000, 0.000000000000000000 ) ) ;
#5119 = PLANE ( 'NONE',  #4759 ) ;
#5120 = ORIENTED_EDGE ( 'NONE', *, *, #3955, .T. ) ;
#5121 = DIRECTION ( 'NONE',  ( 0.000000000000000000, -1.000000000000000000, 0.000000000000000000 ) ) ;
#5122 = AXIS2_PLACEMENT_3D ( 'NONE', #4263, #1888, #1915 ) ;
#5123 = ADVANCED_FACE ( 'NONE', ( #4911 ), #4414, .F. ) ;
#5124 = CARTESIAN_POINT ( 'NONE',  ( 1.625070308777141870, -0.05478315537781142802, -0.04133858267716536417 ) ) ;
#5125 = CARTESIAN_POINT ( 'NONE',  ( 1.390706806282705266, 0.3113585769056220753, 0.05905511811023622659 ) ) ;
#5126 = VECTOR ( 'NONE', #877, 39.37007874015748143 ) ;
#5127 = ORIENTED_EDGE ( 'NONE', *, *, #4337, .F. ) ;
#5128 = PLANE ( 'NONE',  #1709 ) ;
#5129 = EDGE_CURVE ( 'NONE', #2533, #4240, #2894, .T. ) ;
#5130 = AXIS2_PLACEMENT_3D ( 'NONE', #1697, #2653, #4158 ) ;
#5131 = DIRECTION ( 'NONE',  ( -1.000000000000000000, 0.000000000000000000, 0.000000000000000000 ) ) ;
#5132 = CARTESIAN_POINT ( 'NONE',  ( 1.069840664550421261, -0.1020272498660312888, -0.1102362204724409434 ) ) ;
#5133 = CARTESIAN_POINT ( 'NONE',  ( 1.550155625180354546, -0.05478315537781906774, 0.1102362204724409434 ) ) ;
#5134 = ORIENTED_EDGE ( 'NONE', *, *, #65, .T. ) ;
#5135 = CARTESIAN_POINT ( 'NONE',  ( 1.193856412581917326, 0.1223821989528663390, -0.06692913385826770867 ) ) ;
#5136 = DIRECTION ( 'NONE',  ( 0.000000000000000000, 0.000000000000000000, -1.000000000000000000 ) ) ;
#5137 = CARTESIAN_POINT ( 'NONE',  ( 1.361179247227586764, 0.03970503359852826930, -0.1259842519685039353 ) ) ;
#5138 = ORIENTED_EDGE ( 'NONE', *, *, #704, .F. ) ;
#5139 = VERTEX_POINT ( 'NONE', #4837 ) ;
#5140 = ADVANCED_FACE ( 'NONE', ( #4123 ), #858, .T. ) ;
#5141 = CARTESIAN_POINT ( 'NONE',  ( 1.361179247227586764, 0.03970503359852826930, 0.1102362204724409434 ) ) ;
#5142 = EDGE_LOOP ( 'NONE', ( #552, #2299, #4989, #2825 ) ) ;
#5143 = ORIENTED_EDGE ( 'NONE', *, *, #862, .F. ) ;
#5144 = CARTESIAN_POINT ( 'NONE',  ( 1.164328853526799490, 0.03970503359853590208, -0.1102362204724409434 ) ) ;
#5145 = ORIENTED_EDGE ( 'NONE', *, *, #3838, .F. ) ;
#5146 = DIRECTION ( 'NONE',  ( 0.000000000000000000, 1.000000000000000000, 0.000000000000000000 ) ) ;
#5147 = EDGE_CURVE ( 'NONE', #3928, #1906, #2927, .T. ) ;
#5148 = DIRECTION ( 'NONE',  ( -1.000000000000000000, 0.000000000000000000, 0.000000000000000000 ) ) ;
#5149 = ORIENTED_EDGE ( 'NONE', *, *, #4853, .F. ) ;
#5150 = PLANE ( 'NONE',  #2710 ) ;
#5151 = CARTESIAN_POINT ( 'NONE',  ( 1.715509955889016336, -0.05478315537781906774, 0.1102362204724409434 ) ) ;
#5152 = DIRECTION ( 'NONE',  ( 0.7071067811864886199, -0.7071067811866065256, 0.000000000000000000 ) ) ;
#5153 = ORIENTED_EDGE ( 'NONE', *, *, #2789, .F. ) ;
#5154 = EDGE_CURVE ( 'NONE', #2401, #2204, #1176, .T. ) ;
#5155 = ORIENTED_EDGE ( 'NONE', *, *, #2557, .T. ) ;
#5156 = LINE ( 'NONE', #4393, #3417 ) ;
#5157 = EDGE_CURVE ( 'NONE', #2643, #390, #4622, .T. ) ;
#5158 = CARTESIAN_POINT ( 'NONE',  ( 1.510897080430677164, -0.05084614750383433662, -0.1102362204724409434 ) ) ;
#5159 = ORIENTED_EDGE ( 'NONE', *, *, #1826, .T. ) ;
#5160 = LINE ( 'NONE', #3545, #666 ) ;
#5161 = VECTOR ( 'NONE', #1179, 39.37007874015748143 ) ;
#5162 = DIRECTION ( 'NONE',  ( 0.000000000000000000, -1.000000000000000000, -3.644377050371479832E-17 ) ) ;
#5163 = DIRECTION ( 'NONE',  ( 0.000000000000000000, 0.000000000000000000, -1.000000000000000000 ) ) ;
#5164 = AXIS2_PLACEMENT_3D ( 'NONE', #193, #4225, #1823 ) ;
#5165 = ORIENTED_EDGE ( 'NONE', *, *, #4233, .T. ) ;
#5166 = ORIENTED_EDGE ( 'NONE', *, *, #2065, .T. ) ;
#5167 = CARTESIAN_POINT ( 'NONE',  ( 1.164328853526799490, 0.03970503359853590208, -0.1259842519685039353 ) ) ;
#5168 = VERTEX_POINT ( 'NONE', #131 ) ;
#5169 = CIRCLE ( 'NONE', #3648, 0.009845000097158516927 ) ;
#5170 = DIRECTION ( 'NONE',  ( 1.000000000000000000, 0.000000000000000000, 0.000000000000000000 ) ) ;
#5171 = ORIENTED_EDGE ( 'NONE', *, *, #4257, .F. ) ;
#5172 = DIRECTION ( 'NONE',  ( 0.000000000000000000, 1.000000000000000000, 0.000000000000000000 ) ) ;
#5173 = FILL_AREA_STYLE_COLOUR ( '', #4591 ) ;
#5174 = VERTEX_POINT ( 'NONE', #884 ) ;
#5175 = AXIS2_PLACEMENT_3D ( 'NONE', #2196, #1740, #4967 ) ;
#5176 = CARTESIAN_POINT ( 'NONE',  ( 1.699761924392941159, -0.08627921836996831073, 0.1259842519685039353 ) ) ;
#5177 = ADVANCED_FACE ( 'NONE', ( #2568 ), #1764, .F. ) ;
#5178 = VECTOR ( 'NONE', #5193, 39.37007874015748143 ) ;
#5179 = DIRECTION ( 'NONE',  ( 0.000000000000000000, 1.000000000000000000, 0.000000000000000000 ) ) ;
#5180 = ORIENTED_EDGE ( 'NONE', *, *, #2520, .F. ) ;
#5181 = EDGE_LOOP ( 'NONE', ( #4058, #4598, #4629, #2519, #2860, #806, #2707, #3065, #2477, #234 ) ) ;
#5182 = AXIS2_PLACEMENT_3D ( 'NONE', #2607, #202, #2664 ) ;
#5183 = DIRECTION ( 'NONE',  ( 0.000000000000000000, 1.000000000000000000, 0.000000000000000000 ) ) ;
#5184 = LINE ( 'NONE', #1103, #344 ) ;
#5185 = CARTESIAN_POINT ( 'NONE',  ( 1.235194995259094597, -0.05478315537781906774, 0.1417322834645669549 ) ) ;
#5186 = DIRECTION ( 'NONE',  ( 0.000000000000000000, 0.000000000000000000, -1.000000000000000000 ) ) ;
#5187 = CARTESIAN_POINT ( 'NONE',  ( 1.274676607989728261, -0.05084614750382669690, 0.1259842519685039353 ) ) ;
#5188 = EDGE_CURVE ( 'NONE', #1567, #4761, #1815, .T. ) ;
#5189 = LINE ( 'NONE', #1530, #3815 ) ;
#5190 = DIRECTION ( 'NONE',  ( -1.000000000000000000, 0.000000000000000000, 0.000000000000000000 ) ) ;
#5191 = ORIENTED_EDGE ( 'NONE', *, *, #1181, .T. ) ;
#5192 = ORIENTED_EDGE ( 'NONE', *, *, #5060, .F. ) ;
#5193 = DIRECTION ( 'NONE',  ( 1.000000000000000000, 0.000000000000000000, 0.000000000000000000 ) ) ;
#5194 = VERTEX_POINT ( 'NONE', #4937 ) ;
#5195 = EDGE_CURVE ( 'NONE', #2777, #103, #189, .T. ) ;
#5196 = DIRECTION ( 'NONE',  ( 1.000000000000000000, 0.000000000000000000, 0.000000000000000000 ) ) ;
#5197 = VECTOR ( 'NONE', #411, 39.37007874015748143 ) ;
#5198 = VERTEX_POINT ( 'NONE', #2945 ) ;
#5199 = CARTESIAN_POINT ( 'NONE',  ( 1.526645111926748122, -0.05478315537781906774, 0.05708661417322834220 ) ) ;
#5200 = DIRECTION ( 'NONE',  ( -1.000000000000000000, 4.869399230812180366E-15, 0.000000000000000000 ) ) ;
#5201 = EDGE_LOOP ( 'NONE', ( #1763, #2617, #1258, #2914 ) ) ;
#5202 = DIRECTION ( 'NONE',  ( 1.000000000000000000, -1.541976423090450077E-15, 0.000000000000000000 ) ) ;
#5203 = PLANE ( 'NONE',  #1082 ) ;
#5204 = VECTOR ( 'NONE', #939, 39.37007874015748143 ) ;
#5205 = DIRECTION ( 'NONE',  ( 0.000000000000000000, 0.000000000000000000, 1.000000000000000000 ) ) ;
#5206 = LINE ( 'NONE', #694, #10 ) ;
#5207 = ORIENTED_EDGE ( 'NONE', *, *, #369, .T. ) ;
#5208 = EDGE_CURVE ( 'NONE', #2110, #2366, #909, .T. ) ;
#5209 = CIRCLE ( 'NONE', #2747, 0.01574803149606299885 ) ;
#5210 = DIRECTION ( 'NONE',  ( 0.000000000000000000, -1.000000000000000000, 0.000000000000000000 ) ) ;
#5211 = EDGE_CURVE ( 'NONE', #4369, #1330, #4174, .T. ) ;
#5212 = VECTOR ( 'NONE', #2278, 39.37007874015748143 ) ;
#5213 = CARTESIAN_POINT ( 'NONE',  ( 1.337557199983492318, 0.03970503359852826930, 0.1259842519685039353 ) ) ;
#5214 = FACE_BOUND ( 'NONE', #1299, .T. ) ;
#5215 = LINE ( 'NONE', #706, #1206 ) ;
#5216 = ORIENTED_EDGE ( 'NONE', *, *, #2453, .T. ) ;
#5217 = EDGE_LOOP ( 'NONE', ( #393, #1461, #4851, #880, #768 ) ) ;
#5218 = ADVANCED_FACE ( 'NONE', ( #2142 ), #4596, .F. ) ;
#5219 = CARTESIAN_POINT ( 'NONE',  ( 1.140706806282704822, 0.1066341674568033471, 0.1102362204724409434 ) ) ;
#5220 = ORIENTED_EDGE ( 'NONE', *, *, #1822, .T. ) ;
#5221 = DIRECTION ( 'NONE',  ( 0.000000000000000000, 0.000000000000000000, -1.000000000000000000 ) ) ;
#5222 = VERTEX_POINT ( 'NONE', #535 ) ;
#5223 = DIRECTION ( 'NONE',  ( 1.000000000000000000, 0.000000000000000000, 2.853163611803959394E-17 ) ) ;
#5224 = EDGE_CURVE ( 'NONE', #1784, #4813, #555, .T. ) ;
#5225 = CARTESIAN_POINT ( 'NONE',  ( 1.235306529249574847, -0.01541307663768504144, 0.1259842519685039353 ) ) ;
#5226 = ORIENTED_EDGE ( 'NONE', *, *, #580, .T. ) ;
#5227 = DIRECTION ( 'NONE',  ( 0.000000000000000000, 0.000000000000000000, 1.000000000000000000 ) ) ;
#5228 = DIRECTION ( 'NONE',  ( 1.000000000000000000, 0.000000000000000000, 0.000000000000000000 ) ) ;
#5229 = CARTESIAN_POINT ( 'NONE',  ( 1.251059457582212708, -0.2093104702001736261, 0.1259842519685039353 ) ) ;
#5230 = DIRECTION ( 'NONE',  ( 0.000000000000000000, 0.000000000000000000, 1.000000000000000000 ) ) ;
#5231 = ORIENTED_EDGE ( 'NONE', *, *, #2999, .F. ) ;
#5232 = CARTESIAN_POINT ( 'NONE',  ( 1.193856412581917326, 0.1223821989528663390, 0.06692913385826770867 ) ) ;
#5233 = EDGE_CURVE ( 'NONE', #984, #2426, #1383, .T. ) ;
#5234 = DIRECTION ( 'NONE',  ( -6.938893903907220805E-14, 0.000000000000000000, 1.000000000000000000 ) ) ;
#5235 = PRODUCT_DEFINITION_CONTEXT ( 'detailed design', #4599, 'design' ) ;
#5236 = DIRECTION ( 'NONE',  ( 0.000000000000000000, 0.000000000000000000, -1.000000000000000000 ) ) ;
#5237 = DIRECTION ( 'NONE',  ( 0.000000000000000000, 1.000000000000000000, 3.644377050371479832E-17 ) ) ;
#5238 = ADVANCED_FACE ( 'NONE', ( #3780 ), #584, .F. ) ;
#5239 = DIRECTION ( 'NONE',  ( 0.000000000000000000, 0.000000000000000000, -1.000000000000000000 ) ) ;
#5240 = ORIENTED_EDGE ( 'NONE', *, *, #4298, .T. ) ;
#5241 = ORIENTED_EDGE ( 'NONE', *, *, #1399, .T. ) ;
#5242 = DIRECTION ( 'NONE',  ( 0.000000000000000000, 0.000000000000000000, -1.000000000000000000 ) ) ;
#5243 = ORIENTED_EDGE ( 'NONE', *, *, #1177, .T. ) ;
#5244 = AXIS2_PLACEMENT_3D ( 'NONE', #3795, #123, #3380 ) ;
#5245 = CARTESIAN_POINT ( 'NONE',  ( 1.138849836336185195, -0.01541307663768504144, 0.1102362204724409434 ) ) ;
#5246 = ORIENTED_EDGE ( 'NONE', *, *, #3443, .F. ) ;
#5247 = ORIENTED_EDGE ( 'NONE', *, *, #4903, .T. ) ;
#5248 = LINE ( 'NONE', #1998, #573 ) ;
#5249 = VERTEX_POINT ( 'NONE', #4200 ) ;
#5250 = CARTESIAN_POINT ( 'NONE',  ( 1.526645111926748122, -0.05478315537781906774, -0.05708661417322834220 ) ) ;
#5251 = AXIS2_PLACEMENT_3D ( 'NONE', #4787, #1952, #5205 ) ;
#5252 = PLANE ( 'NONE',  #647 ) ;
#5253 = EDGE_CURVE ( 'NONE', #4427, #4761, #4222, .T. ) ;
#5254 = FACE_BOUND ( 'NONE', #5103, .T. ) ;
#5255 = VECTOR ( 'NONE', #4036, 39.37007874015748143 ) ;
#5256 = DIRECTION ( 'NONE',  ( 0.000000000000000000, 0.000000000000000000, -1.000000000000000000 ) ) ;
#5257 = ORIENTED_EDGE ( 'NONE', *, *, #1011, .F. ) ;
#5258 = VECTOR ( 'NONE', #934, 39.37007874015748143 ) ;
#5259 = ADVANCED_FACE ( 'NONE', ( #3368 ), #1739, .T. ) ;
#5260 = DIRECTION ( 'NONE',  ( 0.000000000000000000, 0.000000000000000000, 1.000000000000000000 ) ) ;
#5261 = VECTOR ( 'NONE', #2642, 39.37007874015748143 ) ;
#5262 = DIRECTION ( 'NONE',  ( 0.7071067811865670016, 0.7071067811865280328, 0.000000000000000000 ) ) ;
#5263 = FACE_BOUND ( 'NONE', #1195, .T. ) ;
#5264 = VECTOR ( 'NONE', #302, 39.37007874015748143 ) ;
#5265 = CARTESIAN_POINT ( 'NONE',  ( 1.069840664550433251, -0.05478315537781906774, 0.05708661417322834220 ) ) ;
#5266 = CARTESIAN_POINT ( 'NONE',  ( 1.311966648802390001, 0.3113585769056220753, 0.1259842519685039353 ) ) ;
#5267 = VERTEX_POINT ( 'NONE', #160 ) ;
#5268 = DIRECTION ( 'NONE',  ( -1.000000000000000000, 0.000000000000000000, 0.000000000000000000 ) ) ;
#5269 = ORIENTED_EDGE ( 'NONE', *, *, #1802, .F. ) ;
#5270 = DIRECTION ( 'NONE',  ( 0.000000000000000000, 1.000000000000000000, -9.680376540049299926E-18 ) ) ;
#5271 = VERTEX_POINT ( 'NONE', #84 ) ;
#5272 = ADVANCED_FACE ( 'NONE', ( #5012 ), #1356, .T. ) ;
#5273 = LINE ( 'NONE', #4480, #866 ) ;
#5274 = ORIENTED_EDGE ( 'NONE', *, *, #2673, .F. ) ;
#5275 = VERTEX_POINT ( 'NONE', #3420 ) ;
#5276 = CARTESIAN_POINT ( 'NONE',  ( 1.235194995259094597, -0.2092853712438586533, 0.1259842519685039353 ) ) ;
#5277 = ORIENTED_EDGE ( 'NONE', *, *, #2345, .T. ) ;
#5278 = CARTESIAN_POINT ( 'NONE',  ( 1.536487631611791249, -0.2102457538030161610, 0.1259842519685039353 ) ) ;
ENDSEC;
END-ISO-10303-21;
